session_id,item_id,label
226,27768,1
226,16224,0
226,20051,0
226,8987,0
226,6537,0
802,27679,1
802,4405,0
802,23159,0
802,6869,0
802,16529,0
2242,18156,1
2242,13933,0
2242,6081,0
2242,26719,0
2242,12176,0
3176,22231,1
3176,5373,0
3176,2150,0
3176,27288,0
3176,25329,0
4604,4167,1
4604,22838,0
4604,2454,0
4604,19444,0
4604,10293,0
5426,9046,1
5426,23353,0
5426,15928,0
5426,27868,0
5426,2380,0
6880,25127,1
6880,6861,0
6880,1481,0
6880,25490,0
6880,2408,0
7860,4590,1
7860,23787,0
7860,4343,0
7860,8676,0
7860,12983,0
8917,8936,1
8917,3114,0
8917,20719,0
8917,14487,0
8917,1791,0
9089,13023,1
9089,25832,0
9089,12845,0
9089,5082,0
9089,16529,0
10089,19764,1
10089,21716,0
10089,27732,0
10089,24888,0
10089,17832,0
12151,5870,1
12151,4281,0
12151,6889,0
12151,12845,0
12151,3869,0
14149,21951,1
14149,23015,0
14149,6301,0
14149,1191,0
14149,12337,0
17810,13481,1
17810,21641,0
17810,23116,0
17810,24820,0
17810,19565,0
18040,21783,1
18040,24128,0
18040,13752,0
18040,22719,0
18040,25523,0
19673,23957,1
19673,19604,0
19673,23028,0
19673,15035,0
19673,25975,0
19961,14584,1
19961,7138,0
19961,25314,0
19961,20289,0
19961,4104,0
21705,4028,1
21705,8469,0
21705,2217,0
21705,25401,0
21705,15070,0
21877,11743,1
21877,21148,0
21877,8695,0
21877,23389,0
21877,26967,0
22726,11742,1
22726,2805,0
22726,2953,0
22726,15140,0
22726,22833,0
23122,19912,1
23122,14549,0
23122,8622,0
23122,5972,0
23122,5367,0
23228,1272,1
23228,9871,0
23228,2465,0
23228,15229,0
23228,4179,0
26161,4867,1
26161,5370,0
26161,10230,0
26161,23952,0
26161,5491,0
27171,18156,1
27171,5619,0
27171,19805,0
27171,24887,0
27171,26400,0
27204,10909,1
27204,1643,0
27204,3055,0
27204,3514,0
27204,152,0
27448,8622,1
27448,826,0
27448,16205,0
27448,11352,0
27448,23419,0
29474,21781,1
29474,19275,0
29474,13340,0
29474,3232,0
29474,14961,0
29534,5932,1
29534,8622,0
29534,13850,0
29534,22302,0
29534,1358,0
30215,27613,1
30215,6817,0
30215,26291,0
30215,5036,0
30215,5655,0
33809,20812,1
33809,13542,0
33809,10006,0
33809,22206,0
33809,21353,0
34504,8368,1
34504,15661,0
34504,20160,0
34504,22947,0
34504,24042,0
37036,16230,1
37036,3183,0
37036,25971,0
37036,10943,0
37036,23981,0
38535,15140,1
38535,22460,0
38535,22704,0
38535,11357,0
38535,27321,0
39679,13963,1
39679,2780,0
39679,5528,0
39679,19084,0
39679,5403,0
40121,18626,1
40121,74,0
40121,1322,0
40121,25755,0
40121,10680,0
41591,18626,1
41591,3320,0
41591,27622,0
41591,14907,0
41591,1600,0
41961,17949,1
41961,5061,0
41961,20824,0
41961,3531,0
41961,22542,0
42910,11804,1
42910,18816,0
42910,26279,0
42910,9609,0
42910,15303,0
43431,9046,1
43431,9077,0
43431,10991,0
43431,26188,0
43431,7670,0
45062,18626,1
45062,5639,0
45062,10826,0
45062,18719,0
45062,8684,0
46840,17599,1
46840,17729,0
46840,10052,0
46840,5406,0
46840,21401,0
48047,13023,1
48047,22559,0
48047,26938,0
48047,23977,0
48047,8926,0
48444,10997,1
48444,6285,0
48444,1234,0
48444,22532,0
48444,6392,0
49096,1704,1
49096,26904,0
49096,13247,0
49096,12845,0
49096,21231,0
49622,26507,1
49622,6721,0
49622,14428,0
49622,13994,0
49622,17608,0
50237,2814,1
50237,23666,0
50237,26871,0
50237,7963,0
50237,26291,0
50706,8751,1
50706,18994,0
50706,23111,0
50706,17653,0
50706,5412,0
50873,13994,1
50873,15713,0
50873,6267,0
50873,11603,0
50873,14099,0
51645,13081,1
51645,6500,0
51645,3388,0
51645,16560,0
51645,27264,0
51776,3392,1
51776,22285,0
51776,17969,0
51776,10395,0
51776,14404,0
51920,7640,1
51920,6817,0
51920,27695,0
51920,8060,0
51920,12176,0
53444,15241,1
53444,14718,0
53444,15036,0
53444,26805,0
53444,12612,0
53900,22886,1
53900,4561,0
53900,6781,0
53900,14827,0
53900,22902,0
53937,26853,1
53937,25589,0
53937,8060,0
53937,15962,0
53937,14119,0
55333,17184,1
55333,23835,0
55333,25547,0
55333,25027,0
55333,9197,0
55469,9600,1
55469,20485,0
55469,24671,0
55469,9062,0
55469,24098,0
56754,18626,1
56754,19800,0
56754,16240,0
56754,19241,0
56754,74,0
58502,2011,1
58502,7321,0
58502,11655,0
58502,13835,0
58502,12408,0
59273,8622,1
59273,18981,0
59273,27695,0
59273,26853,0
59273,25855,0
59540,23088,1
59540,14346,0
59540,11776,0
59540,16821,0
59540,10587,0
59564,18156,1
59564,14180,0
59564,11923,0
59564,15294,0
59564,7299,0
59981,14830,1
59981,27796,0
59981,14698,0
59981,19706,0
59981,9113,0
60286,18741,1
60286,17846,0
60286,15208,0
60286,17621,0
60286,24787,0
60623,18175,1
60623,23280,0
60623,6870,0
60623,26954,0
60623,1774,0
61199,5203,1
61199,9887,0
61199,27844,0
61199,20071,0
61199,25197,0
61736,167,1
61736,19895,0
61736,3432,0
61736,26300,0
61736,18152,0
62771,5649,1
62771,4818,0
62771,15587,0
62771,9178,0
62771,2446,0
63043,8060,1
63043,19470,0
63043,23431,0
63043,9510,0
63043,9842,0
63855,8060,1
63855,208,0
63855,5672,0
63855,23301,0
63855,26958,0
64436,26130,1
64436,6187,0
64436,15978,0
64436,6722,0
64436,7834,0
64716,7489,1
64716,263,0
64716,11958,0
64716,3481,0
64716,4900,0
65369,27613,1
65369,26871,0
65369,10641,0
65369,992,0
65369,26172,0
66315,8060,1
66315,14198,0
66315,7968,0
66315,26958,0
66315,7177,0
67104,18626,1
67104,6164,0
67104,7377,0
67104,16016,0
67104,13578,0
67421,12958,1
67421,22909,0
67421,21131,0
67421,9410,0
67421,14829,0
70286,4064,1
70286,17593,0
70286,14210,0
70286,2445,0
70286,3450,0
74144,10084,1
74144,25025,0
74144,24543,0
74144,4163,0
74144,7759,0
75094,15500,1
75094,26278,0
75094,10440,0
75094,6135,0
75094,11063,0
77111,17089,1
77111,765,0
77111,25589,0
77111,20120,0
77111,2447,0
78272,16821,1
78272,24411,0
78272,19185,0
78272,14052,0
78272,26141,0
78382,11710,1
78382,13955,0
78382,23600,0
78382,9406,0
78382,1712,0
78956,2447,1
78956,4836,0
78956,14005,0
78956,26538,0
78956,23289,0
79797,21695,1
79797,24906,0
79797,20695,0
79797,4583,0
79797,4784,0
80226,123,1
80226,15761,0
80226,25963,0
80226,23698,0
80226,19328,0
80780,1787,1
80780,20481,0
80780,22111,0
80780,17991,0
80780,22753,0
82096,2447,1
82096,14891,0
82096,20309,0
82096,992,0
82096,11742,0
82519,9184,1
82519,16538,0
82519,26958,0
82519,7011,0
82519,20309,0
84301,27225,1
84301,3644,0
84301,19912,0
84301,25007,0
84301,26853,0
84703,15403,1
84703,20875,0
84703,12613,0
84703,6848,0
84703,20465,0
85489,15540,1
85489,15713,0
85489,9046,0
85489,23840,0
85489,1585,0
85905,27225,1
85905,16476,0
85905,1085,0
85905,20457,0
85905,9442,0
86038,185,1
86038,15908,0
86038,15737,0
86038,17184,0
86038,10926,0
86049,18156,1
86049,18240,0
86049,13996,0
86049,5367,0
86049,5310,0
86579,2944,1
86579,26634,0
86579,24438,0
86579,10514,0
86579,20211,0
86643,10343,1
86643,18514,0
86643,23977,0
86643,14635,0
86643,4649,0
87585,9605,1
87585,6267,0
87585,20526,0
87585,19438,0
87585,23333,0
88475,10017,1
88475,9454,0
88475,6398,0
88475,17881,0
88475,10043,0
88682,4028,1
88682,12615,0
88682,4846,0
88682,10324,0
88682,13546,0
88794,22206,1
88794,8046,0
88794,10553,0
88794,20465,0
88794,16278,0
89369,8622,1
89369,27199,0
89369,26853,0
89369,3644,0
89369,26884,0
89635,20251,1
89635,23895,0
89635,11206,0
89635,713,0
89635,20727,0
90221,19837,1
90221,20302,0
90221,9822,0
90221,18235,0
90221,357,0
91699,5367,1
91699,765,0
91699,14675,0
91699,25107,0
91699,8721,0
91947,20346,1
91947,25275,0
91947,13537,0
91947,2709,0
91947,17768,0
92883,20879,1
92883,285,0
92883,1234,0
92883,8809,0
92883,18592,0
94517,15742,1
94517,13099,0
94517,20639,0
94517,27165,0
94517,8869,0
94683,6856,1
94683,10366,0
94683,25420,0
94683,2770,0
94683,18483,0
95672,13279,1
95672,6267,0
95672,11247,0
95672,18,0
95672,5737,0
96574,21138,1
96574,14830,0
96574,9440,0
96574,27013,0
96574,11614,0
96735,27843,1
96735,24293,0
96735,10519,0
96735,2261,0
96735,9113,0
97009,18156,1
97009,7640,0
97009,22797,0
97009,3709,0
97009,25007,0
97048,27613,1
97048,5655,0
97048,8154,0
97048,15345,0
97048,21706,0
98551,4028,1
98551,5310,0
98551,461,0
98551,22447,0
98551,4618,0
98731,24496,1
98731,5995,0
98731,8272,0
98731,26875,0
98731,3075,0
102601,13447,1
102601,19565,0
102601,21199,0
102601,1600,0
102601,7786,0
102778,24139,1
102778,9810,0
102778,8973,0
102778,6075,0
102778,8214,0
102837,26382,1
102837,24049,0
102837,2650,0
102837,7545,0
102837,13175,0
103565,17889,1
103565,16276,0
103565,6735,0
103565,9986,0
103565,11949,0
106042,12845,1
106042,7083,0
106042,19432,0
106042,9823,0
106042,14545,0
106694,23686,1
106694,765,0
106694,1811,0
106694,25401,0
106694,15070,0
106697,18156,1
106697,27794,0
106697,15962,0
106697,5367,0
106697,5840,0
107833,13803,1
107833,21097,0
107833,1072,0
107833,4018,0
107833,18987,0
107906,1645,1
107906,7385,0
107906,7278,0
107906,7493,0
107906,21862,0
109125,8060,1
109125,8136,0
109125,911,0
109125,18798,0
109125,22833,0
109263,24965,1
109263,14337,0
109263,7681,0
109263,6438,0
109263,12199,0
109405,621,1
109405,8928,0
109405,24291,0
109405,22712,0
109405,19505,0
110528,8060,1
110528,1343,0
110528,19848,0
110528,11060,0
110528,18798,0
112567,17089,1
112567,7266,0
112567,22266,0
112567,5314,0
112567,12524,0
115406,7023,1
115406,11747,0
115406,15778,0
115406,19848,0
115406,3563,0
117352,2814,1
117352,5036,0
117352,16538,0
117352,5886,0
117352,19635,0
119066,12317,1
119066,8477,0
119066,17382,0
119066,3772,0
119066,13573,0
121133,5870,1
121133,26941,0
121133,23874,0
121133,17399,0
121133,13285,0
123068,18156,1
123068,1789,0
123068,14931,0
123068,13933,0
123068,390,0
123105,18204,1
123105,22456,0
123105,18806,0
123105,28080,0
123105,1246,0
123253,16992,1
123253,3057,0
123253,1721,0
123253,5926,0
123253,19272,0
123283,18626,1
123283,2730,0
123283,22087,0
123283,6164,0
123283,23490,0
123323,9687,1
123323,24243,0
123323,10289,0
123323,15040,0
123323,13900,0
126467,2447,1
126467,7525,0
126467,12159,0
126467,12068,0
126467,13692,0
127593,18156,1
127593,9742,0
127593,27695,0
127593,5972,0
127593,26719,0
127842,23028,1
127842,22103,0
127842,11632,0
127842,10115,0
127842,4281,0
128480,9954,1
128480,20921,0
128480,7247,0
128480,5388,0
128480,247,0
130137,14377,1
130137,18016,0
130137,14443,0
130137,24065,0
130137,14468,0
130776,5601,1
130776,12215,0
130776,16345,0
130776,23454,0
130776,17162,0
130813,5311,1
130813,25230,0
130813,27967,0
130813,25564,0
130813,12480,0
132016,8060,1
132016,15157,0
132016,17588,0
132016,18511,0
132016,26958,0
132401,4806,1
132401,20521,0
132401,8001,0
132401,23309,0
132401,18111,0
132777,24422,1
132777,25670,0
132777,27079,0
132777,18165,0
132777,20223,0
133581,22886,1
133581,10426,0
133581,10843,0
133581,12160,0
133581,25447,0
133805,26853,1
133805,27695,0
133805,13996,0
133805,12906,0
133805,20457,0
134188,15249,1
134188,1581,0
134188,18137,0
134188,1875,0
134188,1308,0
134653,2386,1
134653,14748,0
134653,10454,0
134653,10289,0
134653,1105,0
136303,15403,1
136303,8215,0
136303,14821,0
136303,13643,0
136303,24830,0
136406,27225,1
136406,26322,0
136406,9442,0
136406,16991,0
136406,25855,0
136493,12040,1
136493,18269,0
136493,14797,0
136493,4171,0
136493,17865,0
136496,11065,1
136496,3330,0
136496,19464,0
136496,25029,0
136496,7079,0
137543,8525,1
137543,25890,0
137543,24427,0
137543,13608,0
137543,8383,0
137894,22025,1
137894,10720,0
137894,18910,0
137894,4296,0
137894,6047,0
138683,7640,1
138683,21809,0
138683,3753,0
138683,27086,0
138683,9742,0
140751,16446,1
140751,6166,0
140751,9206,0
140751,23054,0
140751,25158,0
140776,14507,1
140776,27505,0
140776,10573,0
140776,24238,0
140776,15009,0
140938,9914,1
140938,25031,0
140938,11480,0
140938,23116,0
140938,21408,0
142693,7349,1
142693,17620,0
142693,7127,0
142693,2474,0
142693,8602,0
143920,21608,1
143920,26811,0
143920,5928,0
143920,19985,0
143920,12077,0
148101,2672,1
148101,21397,0
148101,9772,0
148101,23588,0
148101,19863,0
148608,13081,1
148608,5840,0
148608,7539,0
148608,21812,0
148608,2855,0
149181,18156,1
149181,23419,0
149181,15962,0
149181,18208,0
149181,9742,0
149566,26209,1
149566,13065,0
149566,11949,0
149566,22580,0
149566,1342,0
149733,23088,1
149733,21706,0
149733,22764,0
149733,26958,0
149733,26365,0
150919,22508,1
150919,21659,0
150919,16737,0
150919,7527,0
150919,8436,0
151829,9184,1
151829,11169,0
151829,24227,0
151829,17235,0
151829,24058,0
153052,27869,1
153052,14756,0
153052,5990,0
153052,19995,0
153052,20774,0
153349,2499,1
153349,307,0
153349,22394,0
153349,17890,0
153349,1776,0
155237,18156,1
155237,2814,0
155237,24355,0
155237,5655,0
155237,1986,0
156249,18861,1
156249,10407,0
156249,9087,0
156249,14336,0
156249,3954,0
156565,18156,1
156565,24209,0
156565,23363,0
156565,27410,0
156565,8679,0
156756,2072,1
156756,21693,0
156756,27463,0
156756,19645,0
156756,26875,0
157920,3874,1
157920,12888,0
157920,15337,0
157920,14808,0
157920,10632,0
159593,6339,1
159593,21029,0
159593,26936,0
159593,16600,0
159593,22523,0
163124,17653,1
163124,637,0
163124,2335,0
163124,8730,0
163124,18337,0
165232,27225,1
165232,26719,0
165232,16205,0
165232,25589,0
165232,5243,0
165696,9213,1
165696,24243,0
165696,17483,0
165696,2644,0
165696,17434,0
166643,21577,1
166643,6869,0
166643,22748,0
166643,21559,0
166643,24069,0
168386,27195,1
168386,17771,0
168386,11756,0
168386,18485,0
168386,5277,0
170261,16809,1
170261,9171,0
170261,26247,0
170261,17363,0
170261,15229,0
170700,16529,1
170700,7636,0
170700,7155,0
170700,18576,0
170700,4005,0
172887,150,1
172887,24065,0
172887,16802,0
172887,675,0
172887,19267,0
172912,16117,1
172912,24200,0
172912,8745,0
172912,27452,0
172912,26818,0
173213,9663,1
173213,20021,0
173213,1262,0
173213,7760,0
173213,12731,0
175443,15140,1
175443,22966,0
175443,27321,0
175443,2849,0
175443,19870,0
176244,8448,1
176244,16454,0
176244,19362,0
176244,18040,0
176244,20219,0
176959,2794,1
176959,12905,0
176959,23835,0
176959,12324,0
176959,24431,0
177788,21322,1
177788,3169,0
177788,16026,0
177788,12752,0
177788,4473,0
178315,3916,1
178315,24065,0
178315,942,0
178315,4005,0
178315,18886,0
178961,8060,1
178961,25955,0
178961,22814,0
178961,27225,0
178961,13015,0
179240,23088,1
179240,22886,0
179240,9842,0
179240,5422,0
179240,11776,0
179618,17089,1
179618,20309,0
179618,20939,0
179618,5886,0
179618,13942,0
181843,5663,1
181843,20391,0
181843,10673,0
181843,21355,0
181843,2967,0
182280,18156,1
182280,19805,0
182280,4149,0
182280,3450,0
182280,13495,0
182316,4420,1
182316,7573,0
182316,13731,0
182316,18968,0
182316,26337,0
182336,3473,1
182336,24927,0
182336,24525,0
182336,23752,0
182336,20234,0
182822,1151,1
182822,24786,0
182822,2057,0
182822,15178,0
182822,19642,0
184441,11742,1
184441,15777,0
184441,8691,0
184441,9879,0
184441,10120,0
184887,18156,1
184887,1991,0
184887,21328,0
184887,6041,0
184887,208,0
185126,16064,1
185126,24065,0
185126,17146,0
185126,9361,0
185126,19778,0
185313,18156,1
185313,2873,0
185313,15249,0
185313,26884,0
185313,14119,0
187073,26131,1
187073,21338,0
187073,23981,0
187073,26527,0
187073,15045,0
190379,2942,1
190379,11135,0
190379,21018,0
190379,4429,0
190379,6142,0
191487,12845,1
191487,12449,0
191487,26598,0
191487,20692,0
191487,20916,0
191770,8060,1
191770,17815,0
191770,21866,0
191770,7640,0
191770,14827,0
191792,22704,1
191792,8769,0
191792,9782,0
191792,25329,0
191792,837,0
192142,24228,1
192142,17620,0
192142,21537,0
192142,26674,0
192142,16927,0
192638,8124,1
192638,10592,0
192638,9622,0
192638,25912,0
192638,6052,0
193599,3591,1
193599,2786,0
193599,12098,0
193599,4558,0
193599,25611,0
194854,854,1
194854,26379,0
194854,7148,0
194854,5470,0
194854,19822,0
195369,8622,1
195369,3709,0
195369,19393,0
195369,19912,0
195369,9442,0
196234,5870,1
196234,14684,0
196234,20757,0
196234,14299,0
196234,26941,0
196931,18156,1
196931,20457,0
196931,2506,0
196931,12983,0
196931,12906,0
197828,14959,1
197828,21022,0
197828,27844,0
197828,8532,0
197828,14004,0
198381,5484,1
198381,25782,0
198381,11043,0
198381,24105,0
198381,5722,0
198423,8060,1
198423,23550,0
198423,19897,0
198423,22814,0
198423,4193,0
198512,19882,1
198512,20424,0
198512,10915,0
198512,11039,0
198512,22544,0
199846,20027,1
199846,6502,0
199846,4412,0
199846,3392,0
199846,78,0
200022,21888,1
200022,15184,0
200022,12671,0
200022,9781,0
200022,11462,0
201353,2850,1
201353,16607,0
201353,8251,0
201353,25082,0
201353,2668,0
201757,4679,1
201757,8071,0
201757,13356,0
201757,8914,0
201757,12891,0
201767,20612,1
201767,11632,0
201767,8260,0
201767,20465,0
201767,5205,0
201882,18156,1
201882,3753,0
201882,19917,0
201882,15506,0
201882,21890,0
202735,20604,1
202735,24291,0
202735,19800,0
202735,17761,0
202735,6468,0
204249,6178,1
204249,13204,0
204249,9419,0
204249,5068,0
204249,26665,0
204399,27768,1
204399,5829,0
204399,27009,0
204399,19435,0
204399,12715,0
205719,5106,1
205719,22168,0
205719,4248,0
205719,16908,0
205719,3812,0
205752,18156,1
205752,4028,0
205752,13922,0
205752,7827,0
205752,2273,0
206190,8060,1
206190,13081,0
206190,6007,0
206190,835,0
206190,20449,0
206436,2447,1
206436,19106,0
206436,10426,0
206436,14553,0
206436,17311,0
206464,15501,1
206464,23080,0
206464,13786,0
206464,21862,0
206464,4890,0
208353,12767,1
208353,5987,0
208353,5845,0
208353,1397,0
208353,20646,0
209797,9663,1
209797,21287,0
209797,18192,0
209797,7571,0
209797,21031,0
210615,26651,1
210615,18557,0
210615,1709,0
210615,12790,0
210615,11779,0
211335,8622,1
211335,2873,0
211335,3644,0
211335,14639,0
211335,13660,0
211911,22060,1
211911,16570,0
211911,20386,0
211911,9343,0
211911,8925,0
213372,6982,1
213372,12088,0
213372,15713,0
213372,5979,0
213372,8764,0
213394,8582,1
213394,18273,0
213394,6410,0
213394,4725,0
213394,24355,0
213688,8060,1
213688,11950,0
213688,25516,0
213688,10974,0
213688,6247,0
219686,26541,1
219686,19907,0
219686,10196,0
219686,22702,0
219686,2366,0
220065,9184,1
220065,16909,0
220065,16560,0
220065,20847,0
220065,4193,0
220382,9102,1
220382,18541,0
220382,10935,0
220382,16468,0
220382,25391,0
222517,4806,1
222517,4589,0
222517,24051,0
222517,20711,0
222517,18139,0
222654,8060,1
222654,5668,0
222654,3334,0
222654,4446,0
222654,25982,0
223671,19882,1
223671,19607,0
223671,347,0
223671,23786,0
223671,26524,0
223723,15779,1
223723,26224,0
223723,27306,0
223723,14279,0
223723,10626,0
224178,18719,1
224178,5722,0
224178,26335,0
224178,12090,0
224178,9190,0
225576,15140,1
225576,2277,0
225576,19768,0
225576,18346,0
225576,7540,0
226383,10390,1
226383,182,0
226383,24287,0
226383,12683,0
226383,24251,0
226605,18626,1
226605,1322,0
226605,6164,0
226605,5767,0
226605,12228,0
226638,18626,1
226638,25586,0
226638,2081,0
226638,16240,0
226638,5767,0
229035,20635,1
229035,5304,0
229035,21384,0
229035,18140,0
229035,16531,0
229667,11703,1
229667,1198,0
229667,22297,0
229667,2291,0
229667,16240,0
232068,8060,1
232068,3334,0
232068,26005,0
232068,217,0
232068,15644,0
232568,26328,1
232568,13759,0
232568,10562,0
232568,26760,0
232568,22651,0
233992,3338,1
233992,25415,0
233992,3981,0
233992,9645,0
233992,13081,0
235634,5106,1
235634,18138,0
235634,9757,0
235634,9134,0
235634,11307,0
236711,18156,1
236711,8248,0
236711,16476,0
236711,15962,0
236711,6500,0
237295,26104,1
237295,15426,0
237295,3560,0
237295,50,0
237295,26555,0
239621,528,1
239621,7948,0
239621,7755,0
239621,11307,0
239621,27954,0
240227,15029,1
240227,5071,0
240227,19078,0
240227,1238,0
240227,685,0
240390,17106,1
240390,9046,0
240390,19151,0
240390,15587,0
240390,27768,0
241118,26011,1
241118,6746,0
241118,22938,0
241118,21283,0
241118,23451,0
241532,5693,1
241532,18242,0
241532,871,0
241532,22400,0
241532,17620,0
241950,10991,1
241950,766,0
241950,2095,0
241950,24745,0
241950,26620,0
242328,18626,1
242328,3320,0
242328,15572,0
242328,12676,0
242328,7377,0
245481,23493,1
245481,10038,0
245481,24102,0
245481,26243,0
245481,15919,0
246400,18156,1
246400,13081,0
246400,21890,0
246400,10640,0
246400,8622,0
247016,13658,1
247016,5533,0
247016,13901,0
247016,675,0
247016,10395,0
249369,8060,1
249369,24547,0
249369,5704,0
249369,18798,0
249369,18699,0
249783,18650,1
249783,19863,0
249783,11774,0
249783,22638,0
249783,10996,0
250447,18145,1
250447,16527,0
250447,7561,0
250447,23575,0
250447,14524,0
251109,13922,1
251109,20375,0
251109,1233,0
251109,7177,0
251109,27455,0
251410,561,1
251410,21038,0
251410,14117,0
251410,15009,0
251410,13144,0
252083,25785,1
252083,18913,0
252083,12219,0
252083,24646,0
252083,7311,0
253241,16360,1
253241,5850,0
253241,13074,0
253241,6180,0
253241,12242,0
254610,14584,1
254610,5365,0
254610,15406,0
254610,17969,0
254610,8207,0
255481,3846,1
255481,559,0
255481,16460,0
255481,1648,0
255481,13633,0
256046,17146,1
256046,14086,0
256046,13358,0
256046,26424,0
256046,27611,0
257641,2173,1
257641,25324,0
257641,17188,0
257641,19340,0
257641,5757,0
258403,16066,1
258403,2902,0
258403,18879,0
258403,19201,0
258403,13218,0
258516,18737,1
258516,19336,0
258516,25145,0
258516,10816,0
258516,1504,0
258704,26044,1
258704,17261,0
258704,24741,0
258704,18846,0
258704,434,0
261059,20752,1
261059,5770,0
261059,24895,0
261059,8434,0
261059,16645,0
261456,7963,1
261456,4425,0
261456,22364,0
261456,4028,0
261456,25007,0
262227,18156,1
262227,2873,0
262227,390,0
262227,18240,0
262227,8248,0
263691,101,1
263691,20321,0
263691,11251,0
263691,26813,0
263691,11603,0
265175,17363,1
265175,15779,0
265175,14208,0
265175,7327,0
265175,18763,0
265676,18156,1
265676,1469,0
265676,4149,0
265676,4401,0
265676,6369,0
265683,20382,1
265683,5301,0
265683,6684,0
265683,10800,0
265683,7797,0
265715,16950,1
265715,18122,0
265715,11149,0
265715,19853,0
265715,2044,0
265930,19454,1
265930,19940,0
265930,24833,0
265930,12424,0
265930,12131,0
266212,23088,1
266212,23301,0
266212,16560,0
266212,21005,0
266212,11776,0
267048,4028,1
267048,2536,0
267048,6691,0
267048,8026,0
267048,16382,0
267308,18156,1
267308,18240,0
267308,15904,0
267308,13933,0
267308,19393,0
269836,4504,1
269836,27011,0
269836,13062,0
269836,13031,0
269836,713,0
269958,9184,1
269958,19635,0
269958,20928,0
269958,26011,0
269958,22302,0
270854,17764,1
270854,19497,0
270854,6554,0
270854,13386,0
270854,19681,0
272195,26083,1
272195,6519,0
272195,15903,0
272195,7356,0
272195,18853,0
272474,2824,1
272474,21060,0
272474,5899,0
272474,1076,0
272474,15337,0
272583,4028,1
272583,22305,0
272583,16871,0
272583,23451,0
272583,6626,0
273063,1789,1
273063,1080,0
273063,16991,0
273063,15904,0
273063,7222,0
274138,11399,1
274138,23252,0
274138,12834,0
274138,17958,0
274138,20439,0
274456,8959,1
274456,7925,0
274456,949,0
274456,19641,0
274456,14428,0
275193,4167,1
275193,17363,0
275193,303,0
275193,7018,0
275193,2454,0
276022,17854,1
276022,5412,0
276022,11046,0
276022,25093,0
276022,21145,0
276760,8481,1
276760,10214,0
276760,23301,0
276760,10026,0
276760,11458,0
276876,21482,1
276876,2667,0
276876,26379,0
276876,6225,0
276876,3637,0
277146,5868,1
277146,3425,0
277146,26688,0
277146,26713,0
277146,20921,0
279556,27225,1
279556,3709,0
279556,19739,0
279556,8622,0
279556,10979,0
280049,1241,1
280049,27902,0
280049,8544,0
280049,22964,0
280049,586,0
281585,20833,1
281585,16342,0
281585,19732,0
281585,15775,0
281585,16635,0
284557,18156,1
284557,26011,0
284557,2447,0
284557,2688,0
284557,24355,0
287108,22168,1
287108,19017,0
287108,11859,0
287108,15266,0
287108,7000,0
287709,2616,1
287709,7958,0
287709,10887,0
287709,1212,0
287709,15195,0
289922,8469,1
289922,8072,0
289922,13605,0
289922,9717,0
289922,3342,0
290043,11804,1
290043,27251,0
290043,21266,0
290043,10238,0
290043,24308,0
291406,9184,1
291406,21164,0
291406,23451,0
291406,11742,0
291406,14820,0
291858,425,1
291858,20720,0
291858,17854,0
291858,2911,0
291858,23084,0
292892,14803,1
292892,16188,0
292892,2827,0
292892,9366,0
292892,18913,0
295794,8622,1
295794,26853,0
295794,2015,0
295794,18261,0
295794,7222,0
295977,648,1
295977,20467,0
295977,4590,0
295977,7829,0
295977,20199,0
296980,17089,1
296980,23245,0
296980,13942,0
296980,12527,0
296980,6235,0
297604,24878,1
297604,22919,0
297604,13902,0
297604,17173,0
297604,19937,0
297886,7640,1
297886,19917,0
297886,26884,0
297886,8918,0
297886,3644,0
299607,25385,1
299607,5070,0
299607,20092,0
299607,24309,0
299607,18258,0
300094,8060,1
300094,11465,0
300094,13922,0
300094,22814,0
300094,18981,0
300823,15715,1
300823,24964,0
300823,19234,0
300823,493,0
300823,5323,0
301078,8789,1
301078,14452,0
301078,24864,0
301078,8753,0
301078,18102,0
301944,9268,1
301944,5562,0
301944,4227,0
301944,15763,0
301944,3883,0
303643,18626,1
303643,16589,0
303643,26496,0
303643,2942,0
303643,15756,0
304231,27225,1
304231,5243,0
304231,13996,0
304231,9742,0
304231,25007,0
304418,20207,1
304418,10564,0
304418,14036,0
304418,12394,0
304418,8807,0
304914,295,1
304914,14357,0
304914,568,0
304914,1091,0
304914,2337,0
306391,9055,1
306391,25547,0
306391,21208,0
306391,22276,0
306391,18996,0
307452,8959,1
307452,21695,0
307452,21076,0
307452,7925,0
307452,17571,0
308514,7640,1
308514,1789,0
308514,14931,0
308514,11352,0
308514,15506,0
308910,6589,1
308910,3121,0
308910,10880,0
308910,2690,0
308910,26074,0
310029,19912,1
310029,27695,0
310029,8362,0
310029,390,0
310029,20457,0
310423,12251,1
310423,23275,0
310423,9583,0
310423,3425,0
310423,14908,0
310727,4028,1
310727,1257,0
310727,495,0
310727,27275,0
310727,20400,0
311052,12516,1
311052,7144,0
311052,22802,0
311052,15040,0
311052,991,0
311713,15403,1
311713,26429,0
311713,9838,0
311713,3680,0
311713,6848,0
312174,9184,1
312174,22489,0
312174,2745,0
312174,114,0
312174,880,0
312823,148,1
312823,400,0
312823,25068,0
312823,22651,0
312823,18531,0
315224,7640,1
315224,25855,0
315224,18320,0
315224,27225,0
315224,11352,0
316586,13081,1
316586,27870,0
316586,23147,0
316586,24135,0
316586,15138,0
317161,15227,1
317161,23617,0
317161,6829,0
317161,12371,0
317161,3425,0
317798,19990,1
317798,13574,0
317798,19866,0
317798,2351,0
317798,19720,0
317919,7963,1
317919,8810,0
317919,18542,0
317919,8248,0
317919,17093,0
318320,16809,1
318320,20010,0
318320,16229,0
318320,20918,0
318320,24888,0
319218,15626,1
319218,23396,0
319218,16257,0
319218,12683,0
319218,3920,0
319986,10393,1
319986,4340,0
319986,11649,0
319986,20553,0
319986,6857,0
322068,6346,1
322068,17935,0
322068,11508,0
322068,18736,0
322068,9375,0
322256,18626,1
322256,17023,0
322256,15756,0
322256,5639,0
322256,21546,0
322643,8378,1
322643,19203,0
322643,25486,0
322643,16177,0
322643,9213,0
322710,4771,1
322710,26428,0
322710,22371,0
322710,4710,0
322710,511,0
323831,4064,1
323831,27359,0
323831,253,0
323831,21625,0
323831,14797,0
325088,9692,1
325088,11942,0
325088,27502,0
325088,10360,0
325088,730,0
325756,18156,1
325756,15446,0
325756,6081,0
325756,27086,0
325756,26884,0
326429,18156,1
326429,24887,0
326429,3469,0
326429,19669,0
326429,7827,0
327181,13334,1
327181,4080,0
327181,25066,0
327181,650,0
327181,4872,0
330849,7640,1
330849,18320,0
330849,19393,0
330849,14549,0
330849,27823,0
332261,18156,1
332261,23363,0
332261,9686,0
332261,26400,0
332261,21982,0
333754,3272,1
333754,26955,0
333754,3053,0
333754,8232,0
333754,16988,0
333807,19782,1
333807,24215,0
333807,27158,0
333807,10366,0
333807,20229,0
334872,1018,1
334872,2814,0
334872,12372,0
334872,27225,0
334872,25075,0
335438,2358,1
335438,14200,0
335438,20542,0
335438,13985,0
335438,8079,0
337641,2730,1
337641,8602,0
337641,11251,0
337641,26414,0
337641,21294,0
341290,21687,1
341290,1610,0
341290,1892,0
341290,24803,0
341290,12169,0
341472,16484,1
341472,12345,0
341472,14425,0
341472,9099,0
341472,16607,0
342397,21859,1
342397,1219,0
342397,6640,0
342397,24884,0
342397,22402,0
342742,9330,1
342742,8426,0
342742,11410,0
342742,14945,0
342742,17698,0
343136,12845,1
343136,19432,0
343136,13352,0
343136,8632,0
343136,24761,0
343698,6237,1
343698,4529,0
343698,2473,0
343698,7013,0
343698,2057,0
343831,13922,1
343831,16853,0
343831,19768,0
343831,208,0
343831,3836,0
344033,12547,1
344033,21183,0
344033,15140,0
344033,10479,0
344033,2218,0
344046,18156,1
344046,13081,0
344046,19520,0
344046,19917,0
344046,14549,0
344081,18156,1
344081,12885,0
344081,20457,0
344081,7640,0
344081,16476,0
346020,19912,1
346020,18492,0
346020,5560,0
346020,12425,0
346020,18511,0
347104,18156,1
347104,27199,0
347104,19739,0
347104,26884,0
347104,25855,0
348513,1078,1
348513,25227,0
348513,20575,0
348513,12283,0
348513,3680,0
348534,2173,1
348534,27866,0
348534,15264,0
348534,6889,0
348534,23802,0
349086,15742,1
349086,124,0
349086,24093,0
349086,17184,0
349086,15740,0
350356,2074,1
350356,8782,0
350356,7443,0
350356,15885,0
350356,17571,0
350920,18156,1
350920,26322,0
350920,1080,0
350920,8918,0
350920,7042,0
351956,3452,1
351956,22392,0
351956,15033,0
351956,13738,0
351956,12204,0
353749,24921,1
353749,18229,0
353749,2599,0
353749,18183,0
353749,14786,0
353987,24098,1
353987,10008,0
353987,15140,0
353987,20290,0
353987,26958,0
354049,27192,1
354049,19346,0
354049,18737,0
354049,16753,0
354049,5164,0
354208,11710,1
354208,15081,0
354208,28115,0
354208,18764,0
354208,17370,0
354479,13674,1
354479,18,0
354479,7327,0
354479,15887,0
354479,15740,0
359678,18156,1
359678,15249,0
359678,19520,0
359678,18523,0
359678,4242,0
360965,24664,1
360965,19794,0
360965,15638,0
360965,1799,0
360965,15740,0
361048,25250,1
361048,19490,0
361048,26246,0
361048,12537,0
361048,6721,0
361832,7640,1
361832,18523,0
361832,23419,0
361832,13933,0
361832,27794,0
364202,8622,1
364202,390,0
364202,13081,0
364202,18261,0
364202,18981,0
367387,8622,1
367387,19775,0
367387,3753,0
367387,12615,0
367387,4242,0
372411,5117,1
372411,27478,0
372411,14575,0
372411,9891,0
372411,27594,0
373114,15393,1
373114,1230,0
373114,2038,0
373114,11346,0
373114,16380,0
373772,6850,1
373772,17426,0
373772,14871,0
373772,3238,0
373772,21053,0
374328,21098,1
374328,28080,0
374328,11421,0
374328,24197,0
374328,25545,0
374667,14454,1
374667,25227,0
374667,8131,0
374667,18335,0
374667,11564,0
374728,26083,1
374728,14974,0
374728,25670,0
374728,22855,0
374728,4085,0
374864,4917,1
374864,7786,0
374864,6721,0
374864,14487,0
374864,20184,0
374972,26045,1
374972,11984,0
374972,11792,0
374972,28134,0
374972,23116,0
375942,15242,1
375942,22693,0
375942,11965,0
375942,28069,0
375942,10890,0
377059,12516,1
377059,16154,0
377059,4420,0
377059,991,0
377059,25776,0
378416,10175,1
378416,19510,0
378416,19814,0
378416,11130,0
378416,27289,0
378697,14727,1
378697,825,0
378697,11174,0
378697,7,0
378697,20061,0
380200,4594,1
380200,935,0
380200,432,0
380200,1105,0
380200,2961,0
380201,15538,1
380201,1548,0
380201,27713,0
380201,17951,0
380201,1299,0
380933,13081,1
380933,21812,0
380933,27264,0
380933,3553,0
380933,8060,0
381069,27257,1
381069,9278,0
381069,15729,0
381069,5257,0
381069,26344,0
381993,6930,1
381993,8317,0
381993,12840,0
381993,25325,0
381993,602,0
382308,3591,1
382308,23088,0
382308,2685,0
382308,18911,0
382308,6796,0
384234,4899,1
384234,15359,0
384234,6738,0
384234,11812,0
384234,8194,0
384538,9184,1
384538,11887,0
384538,1986,0
384538,114,0
384538,17970,0
385460,18156,1
385460,15345,0
385460,10879,0
385460,4981,0
385460,1986,0
386416,19454,1
386416,1758,0
386416,14945,0
386416,19940,0
386416,22235,0
386421,15540,1
386421,16900,0
386421,27293,0
386421,10550,0
386421,15304,0
387411,19882,1
387411,1390,0
387411,15756,0
387411,7811,0
387411,18650,0
387416,24098,1
387416,10448,0
387416,4338,0
387416,4393,0
387416,17815,0
390177,18156,1
390177,5439,0
390177,11894,0
390177,20457,0
390177,6374,0
390478,8511,1
390478,20676,0
390478,2365,0
390478,436,0
390478,9195,0
390608,7640,1
390608,155,0
390608,18320,0
390608,12983,0
390608,2605,0
390748,18272,1
390748,21500,0
390748,18382,0
390748,12282,0
390748,13154,0
391695,20360,1
391695,737,0
391695,18675,0
391695,14846,0
391695,22775,0
393363,17963,1
393363,14729,0
393363,10198,0
393363,5951,0
393363,13456,0
393554,7999,1
393554,10902,0
393554,11900,0
393554,15718,0
393554,22601,0
396091,18156,1
396091,19739,0
396091,21706,0
396091,8918,0
396091,3644,0
397076,3452,1
397076,15033,0
397076,27979,0
397076,7834,0
397076,16707,0
397919,13020,1
397919,1027,0
397919,23976,0
397919,11634,0
397919,7784,0
398807,22342,1
398807,12976,0
398807,11773,0
398807,22305,0
398807,27348,0
399289,19835,1
399289,15264,0
399289,27001,0
399289,27969,0
399289,16526,0
402724,8001,1
402724,13381,0
402724,9493,0
402724,1513,0
402724,26458,0
403600,18626,1
403600,27233,0
403600,21546,0
403600,10871,0
403600,26212,0
404137,8622,1
404137,5840,0
404137,835,0
404137,22886,0
404137,23288,0
404230,10379,1
404230,7605,0
404230,4095,0
404230,7814,0
404230,12234,0
404630,8060,1
404630,2855,0
404630,21162,0
404630,26642,0
404630,23088,0
406183,15715,1
406183,15076,0
406183,2835,0
406183,18971,0
406183,12157,0
407295,1856,1
407295,10116,0
407295,15822,0
407295,1846,0
407295,16524,0
407324,2730,1
407324,4739,0
407324,10924,0
407324,22575,0
407324,1804,0
407446,25415,1
407446,20916,0
407446,21760,0
407446,18865,0
407446,4201,0
408811,23408,1
408811,8713,0
408811,23253,0
408811,5716,0
408811,9478,0
409596,148,1
409596,20916,0
409596,6107,0
409596,14048,0
409596,27842,0
409947,7018,1
409947,18047,0
409947,14719,0
409947,4772,0
409947,8927,0
410525,8060,1
410525,23887,0
410525,20161,0
410525,14461,0
410525,480,0
410665,8060,1
410665,19768,0
410665,21162,0
410665,21005,0
410665,26958,0
411025,7744,1
411025,9617,0
411025,16383,0
411025,15007,0
411025,5710,0
411552,18953,1
411552,3536,0
411552,20521,0
411552,7014,0
411552,287,0
411837,5870,1
411837,23977,0
411837,4607,0
411837,11140,0
411837,11046,0
412571,8059,1
412571,20223,0
412571,479,0
412571,21465,0
412571,3736,0
413805,11501,1
413805,5253,0
413805,3366,0
413805,25622,0
413805,4847,0
413850,18161,1
413850,2878,0
413850,27758,0
413850,22993,0
413850,2902,0
415384,2447,1
415384,22517,0
415384,4836,0
415384,28058,0
415384,12623,0
415662,19372,1
415662,15756,0
415662,19134,0
415662,603,0
415662,19256,0
416266,26817,1
416266,12401,0
416266,6721,0
416266,23654,0
416266,19227,0
418414,8875,1
418414,19936,0
418414,27810,0
418414,7633,0
418414,6267,0
419866,11381,1
419866,7356,0
419866,12146,0
419866,2967,0
419866,1344,0
420134,10594,1
420134,23928,0
420134,15805,0
420134,9673,0
420134,17684,0
420423,3111,1
420423,7432,0
420423,11514,0
420423,5043,0
420423,685,0
420660,8060,1
420660,5972,0
420660,18699,0
420660,26628,0
420660,15374,0
422079,15541,1
422079,6315,0
422079,10577,0
422079,8356,0
422079,8868,0
427296,21883,1
427296,19553,0
427296,4363,0
427296,6381,0
427296,13827,0
427765,17416,1
427765,7758,0
427765,26298,0
427765,2057,0
427765,13550,0
428128,631,1
428128,27057,0
428128,26346,0
428128,3404,0
428128,3195,0
428408,8060,1
428408,21882,0
428408,19984,0
428408,21691,0
428408,21721,0
429002,2814,1
429002,25894,0
429002,13430,0
429002,10003,0
429002,3591,0
429602,5693,1
429602,25225,0
429602,23637,0
429602,4378,0
429602,15413,0
430997,10935,1
430997,5870,0
430997,17814,0
430997,6164,0
430997,20522,0
431645,18156,1
431645,7640,0
431645,22974,0
431645,18981,0
431645,25007,0
433284,9184,1
433284,27107,0
433284,8248,0
433284,20290,0
433284,19044,0
433512,21578,1
433512,26817,0
433512,3637,0
433512,3675,0
433512,5494,0
434054,17195,1
434054,14756,0
434054,11756,0
434054,2864,0
434054,26335,0
434716,15501,1
434716,1533,0
434716,4117,0
434716,179,0
434716,13782,0
435361,19413,1
435361,23116,0
435361,12128,0
435361,23054,0
435361,10395,0
438355,9213,1
438355,24020,0
438355,20397,0
438355,18071,0
438355,6255,0
439122,10084,1
439122,26770,0
439122,15139,0
439122,6672,0
439122,10308,0
440788,5367,1
440788,27823,0
440788,155,0
440788,10111,0
440788,6817,0
442506,651,1
442506,25967,0
442506,27228,0
442506,15383,0
442506,5141,0
442858,18947,1
442858,25221,0
442858,14762,0
442858,14573,0
442858,23961,0
445231,24321,1
445231,11036,0
445231,13759,0
445231,14323,0
445231,19914,0
445697,15501,1
445697,11642,0
445697,9033,0
445697,13091,0
445697,7935,0
446048,27416,1
446048,12231,0
446048,7538,0
446048,15898,0
446048,16610,0
448798,15773,1
448798,24431,0
448798,16647,0
448798,18405,0
448798,18514,0
452747,15501,1
452747,6877,0
452747,100,0
452747,11669,0
452747,12996,0
452877,17151,1
452877,22626,0
452877,8701,0
452877,3217,0
452877,21131,0
454015,959,1
454015,2094,0
454015,15247,0
454015,14982,0
454015,1245,0
455206,2845,1
455206,18074,0
455206,21405,0
455206,2158,0
455206,4833,0
455271,12603,1
455271,11022,0
455271,10308,0
455271,12652,0
455271,20030,0
457711,17239,1
457711,27512,0
457711,16015,0
457711,4414,0
457711,2509,0
458798,15501,1
458798,18133,0
458798,27246,0
458798,11321,0
458798,20424,0
459348,6012,1
459348,24209,0
459348,4939,0
459348,16429,0
459348,5389,0
460684,18156,1
460684,18832,0
460684,22974,0
460684,26853,0
460684,4242,0
461283,12077,1
461283,26415,0
461283,15356,0
461283,6858,0
461283,24323,0
463977,7640,1
463977,8060,0
463977,2506,0
463977,19775,0
463977,18261,0
465195,20612,1
465195,4466,0
465195,15837,0
465195,7458,0
465195,17548,0
465777,1018,1
465777,15138,0
465777,5840,0
465777,1617,0
465777,9234,0
465999,18156,1
465999,12615,0
465999,19775,0
465999,13996,0
465999,19393,0
466527,3648,1
466527,12031,0
466527,1933,0
466527,26785,0
466527,12212,0
466578,13057,1
466578,7287,0
466578,27281,0
466578,18463,0
466578,13280,0
467560,5760,1
467560,10177,0
467560,20610,0
467560,4590,0
467560,88,0
468841,20612,1
468841,26414,0
468841,14632,0
468841,14019,0
468841,16536,0
470295,2447,1
470295,18484,0
470295,17311,0
470295,27997,0
470295,21900,0
471056,19505,1
471056,20425,0
471056,18420,0
471056,10826,0
471056,14996,0
471544,4028,1
471544,21691,0
471544,14155,0
471544,27311,0
471544,3506,0
472206,13922,1
472206,15714,0
472206,5972,0
472206,15202,0
472206,1257,0
472607,16574,1
472607,8824,0
472607,5397,0
472607,24606,0
472607,20645,0
473981,20612,1
473981,25680,0
473981,8950,0
473981,9368,0
473981,3658,0
474519,2730,1
474519,5060,0
474519,4178,0
474519,18447,0
474519,5033,0
475780,14448,1
475780,16763,0
475780,8470,0
475780,18073,0
475780,2057,0
476286,7327,1
476286,18329,0
476286,6385,0
476286,7214,0
476286,245,0
476318,16073,1
476318,9803,0
476318,3196,0
476318,17909,0
476318,6082,0
477498,7892,1
477498,15799,0
477498,1813,0
477498,13481,0
477498,24301,0
478011,15978,1
478011,17998,0
478011,8222,0
478011,27389,0
478011,21942,0
478138,18156,1
478138,3114,0
478138,16765,0
478138,2814,0
478138,1811,0
479128,8622,1
479128,1617,0
479128,25295,0
479128,7383,0
479128,4334,0
479803,24641,1
479803,9691,0
479803,25953,0
479803,11550,0
479803,21531,0
480502,20804,1
480502,24690,0
480502,16828,0
480502,9268,0
480502,2802,0
482525,9184,1
482525,1085,0
482525,27870,0
482525,16634,0
482525,27555,0
483471,5877,1
483471,2470,0
483471,5162,0
483471,15029,0
483471,27511,0
484080,3036,1
484080,19802,0
484080,10488,0
484080,11627,0
484080,992,0
485497,18156,1
485497,18832,0
485497,16476,0
485497,2605,0
485497,6374,0
486770,19653,1
486770,7371,0
486770,18170,0
486770,18039,0
486770,9511,0
486924,1329,1
486924,1497,0
486924,26113,0
486924,21255,0
486924,19633,0
487262,22167,1
487262,1563,0
487262,2787,0
487262,13701,0
487262,25018,0
491098,19973,1
491098,27844,0
491098,27818,0
491098,13779,0
491098,2423,0
491375,1106,1
491375,1489,0
491375,5326,0
491375,15897,0
491375,1877,0
491419,18904,1
491419,20128,0
491419,27995,0
491419,4593,0
491419,1027,0
492128,26601,1
492128,17671,0
492128,20079,0
492128,4382,0
492128,11182,0
492245,27225,1
492245,27695,0
492245,13933,0
492245,23393,0
492245,8248,0
493611,23409,1
493611,1148,0
493611,6010,0
493611,17620,0
493611,6949,0
494333,8060,1
494333,16946,0
494333,1018,0
494333,1350,0
494333,8622,0
494935,25383,1
494935,1721,0
494935,8659,0
494935,16012,0
494935,15464,0
495355,4422,1
495355,20962,0
495355,8218,0
495355,16884,0
495355,23980,0
496826,18156,1
496826,390,0
496826,8362,0
496826,2873,0
496826,15506,0
498340,9046,1
498340,15845,0
498340,19370,0
498340,27416,0
498340,2445,0
499103,15009,1
499103,12645,0
499103,15303,0
499103,3574,0
499103,5864,0
499687,13922,1
499687,14715,0
499687,27024,0
499687,4998,0
499687,4748,0
500634,15403,1
500634,19157,0
500634,22706,0
500634,120,0
500634,24365,0
500676,25991,1
500676,24593,0
500676,4991,0
500676,12615,0
500676,16909,0
501278,8620,1
501278,13417,0
501278,14011,0
501278,15658,0
501278,19104,0
501928,5877,1
501928,25622,0
501928,18100,0
501928,20643,0
501928,9829,0
506036,5932,1
506036,19768,0
506036,3591,0
506036,23965,0
506036,4425,0
507626,23278,1
507626,9881,0
507626,11111,0
507626,27005,0
507626,6304,0
509526,13698,1
509526,1073,0
509526,24960,0
509526,1860,0
509526,20201,0
509809,18981,1
509809,4518,0
509809,1581,0
509809,17617,0
509809,8700,0
511758,8060,1
511758,23713,0
511758,5672,0
511758,19657,0
511758,5422,0
511798,2008,1
511798,10011,0
511798,4183,0
511798,14044,0
511798,4566,0
512146,27613,1
512146,1348,0
512146,15445,0
512146,19372,0
512146,20307,0
512283,7640,1
512283,12867,0
512283,8248,0
512283,26249,0
512283,11465,0
513326,21727,1
513326,7054,0
513326,20421,0
513326,24824,0
513326,9943,0
514655,27225,1
514655,5614,0
514655,15226,0
514655,5367,0
514655,19050,0
515865,13674,1
515865,10158,0
515865,12234,0
515865,2772,0
515865,2558,0
516007,13674,1
516007,12287,0
516007,24291,0
516007,1171,0
516007,22993,0
516665,3632,1
516665,20760,0
516665,5728,0
516665,14568,0
516665,17021,0
516952,27768,1
516952,22502,0
516952,10937,0
516952,13346,0
516952,2780,0
519239,5764,1
519239,12573,0
519239,22523,0
519239,27593,0
519239,13332,0
519759,16687,1
519759,10340,0
519759,28073,0
519759,15373,0
519759,6889,0
523728,18156,1
523728,1080,0
523728,6817,0
523728,18523,0
523728,19520,0
525327,14830,1
525327,4879,0
525327,7014,0
525327,21595,0
525327,2453,0
526249,26870,1
526249,1640,0
526249,20986,0
526249,11656,0
526249,6575,0
526938,15865,1
526938,4973,0
526938,14174,0
526938,25769,0
526938,19565,0
528085,7914,1
528085,27019,0
528085,8205,0
528085,18971,0
528085,19883,0
530222,27884,1
530222,10395,0
530222,25606,0
530222,15661,0
530222,22947,0
530606,18156,1
530606,3469,0
530606,23240,0
530606,21089,0
530606,13495,0
530771,16607,1
530771,27915,0
530771,18904,0
530771,6967,0
530771,18255,0
531275,9637,1
531275,8014,0
531275,23116,0
531275,19746,0
531275,26109,0
532653,10991,1
532653,7018,0
532653,16352,0
532653,24550,0
532653,19074,0
535729,10381,1
535729,15373,0
535729,7058,0
535729,4979,0
535729,20801,0
537941,21939,1
537941,1171,0
537941,5566,0
537941,18416,0
537941,17426,0
538055,23899,1
538055,17319,0
538055,19489,0
538055,25056,0
538055,4341,0
538293,18485,1
538293,20801,0
538293,23484,0
538293,12418,0
538293,23476,0
540311,15501,1
540311,13032,0
540311,23545,0
540311,8462,0
540311,18469,0
540427,2883,1
540427,19008,0
540427,26148,0
540427,26214,0
540427,22939,0
540755,25255,1
540755,8214,0
540755,4564,0
540755,7298,0
540755,15009,0
542060,10408,1
542060,27150,0
542060,6639,0
542060,4523,0
542060,15106,0
543336,4028,1
543336,1493,0
543336,22472,0
543336,12556,0
543336,26353,0
543524,19985,1
543524,3862,0
543524,1513,0
543524,8066,0
543524,3962,0
543983,26405,1
543983,26084,0
543983,19145,0
543983,16015,0
543983,12348,0
545789,14817,1
545789,19374,0
545789,5282,0
545789,17675,0
545789,14945,0
546456,9184,1
546456,22489,0
546456,16538,0
546456,1811,0
546456,24227,0
546581,15173,1
546581,13649,0
546581,4108,0
546581,3049,0
546581,2008,0
548015,2942,1
548015,18734,0
548015,24969,0
548015,8243,0
548015,20784,0
548062,22956,1
548062,23514,0
548062,26292,0
548062,16285,0
548062,24493,0
549156,11044,1
549156,22100,0
549156,2011,0
549156,15418,0
549156,7531,0
549394,179,1
549394,8469,0
549394,8243,0
549394,26682,0
549394,11198,0
550078,2447,1
550078,24149,0
550078,23584,0
550078,3499,0
550078,23397,0
551115,18156,1
551115,19449,0
551115,22302,0
551115,19327,0
551115,6041,0
552230,1876,1
552230,4745,0
552230,17875,0
552230,6166,0
552230,8733,0
553219,2122,1
553219,861,0
553219,20607,0
553219,19607,0
553219,20602,0
554885,2160,1
554885,18928,0
554885,499,0
554885,221,0
554885,2585,0
556343,5549,1
556343,2879,0
556343,9197,0
556343,10882,0
556343,11855,0
557878,8913,1
557878,2011,0
557878,11247,0
557878,23705,0
557878,19497,0
559041,15114,1
559041,19238,0
559041,7096,0
559041,6112,0
559041,21508,0
559333,18705,1
559333,24467,0
559333,27663,0
559333,11416,0
559333,17620,0
560365,11619,1
560365,23997,0
560365,5025,0
560365,1172,0
560365,17486,0
561327,21687,1
561327,24550,0
561327,25943,0
561327,4710,0
561327,857,0
561507,15140,1
561507,18609,0
561507,8511,0
561507,22833,0
561507,16272,0
562210,7963,1
562210,27034,0
562210,6500,0
562210,25589,0
562210,21890,0
562227,13922,1
562227,16829,0
562227,8406,0
562227,16437,0
562227,8060,0
562257,15742,1
562257,21292,0
562257,3112,0
562257,4250,0
562257,19598,0
565182,27225,1
565182,3753,0
565182,21890,0
565182,16205,0
565182,7640,0
565424,18156,1
565424,4242,0
565424,14931,0
565424,3753,0
565424,9442,0
566085,20904,1
566085,22768,0
566085,26243,0
566085,18175,0
566085,632,0
570110,4933,1
570110,20338,0
570110,22988,0
570110,6684,0
570110,24143,0
571680,2173,1
571680,4508,0
571680,28069,0
571680,16507,0
571680,20770,0
571697,27613,1
571697,3145,0
571697,2695,0
571697,17681,0
571697,2814,0
573984,15131,1
573984,22115,0
573984,11102,0
573984,8683,0
573984,19249,0
574493,18310,1
574493,3385,0
574493,19307,0
574493,10096,0
574493,28032,0
575651,1272,1
575651,8012,0
575651,10084,0
575651,7914,0
575651,16381,0
576569,13922,1
576569,23288,0
576569,3659,0
576569,15777,0
576569,519,0
577563,15227,1
577563,13759,0
577563,27692,0
577563,22723,0
577563,9534,0
577646,2447,1
577646,10426,0
577646,2527,0
577646,11822,0
577646,16789,0
578020,27397,1
578020,15778,0
578020,27332,0
578020,17846,0
578020,25422,0
579763,1877,1
579763,1566,0
579763,13332,0
579763,13422,0
579763,27334,0
580018,11077,1
580018,10704,0
580018,9205,0
580018,15996,0
580018,2134,0
580714,22644,1
580714,8936,0
580714,22798,0
580714,18140,0
580714,17430,0
580768,3338,1
580768,10648,0
580768,7475,0
580768,25007,0
580768,16831,0
580908,10474,1
580908,6178,0
580908,6649,0
580908,24211,0
580908,13373,0
581268,9184,1
581268,15249,0
581268,1644,0
581268,3553,0
581268,1085,0
582116,17089,1
582116,26038,0
582116,16538,0
582116,14481,0
582116,15445,0
582229,3316,1
582229,458,0
582229,15837,0
582229,16385,0
582229,23596,0
582985,5870,1
582985,20757,0
582985,2900,0
582985,18463,0
582985,3342,0
586282,26414,1
586282,13426,0
586282,15859,0
586282,20673,0
586282,27348,0
586464,13589,1
586464,17783,0
586464,19060,0
586464,27309,0
586464,2549,0
588865,18156,1
588865,22963,0
588865,26853,0
588865,25589,0
588865,22974,0
591404,8805,1
591404,20533,0
591404,1776,0
591404,19684,0
591404,14743,0
591534,24600,1
591534,26596,0
591534,6707,0
591534,9679,0
591534,10807,0
591676,9184,1
591676,3114,0
591676,27613,0
591676,28003,0
591676,13942,0
591678,13922,1
591678,26924,0
591678,26331,0
591678,5833,0
591678,16331,0
591681,12077,1
591681,9416,0
591681,8275,0
591681,142,0
591681,21625,0
592329,24098,1
592329,27199,0
592329,26840,0
592329,7640,0
592329,23550,0
592684,10390,1
592684,21620,0
592684,17750,0
592684,17247,0
592684,20639,0
594133,7963,1
594133,16829,0
594133,23288,0
594133,8810,0
594133,20449,0
594243,1230,1
594243,13492,0
594243,17020,0
594243,2141,0
594243,12005,0
594328,15788,1
594328,4872,0
594328,19906,0
594328,8174,0
594328,17351,0
594508,10997,1
594508,21086,0
594508,9823,0
594508,3117,0
594508,13620,0
594533,18156,1
594533,5243,0
594533,8918,0
594533,21890,0
594533,13081,0
594589,16658,1
594589,8549,0
594589,23726,0
594589,17566,0
594589,21031,0
596525,2447,1
596525,19721,0
596525,21900,0
596525,27186,0
596525,17669,0
597211,7081,1
597211,8209,0
597211,10390,0
597211,8841,0
597211,24633,0
597377,15540,1
597377,15756,0
597377,15304,0
597377,22329,0
597377,26836,0
597928,8622,1
597928,155,0
597928,18240,0
597928,19393,0
597928,19520,0
598931,23724,1
598931,3391,0
598931,7642,0
598931,5286,0
598931,9971,0
598958,24877,1
598958,18535,0
598958,15371,0
598958,785,0
598958,18806,0
599541,4979,1
599541,867,0
599541,1618,0
599541,10603,0
599541,12336,0
600604,4819,1
600604,25914,0
600604,16751,0
600604,14476,0
600604,6830,0
600949,26838,1
600949,18255,0
600949,17382,0
600949,21244,0
600949,21224,0
601817,21821,1
601817,12874,0
601817,20285,0
601817,2226,0
601817,5819,0
602536,18696,1
602536,21131,0
602536,24889,0
602536,9479,0
602536,20719,0
603670,7640,1
603670,16205,0
603670,16476,0
603670,25007,0
603670,8248,0
605191,7640,1
605191,6081,0
605191,13660,0
605191,5243,0
605191,5439,0
609521,20640,1
609521,19533,0
609521,20472,0
609521,20318,0
609521,25331,0
609736,17620,1
609736,5207,0
609736,19785,0
609736,1982,0
609736,9545,0
611524,17089,1
611524,23451,0
611524,17681,0
611524,114,0
611524,5747,0
612297,18156,1
612297,4516,0
612297,9686,0
612297,12425,0
612297,19449,0
612354,16572,1
612354,24769,0
612354,16900,0
612354,11886,0
612354,5811,0
617602,13081,1
617602,803,0
617602,15157,0
617602,9234,0
617602,3553,0
617682,4028,1
617682,9358,0
617682,25107,0
617682,2217,0
617682,5439,0
618106,26083,1
618106,8277,0
618106,15903,0
618106,9937,0
618106,1682,0
618381,1199,1
618381,18618,0
618381,12597,0
618381,9062,0
618381,2616,0
619782,15501,1
619782,26951,0
619782,6589,0
619782,209,0
619782,25364,0
620225,15501,1
620225,14366,0
620225,22805,0
620225,19418,0
620225,11672,0
620540,11675,1
620540,10282,0
620540,17631,0
620540,3700,0
620540,20340,0
621707,20147,1
621707,8604,0
621707,1719,0
621707,21594,0
621707,22810,0
622847,19912,1
622847,23393,0
622847,8060,0
622847,7640,0
622847,3644,0
623997,21335,1
623997,22993,0
623997,15009,0
623997,20541,0
623997,25127,0
625163,9739,1
625163,15611,0
625163,10384,0
625163,27946,0
625163,633,0
625922,7600,1
625922,2310,0
625922,7691,0
625922,11848,0
625922,3900,0
626473,4028,1
626473,14155,0
626473,12615,0
626473,11040,0
626473,8060,0
627198,18156,1
627198,5613,0
627198,24349,0
627198,4149,0
627198,23363,0
628324,18156,1
628324,7042,0
628324,19393,0
628324,5243,0
628324,25589,0
630431,6500,1
630431,22858,0
630431,5840,0
630431,18523,0
630431,18240,0
630613,2554,1
630613,20670,0
630613,13262,0
630613,13780,0
630613,24543,0
631258,18156,1
631258,24887,0
631258,27961,0
631258,24349,0
631258,26526,0
631458,20612,1
631458,25389,0
631458,10245,0
631458,6225,0
631458,1193,0
633402,27613,1
633402,24355,0
633402,13942,0
633402,9568,0
633402,8514,0
633578,24664,1
633578,5613,0
633578,1278,0
633578,24095,0
633578,13489,0
633726,28096,1
633726,333,0
633726,27552,0
633726,1173,0
633726,13286,0
633763,4028,1
633763,20867,0
633763,19204,0
633763,19768,0
633763,8007,0
633834,18156,1
633834,2822,0
633834,1765,0
633834,12913,0
633834,21595,0
635069,13081,1
635069,25007,0
635069,9184,0
635069,6817,0
635069,15777,0
636591,23572,1
636591,481,0
636591,1101,0
636591,15974,0
636591,13627,0
638523,5877,1
638523,19267,0
638523,23916,0
638523,16399,0
638523,26399,0
639654,8060,1
639654,26582,0
639654,26126,0
639654,18538,0
639654,16560,0
640230,19847,1
640230,26415,0
640230,2944,0
640230,7179,0
640230,19486,0
643362,800,1
643362,8754,0
643362,12098,0
643362,662,0
643362,25136,0
643671,5367,1
643671,16991,0
643671,27199,0
643671,390,0
643671,2015,0
644209,13922,1
644209,3856,0
644209,2855,0
644209,102,0
644209,23288,0
645148,5102,1
645148,25811,0
645148,26503,0
645148,11122,0
645148,2746,0
645538,1992,1
645538,2667,0
645538,12513,0
645538,27561,0
645538,25712,0
648301,10282,1
648301,4092,0
648301,14292,0
648301,22530,0
648301,14596,0
648524,18156,1
648524,18320,0
648524,21890,0
648524,8060,0
648524,5972,0
648960,8489,1
648960,25837,0
648960,9081,0
648960,9062,0
648960,26622,0
651252,18240,1
651252,7037,0
651252,25610,0
651252,14026,0
651252,2558,0
651480,16257,1
651480,14015,0
651480,27594,0
651480,5576,0
651480,12971,0
651872,8157,1
651872,23771,0
651872,866,0
651872,9635,0
651872,14907,0
652740,20612,1
652740,823,0
652740,13979,0
652740,22730,0
652740,21473,0
655896,5068,1
655896,8384,0
655896,11191,0
655896,27711,0
655896,27232,0
656452,18806,1
656452,21695,0
656452,12905,0
656452,20892,0
656452,21335,0
659364,19985,1
659364,3100,0
659364,25889,0
659364,10052,0
659364,23567,0
660205,18861,1
660205,5482,0
660205,4894,0
660205,6199,0
660205,14336,0
662616,21370,1
662616,5487,0
662616,6431,0
662616,25941,0
662616,27167,0
662839,8060,1
662839,15294,0
662839,4561,0
662839,24318,0
662839,20410,0
663368,4523,1
663368,2343,0
663368,11424,0
663368,24287,0
663368,22580,0
667000,24051,1
667000,12592,0
667000,17643,0
667000,12041,0
667000,3913,0
667836,9570,1
667836,400,0
667836,2298,0
667836,25062,0
667836,17572,0
668782,8060,1
668782,7052,0
668782,19761,0
668782,25163,0
668782,6339,0
668833,2969,1
668833,24371,0
668833,25049,0
668833,9585,0
668833,26538,0
669123,12708,1
669123,14604,0
669123,3132,0
669123,4545,0
669123,1770,0
670206,13984,1
670206,5220,0
670206,142,0
670206,12802,0
670206,1717,0
671352,27852,1
671352,27651,0
671352,27763,0
671352,5279,0
671352,11980,0
671494,18156,1
671494,10979,0
671494,18832,0
671494,26719,0
671494,5972,0
672882,9184,1
672882,27613,0
672882,13766,0
672882,8487,0
672882,22302,0
673537,18156,1
673537,25007,0
673537,6500,0
673537,22963,0
673537,8060,0
675678,4364,1
675678,24255,0
675678,15943,0
675678,8272,0
675678,27195,0
675754,8448,1
675754,8876,0
675754,10210,0
675754,18048,0
675754,26337,0
676828,10640,1
676828,17014,0
676828,5904,0
676828,24180,0
676828,27460,0
677253,8060,1
677253,11060,0
677253,480,0
677253,7389,0
677253,15374,0
677760,27225,1
677760,3753,0
677760,15962,0
677760,26322,0
677760,19775,0
678234,9184,1
678234,2447,0
678234,27527,0
678234,21164,0
678234,17235,0
678830,18040,1
678830,2633,0
678830,10466,0
678830,25988,0
678830,17799,0
679190,2513,1
679190,21734,0
679190,24767,0
679190,23565,0
679190,18278,0
680409,5388,1
680409,21938,0
680409,4939,0
680409,21769,0
680409,26056,0
680729,9637,1
680729,18240,0
680729,26902,0
680729,26532,0
680729,13244,0
680869,11675,1
680869,5200,0
680869,14320,0
680869,15935,0
680869,1167,0
681087,9184,1
681087,11456,0
681087,11887,0
681087,2688,0
681087,2822,0
682234,4276,1
682234,14417,0
682234,27820,0
682234,21514,0
682234,21689,0
682857,6386,1
682857,25314,0
682857,4217,0
682857,23234,0
682857,24664,0
682915,2447,1
682915,9184,0
682915,21595,0
682915,2814,0
682915,8154,0
684081,27233,1
684081,93,0
684081,19334,0
684081,8,0
684081,16743,0
684928,4422,1
684928,18009,0
684928,26553,0
684928,20138,0
684928,10546,0
685371,20393,1
685371,21194,0
685371,2819,0
685371,3539,0
685371,21555,0
686076,3434,1
686076,13095,0
686076,27784,0
686076,12992,0
686076,3240,0
686262,14377,1
686262,23376,0
686262,8211,0
686262,3426,0
686262,17694,0
687139,20501,1
687139,14117,0
687139,20027,0
687139,18576,0
687139,18735,0
687228,7963,1
687228,22886,0
687228,20026,0
687228,4193,0
687228,20449,0
687476,8622,1
687476,15904,0
687476,1085,0
687476,12983,0
687476,14119,0
688094,21397,1
688094,7316,0
688094,13897,0
688094,8680,0
688094,20626,0
688110,800,1
688110,21077,0
688110,1416,0
688110,2380,0
688110,11486,0
688468,4283,1
688468,4095,0
688468,13860,0
688468,7438,0
688468,17397,0
688750,8060,1
688750,14159,0
688750,25864,0
688750,6339,0
688750,4962,0
690354,5757,1
690354,16649,0
690354,20414,0
690354,10781,0
690354,9922,0
691082,14959,1
691082,18806,0
691082,13218,0
691082,8064,0
691082,5203,0
691922,19985,1
691922,732,0
691922,8004,0
691922,24568,0
691922,23407,0
692482,1860,1
692482,15959,0
692482,23854,0
692482,14797,0
692482,27260,0
692939,17027,1
692939,6334,0
692939,12637,0
692939,16536,0
692939,6322,0
693304,7963,1
693304,16634,0
693304,8810,0
693304,19763,0
693304,3388,0
695336,15501,1
695336,3979,0
695336,1228,0
695336,16107,0
695336,11259,0
695974,477,1
695974,855,0
695974,1543,0
695974,20711,0
695974,19895,0
697058,18626,1
697058,17248,0
697058,19398,0
697058,963,0
697058,11195,0
698139,10681,1
698139,12344,0
698139,21465,0
698139,6658,0
698139,19914,0
699561,26265,1
699561,11900,0
699561,6438,0
699561,9756,0
699561,7054,0
700784,424,1
700784,13511,0
700784,21349,0
700784,23453,0
700784,9242,0
701150,15626,1
701150,17769,0
701150,6953,0
701150,5204,0
701150,5223,0
706197,14529,1
706197,5613,0
706197,3768,0
706197,11190,0
706197,18511,0
708094,13080,1
708094,8132,0
708094,9782,0
708094,10628,0
708094,1208,0
709550,23926,1
709550,19038,0
709550,5559,0
709550,23681,0
709550,8272,0
710491,1680,1
710491,11143,0
710491,12182,0
710491,8853,0
710491,13083,0
710922,4028,1
710922,6076,0
710922,4255,0
710922,15714,0
710922,22704,0
711885,27416,1
711885,16526,0
711885,7636,0
711885,26588,0
711885,28105,0
712278,7807,1
712278,26626,0
712278,17846,0
712278,17671,0
712278,1865,0
712803,13922,1
712803,19204,0
712803,14827,0
712803,1233,0
712803,11967,0
712980,6340,1
712980,1876,0
712980,19112,0
712980,5534,0
712980,18317,0
714067,20449,1
714067,508,0
714067,18511,0
714067,16634,0
714067,25589,0
715013,7532,1
715013,13525,0
715013,15555,0
715013,24760,0
715013,5097,0
715659,18657,1
715659,24673,0
715659,25739,0
715659,21366,0
715659,21193,0
717097,8060,1
717097,22886,0
717097,19912,0
717097,23451,0
717097,9510,0
718113,21687,1
718113,20612,0
718113,5200,0
718113,23701,0
718113,22999,0
718432,26920,1
718432,10707,0
718432,26002,0
718432,8714,0
718432,27516,0
720099,10824,1
720099,24965,0
720099,14871,0
720099,17479,0
720099,6187,0
720842,16476,1
720842,26399,0
720842,22540,0
720842,9026,0
720842,19843,0
722834,15140,1
722834,16144,0
722834,8511,0
722834,4977,0
722834,18156,0
724435,4905,1
724435,21465,0
724435,13075,0
724435,3174,0
724435,11975,0
724489,18794,1
724489,23801,0
724489,18695,0
724489,21467,0
724489,21625,0
725196,4091,1
725196,18922,0
725196,15656,0
725196,27376,0
725196,619,0
726877,2342,1
726877,498,0
726877,7458,0
726877,26634,0
726877,17774,0
728443,21859,1
728443,18958,0
728443,13591,0
728443,18463,0
728443,24878,0
729192,18156,1
729192,1080,0
729192,7042,0
729192,15446,0
729192,27695,0
729401,8060,1
729401,15374,0
729401,25163,0
729401,5668,0
729401,11060,0
729749,7640,1
729749,9184,0
729749,12615,0
729749,1412,0
729749,8423,0
731177,11077,1
731177,872,0
731177,14912,0
731177,3700,0
731177,13103,0
732854,5811,1
732854,6337,0
732854,7236,0
732854,24752,0
732854,14184,0
733422,1877,1
733422,9202,0
733422,13624,0
733422,2280,0
733422,25814,0
734588,18626,1
734588,26299,0
734588,21436,0
734588,18295,0
734588,15756,0
735007,28096,1
735007,13080,0
735007,2897,0
735007,24371,0
735007,12080,0
735701,1344,1
735701,21270,0
735701,22008,0
735701,7498,0
735701,10245,0
735958,12922,1
735958,22826,0
735958,18545,0
735958,9687,0
735958,25195,0
736204,2200,1
736204,185,0
736204,26798,0
736204,13759,0
736204,24180,0
737308,23335,1
737308,23459,0
737308,17746,0
737308,3818,0
737308,18006,0
738876,2942,1
738876,6721,0
738876,15369,0
738876,1272,0
738876,19534,0
739355,13622,1
739355,25906,0
739355,8544,0
739355,13756,0
739355,11846,0
740725,3728,1
740725,2768,0
740725,12586,0
740725,13157,0
740725,1634,0
741580,25837,1
741580,2291,0
741580,27749,0
741580,9088,0
741580,9287,0
742349,18703,1
742349,27557,0
742349,8743,0
742349,2521,0
742349,24248,0
745493,14348,1
745493,12634,0
745493,1892,0
745493,27460,0
745493,15247,0
745760,13922,1
745760,1833,0
745760,9510,0
745760,15480,0
745760,19470,0
746329,10997,1
746329,20628,0
746329,17147,0
746329,15501,0
746329,19993,0
747659,13622,1
747659,9386,0
747659,15501,0
747659,22220,0
747659,18897,0
748755,7640,1
748755,3644,0
748755,1789,0
748755,6500,0
748755,11352,0
750690,18156,1
750690,19520,0
750690,9742,0
750690,8622,0
750690,9442,0
751149,15540,1
751149,24674,0
751149,22580,0
751149,8299,0
751149,1763,0
751253,8060,1
751253,9879,0
751253,1018,0
751253,18346,0
751253,16272,0
751416,27222,1
751416,2070,0
751416,10393,0
751416,8825,0
751416,16193,0
751441,3257,1
751441,20934,0
751441,19758,0
751441,24287,0
751441,20393,0
751703,3874,1
751703,1850,0
751703,27610,0
751703,28124,0
751703,13091,0
752478,11416,1
752478,8117,0
752478,25246,0
752478,21338,0
752478,26507,0
753165,1374,1
753165,6340,0
753165,10421,0
753165,12459,0
753165,26474,0
754639,8060,1
754639,19470,0
754639,23288,0
754639,16821,0
754639,15394,0
756246,15424,1
756246,5304,0
756246,23064,0
756246,17671,0
756246,9273,0
756435,11570,1
756435,11111,0
756435,27521,0
756435,27624,0
756435,1142,0
756877,26265,1
756877,3647,0
756877,5304,0
756877,22633,0
756877,1906,0
757514,18156,1
757514,23240,0
757514,8471,0
757514,21223,0
757514,4516,0
758617,18156,1
758617,5310,0
758617,2873,0
758617,19912,0
758617,22797,0
758669,17089,1
758669,5036,0
758669,14141,0
758669,21164,0
758669,24058,0
760364,6721,1
760364,19617,0
760364,6043,0
760364,17671,0
760364,14665,0
761292,19601,1
761292,18704,0
761292,25525,0
761292,23939,0
761292,3416,0
761487,18156,1
761487,8362,0
761487,3753,0
761487,1085,0
761487,3644,0
761880,19663,1
761880,6650,0
761880,3487,0
761880,13574,0
761880,9197,0
762379,2942,1
762379,24287,0
762379,10469,0
762379,20228,0
762379,3564,0
762630,18243,1
762630,14633,0
762630,4075,0
762630,24898,0
762630,24291,0
763608,27390,1
763608,27202,0
763608,18902,0
763608,6396,0
763608,12796,0
764193,25405,1
764193,2226,0
764193,22610,0
764193,25163,0
764193,8994,0
764751,1018,1
764751,1809,0
764751,24062,0
764751,22081,0
764751,26011,0
766637,10163,1
766637,17051,0
766637,499,0
766637,14052,0
766637,9751,0
767036,17089,1
767036,11169,0
767036,20307,0
767036,24586,0
767036,16909,0
767113,1018,1
767113,26476,0
767113,27108,0
767113,24196,0
767113,18346,0
767379,11475,1
767379,436,0
767379,9877,0
767379,534,0
767379,16911,0
767434,5203,1
767434,25145,0
767434,14924,0
767434,10823,0
767434,16185,0
769307,16952,1
769307,16155,0
769307,22134,0
769307,19267,0
769307,9422,0
769740,9184,1
769740,13321,0
769740,26291,0
769740,17970,0
769740,17089,0
770469,7551,1
770469,6438,0
770469,1958,0
770469,24541,0
770469,3883,0
770491,23451,1
770491,18167,0
770491,9071,0
770491,21668,0
770491,13823,0
770847,16704,1
770847,26329,0
770847,18979,0
770847,15887,0
770847,22527,0
772504,20612,1
772504,21334,0
772504,16167,0
772504,3487,0
772504,1193,0
773328,5358,1
773328,7228,0
773328,26902,0
773328,20399,0
773328,6784,0
773932,7963,1
773932,27455,0
773932,20449,0
773932,16560,0
773932,16228,0
775542,8754,1
775542,16430,0
775542,21487,0
775542,27630,0
775542,15967,0
776173,26265,1
776173,13643,0
776173,24996,0
776173,17402,0
776173,8298,0
776340,7963,1
776340,16560,0
776340,13897,0
776340,27264,0
776340,5310,0
776650,12845,1
776650,9823,0
776650,23595,0
776650,11042,0
776650,17699,0
777465,28133,1
777465,1951,0
777465,21645,0
777465,15807,0
777465,26363,0
778121,14830,1
778121,25004,0
778121,20254,0
778121,20662,0
778121,10707,0
778901,21403,1
778901,22284,0
778901,23142,0
778901,8012,0
778901,1076,0
782286,5182,1
782286,6751,0
782286,2658,0
782286,22028,0
782286,6144,0
783646,21903,1
783646,7346,0
783646,2509,0
783646,1845,0
783646,2707,0
784793,17770,1
784793,13029,0
784793,13003,0
784793,16446,0
784793,27847,0
786857,2447,1
786857,22640,0
786857,27204,0
786857,20082,0
786857,27997,0
786922,5835,1
786922,3306,0
786922,11756,0
786922,25250,0
786922,23533,0
787100,5004,1
787100,4079,0
787100,27660,0
787100,22429,0
787100,27383,0
790388,9046,1
790388,3892,0
790388,25591,0
790388,26400,0
790388,20122,0
790772,11628,1
790772,25991,0
790772,22000,0
790772,27321,0
790772,4316,0
791530,21578,1
791530,26150,0
791530,12272,0
791530,265,0
791530,9311,0
792600,18949,1
792600,27332,0
792600,15504,0
792600,275,0
792600,2453,0
793057,15453,1
793057,27474,0
793057,19868,0
793057,17655,0
793057,2212,0
793098,14350,1
793098,18727,0
793098,19342,0
793098,16489,0
793098,21180,0
794189,21644,1
794189,18703,0
794189,5162,0
794189,28103,0
794189,2525,0
794527,23682,1
794527,1171,0
794527,20020,0
794527,22610,0
794527,8117,0
795603,8060,1
795603,3334,0
795603,14727,0
795603,5704,0
795603,1343,0
797129,9772,1
797129,26109,0
797129,14901,0
797129,5760,0
797129,19718,0
798138,2730,1
798138,8544,0
798138,10496,0
798138,6367,0
798138,4900,0
798180,22704,1
798180,9345,0
798180,26756,0
798180,16560,0
798180,16831,0
798827,19933,1
798827,4941,0
798827,19017,0
798827,4092,0
798827,8466,0
799266,2329,1
799266,8115,0
799266,11046,0
799266,1703,0
799266,9921,0
800311,21406,1
800311,20816,0
800311,15845,0
800311,19515,0
800311,849,0
800462,4028,1
800462,3553,0
800462,4243,0
800462,9234,0
800462,23036,0
801545,26853,1
801545,11778,0
801545,22548,0
801545,11109,0
801545,5229,0
801746,11766,1
801746,26656,0
801746,21297,0
801746,18903,0
801746,22623,0
801775,17402,1
801775,7858,0
801775,8009,0
801775,17319,0
801775,27840,0
802854,19261,1
802854,9661,0
802854,8140,0
802854,27594,0
802854,27019,0
803521,17740,1
803521,22369,0
803521,5618,0
803521,19322,0
803521,860,0
804554,4028,1
804554,8173,0
804554,7139,0
804554,15714,0
804554,11990,0
804583,16545,1
804583,21794,0
804583,10786,0
804583,25034,0
804583,22421,0
804980,20612,1
804980,2048,0
804980,499,0
804980,10258,0
804980,7065,0
805321,7722,1
805321,26306,0
805321,13685,0
805321,19272,0
805321,16229,0
808384,14314,1
808384,19864,0
808384,8431,0
808384,17231,0
808384,23525,0
808914,18156,1
808914,5912,0
808914,8251,0
808914,10840,0
808914,4028,0
810718,6236,1
810718,26376,0
810718,82,0
810718,25993,0
810718,5722,0
811539,2447,1
811539,3129,0
811539,12068,0
811539,28058,0
811539,2969,0
811575,16809,1
811575,5385,0
811575,971,0
811575,3307,0
811575,10126,0
811839,14830,1
811839,5603,0
811839,12938,0
811839,12849,0
811839,17504,0
813157,12637,1
813157,625,0
813157,19767,0
813157,4983,0
813157,13200,0
814610,11271,1
814610,21578,0
814610,1019,0
814610,24238,0
814610,10866,0
814909,26156,1
814909,16531,0
814909,7663,0
814909,14099,0
814909,16002,0
815495,18156,1
815495,6081,0
815495,21890,0
815495,7042,0
815495,9442,0
817089,17729,1
817089,812,0
817089,2925,0
817089,16503,0
817089,11299,0
817167,5776,1
817167,9543,0
817167,16805,0
817167,1734,0
817167,11268,0
817980,2749,1
817980,26085,0
817980,10343,0
817980,651,0
817980,6346,0
820761,16667,1
820761,8620,0
820761,16028,0
820761,5876,0
820761,3954,0
822357,4028,1
822357,19768,0
822357,4618,0
822357,22704,0
822357,13922,0
822401,13409,1
822401,18180,0
822401,22750,0
822401,24097,0
822401,3238,0
823571,22302,1
823571,8469,0
823571,2536,0
823571,8721,0
823571,12615,0
824122,24641,1
824122,21406,0
824122,24891,0
824122,23553,0
824122,27158,0
824960,5367,1
824960,20836,0
824960,13660,0
824960,27108,0
824960,1811,0
826416,5334,1
826416,13958,0
826416,10735,0
826416,11685,0
826416,13080,0
826528,11046,1
826528,7235,0
826528,16818,0
826528,3565,0
826528,4978,0
828403,8622,1
828403,16476,0
828403,23393,0
828403,17217,0
828403,10640,0
829023,753,1
829023,17864,0
829023,20393,0
829023,2672,0
829023,23713,0
830260,24921,1
830260,3330,0
830260,17375,0
830260,26470,0
830260,17286,0
831727,7640,1
831727,8248,0
831727,155,0
831727,2015,0
831727,14432,0
832156,15595,1
832156,7416,0
832156,4740,0
832156,2942,0
832156,9327,0
832773,5649,1
832773,16522,0
832773,26192,0
832773,2050,0
832773,18782,0
833450,10991,1
833450,5576,0
833450,3428,0
833450,4053,0
833450,5581,0
833784,2738,1
833784,5317,0
833784,26249,0
833784,25007,0
833784,1122,0
834195,22273,1
834195,4852,0
834195,5596,0
834195,4926,0
834195,11270,0
834548,26249,1
834548,7963,0
834548,25770,0
834548,25705,0
834548,5310,0
834647,19398,1
834647,17552,0
834647,21775,0
834647,15264,0
834647,24221,0
836158,23439,1
836158,11056,0
836158,11987,0
836158,18416,0
836158,2860,0
837928,16821,1
837928,23525,0
837928,24242,0
837928,26141,0
837928,3772,0
837936,18156,1
837936,3709,0
837936,9742,0
837936,19775,0
837936,15962,0
837979,27357,1
837979,19342,0
837979,8508,0
837979,22235,0
837979,1342,0
841633,19786,1
841633,2696,0
841633,27360,0
841633,1513,0
841633,22017,0
841658,4028,1
841658,13922,0
841658,15294,0
841658,21283,0
841658,6076,0
842473,15501,1
842473,26814,0
842473,893,0
842473,4890,0
842473,11743,0
842495,5367,1
842495,18523,0
842495,5840,0
842495,27225,0
842495,6374,0
844469,6870,1
844469,21907,0
844469,11347,0
844469,24454,0
844469,5415,0
845014,17089,1
845014,5747,0
845014,14813,0
845014,9184,0
845014,18511,0
847811,4679,1
847811,19985,0
847811,8506,0
847811,16883,0
847811,1208,0
848285,19745,1
848285,22087,0
848285,3288,0
848285,981,0
848285,14206,0
849125,357,1
849125,8024,0
849125,3680,0
849125,9991,0
849125,6165,0
850402,18626,1
850402,25755,0
850402,15756,0
850402,5987,0
850402,10871,0
853676,11384,1
853676,678,0
853676,15574,0
853676,27296,0
853676,10158,0
853819,14762,1
853819,9410,0
853819,2868,0
853819,13628,0
853819,13559,0
854663,17977,1
854663,3509,0
854663,7433,0
854663,10010,0
854663,3333,0
855261,17239,1
855261,28112,0
855261,6421,0
855261,4053,0
855261,6025,0
855836,7999,1
855836,21394,0
855836,25971,0
855836,23865,0
855836,23635,0
855848,3021,1
855848,12234,0
855848,24211,0
855848,21056,0
855848,604,0
855877,18794,1
855877,11102,0
855877,223,0
855877,3300,0
855877,21625,0
857961,1992,1
857961,4861,0
857961,4980,0
857961,8447,0
857961,8243,0
858111,18156,1
858111,9742,0
858111,19775,0
858111,13081,0
858111,15446,0
860108,15996,1
860108,14167,0
860108,13662,0
860108,24364,0
860108,14917,0
860629,4028,1
860629,18511,0
860629,26353,0
860629,14426,0
860629,8721,0
861605,26788,1
861605,23889,0
861605,13651,0
861605,19369,0
861605,21996,0
861616,17202,1
861616,21335,0
861616,11046,0
861616,11114,0
861616,24752,0
861657,7963,1
861657,9234,0
861657,15249,0
861657,2855,0
861657,23965,0
862100,9782,1
862100,8335,0
862100,12561,0
862100,26346,0
862100,4427,0
862327,10115,1
862327,18712,0
862327,25030,0
862327,16612,0
862327,2794,0
863388,18719,1
863388,24715,0
863388,10027,0
863388,24405,0
863388,26335,0
863553,15140,1
863553,20732,0
863553,7052,0
863553,25589,0
863553,10445,0
864603,14253,1
864603,15401,0
864603,25906,0
864603,856,0
864603,7096,0
864945,18156,1
864945,18523,0
864945,26853,0
864945,9742,0
864945,13660,0
865194,3412,1
865194,10640,0
865194,21463,0
865194,24215,0
865194,7995,0
865791,18156,1
865791,22880,0
865791,21982,0
865791,7827,0
865791,8471,0
865895,16256,1
865895,5083,0
865895,26936,0
865895,6373,0
865895,14950,0
865915,3036,1
865915,24238,0
865915,6457,0
865915,26914,0
865915,23253,0
866121,20260,1
866121,22706,0
866121,23845,0
866121,21402,0
866121,7250,0
866523,1272,1
866523,10782,0
866523,27677,0
866523,20736,0
866523,8234,0
868147,6149,1
868147,15718,0
868147,23713,0
868147,27214,0
868147,10346,0
868809,4028,1
868809,27311,0
868809,461,0
868809,12372,0
868809,2277,0
870949,14817,1
870949,26806,0
870949,24787,0
870949,5756,0
870949,20718,0
872911,971,1
872911,5288,0
872911,18763,0
872911,4595,0
872911,17055,0
872916,15140,1
872916,9862,0
872916,26384,0
872916,354,0
872916,4541,0
873969,18719,1
873969,26832,0
873969,15872,0
873969,5102,0
873969,18032,0
874041,4326,1
874041,17619,0
874041,23736,0
874041,3550,0
874041,24050,0
874081,3338,1
874081,27555,0
874081,1644,0
874081,5310,0
874081,9645,0
874220,18156,1
874220,1789,0
874220,15249,0
874220,13660,0
874220,2015,0
874974,26328,1
874974,6721,0
874974,17881,0
874974,1846,0
874974,3604,0
875751,21370,1
875751,10522,0
875751,7550,0
875751,8665,0
875751,23238,0
876701,6850,1
876701,8214,0
876701,18225,0
876701,17023,0
876701,22421,0
880174,8729,1
880174,25601,0
880174,4508,0
880174,2902,0
880174,25281,0
883159,23705,1
883159,27002,0
883159,940,0
883159,15790,0
883159,9459,0
883319,26265,1
883319,8805,0
883319,25336,0
883319,7167,0
883319,27866,0
883395,2173,1
883395,18478,0
883395,23081,0
883395,4142,0
883395,8061,0
886235,16536,1
886235,7996,0
886235,1650,0
886235,12849,0
886235,15919,0
887554,3325,1
887554,12469,0
887554,5295,0
887554,26348,0
887554,9773,0
888034,7327,1
888034,425,0
888034,17032,0
888034,27357,0
888034,1866,0
888542,7192,1
888542,8067,0
888542,6315,0
888542,24852,0
888542,15127,0
889483,5203,1
889483,17885,0
889483,24671,0
889483,7546,0
889483,1718,0
889714,9617,1
889714,14530,0
889714,17699,0
889714,6896,0
889714,13892,0
890419,2672,1
890419,16635,0
890419,12379,0
890419,20516,0
890419,10360,0
890548,6145,1
890548,22287,0
890548,20512,0
890548,8251,0
890548,16731,0
890852,18156,1
890852,8918,0
890852,7042,0
890852,13660,0
890852,15904,0
891844,22393,1
891844,25446,0
891844,19279,0
891844,10609,0
891844,24878,0
892222,28137,1
892222,11229,0
892222,9674,0
892222,25963,0
892222,21775,0
892486,9804,1
892486,25649,0
892486,4076,0
892486,8306,0
892486,18926,0
892770,18156,1
892770,8622,0
892770,5840,0
892770,6500,0
892770,12615,0
893292,18956,1
893292,12477,0
893292,10984,0
893292,16940,0
893292,17069,0
894581,15403,1
894581,5407,0
894581,23906,0
894581,22440,0
894581,4680,0
895615,10696,1
895615,6721,0
895615,5089,0
895615,3585,0
895615,13875,0
895958,18156,1
895958,6374,0
895958,21809,0
895958,155,0
895958,6081,0
896719,23705,1
896719,16166,0
896719,5661,0
896719,21838,0
896719,271,0
898268,12971,1
898268,7775,0
898268,25643,0
898268,13437,0
898268,16143,0
899387,5877,1
899387,5611,0
899387,10805,0
899387,27390,0
899387,27594,0
899410,8060,1
899410,19761,0
899410,26628,0
899410,18544,0
899410,14727,0
900986,24921,1
900986,3200,0
900986,2900,0
900986,5211,0
900986,3643,0
902821,20080,1
902821,3183,0
902821,10860,0
902821,10010,0
902821,26713,0
903179,18953,1
903179,9832,0
903179,11995,0
903179,27397,0
903179,7344,0
903397,21644,1
903397,10105,0
903397,18332,0
903397,8533,0
903397,2237,0
903781,1918,1
903781,23678,0
903781,11792,0
903781,26363,0
903781,14830,0
905425,3091,1
905425,8325,0
905425,21453,0
905425,28133,0
905425,19565,0
905520,24666,1
905520,14552,0
905520,24294,0
905520,3075,0
905520,25221,0
906000,9184,1
906000,1018,0
906000,28053,0
906000,25589,0
906000,27455,0
906803,28133,1
906803,14371,0
906803,21295,0
906803,26415,0
906803,21645,0
907405,26328,1
907405,5496,0
907405,22027,0
907405,3772,0
907405,15486,0
907571,15626,1
907571,8369,0
907571,26159,0
907571,24019,0
907571,28038,0
907823,12317,1
907823,23879,0
907823,28110,0
907823,777,0
907823,27403,0
911715,14959,1
911715,8064,0
911715,24774,0
911715,25932,0
911715,5877,0
911946,16963,1
911946,2937,0
911946,27333,0
911946,4377,0
911946,4420,0
912626,18156,1
912626,13996,0
912626,27086,0
912626,6500,0
912626,20457,0
914198,11384,1
914198,15194,0
914198,16663,0
914198,15054,0
914198,27300,0
916294,9184,1
916294,11742,0
916294,11887,0
916294,24420,0
916294,20309,0
917810,13674,1
917810,19990,0
917810,2616,0
917810,18,0
917810,10935,0
917953,14550,1
917953,11758,0
917953,9459,0
917953,17414,0
917953,11603,0
918225,14873,1
918225,27740,0
918225,7578,0
918225,22206,0
918225,26137,0
918268,24967,1
918268,11510,0
918268,16103,0
918268,25714,0
918268,16900,0
918497,26622,1
918497,23028,0
918497,22947,0
918497,13887,0
918497,3745,0
918839,20662,1
918839,10105,0
918839,14022,0
918839,25314,0
918839,7524,0
918929,9184,1
918929,3204,0
918929,20939,0
918929,23245,0
918929,21944,0
919544,7640,1
919544,13996,0
919544,10640,0
919544,16991,0
919544,5367,0
920470,15501,1
920470,4885,0
920470,8969,0
920470,19249,0
920470,3651,0
921164,8060,1
921164,26642,0
921164,21766,0
921164,6473,0
921164,25451,0
923436,24671,1
923436,12530,0
923436,23930,0
923436,8816,0
923436,23744,0
923448,15140,1
923448,11191,0
923448,2718,0
923448,21276,0
923448,9862,0
923832,13481,1
923832,8383,0
923832,5553,0
923832,24875,0
923832,22087,0
924881,19012,1
924881,2825,0
924881,10831,0
924881,17103,0
924881,10588,0
926243,7963,1
926243,9568,0
926243,9301,0
926243,27527,0
926243,880,0
926496,26074,1
926496,10959,0
926496,22843,0
926496,13987,0
926496,22651,0
926951,23027,1
926951,23681,0
926951,15032,0
926951,619,0
926951,3885,0
927418,13094,1
927418,18041,0
927418,17687,0
927418,9197,0
927418,21873,0
927822,8620,1
927822,12954,0
927822,11530,0
927822,14160,0
927822,6071,0
927853,26674,1
927853,16959,0
927853,27460,0
927853,25086,0
927853,17800,0
927992,21928,1
927992,23668,0
927992,24342,0
927992,18806,0
927992,16900,0
928416,12139,1
928416,12085,0
928416,3228,0
928416,2651,0
928416,4681,0
928462,11528,1
928462,4939,0
928462,20030,0
928462,21138,0
928462,20830,0
928843,15740,1
928843,14610,0
928843,12616,0
928843,19153,0
928843,18776,0
929696,11923,1
929696,2218,0
929696,14643,0
929696,15294,0
929696,19912,0
930076,12139,1
930076,24332,0
930076,6672,0
930076,2281,0
930076,8686,0
931980,1432,1
931980,12573,0
931980,23771,0
931980,16405,0
931980,5900,0
935022,26249,1
935022,6475,0
935022,14433,0
935022,15610,0
935022,24186,0
935360,21687,1
935360,25943,0
935360,1825,0
935360,2153,0
935360,7286,0
936098,17089,1
936098,9386,0
936098,20836,0
936098,4561,0
936098,4294,0
937628,24357,1
937628,17932,0
937628,2279,0
937628,16217,0
937628,2688,0
941550,17969,1
941550,18378,0
941550,27028,0
941550,523,0
941550,9796,0
942826,24361,1
942826,16053,0
942826,18782,0
942826,9769,0
942826,26425,0
946194,15897,1
946194,6340,0
946194,4420,0
946194,25591,0
946194,3391,0
946732,7963,1
946732,15138,0
946732,2855,0
946732,20449,0
946732,13850,0
946742,22134,1
946742,18987,0
946742,3180,0
946742,22638,0
946742,22430,0
946859,7605,1
946859,16385,0
946859,23980,0
946859,1593,0
946859,8368,0
947030,25580,1
947030,23054,0
947030,9204,0
947030,4462,0
947030,26405,0
947814,26487,1
947814,13073,0
947814,5511,0
947814,14410,0
947814,3510,0
948479,4028,1
948479,7139,0
948479,1257,0
948479,19899,0
948479,10148,0
949065,20816,1
949065,16550,0
949065,19142,0
949065,20929,0
949065,19553,0
949277,6187,1
949277,21007,0
949277,6790,0
949277,17616,0
949277,9053,0
950202,18463,1
950202,4323,0
950202,5071,0
950202,234,0
950202,13213,0
950336,4620,1
950336,27948,0
950336,16748,0
950336,849,0
950336,21792,0
951863,17089,1
951863,8700,0
951863,16538,0
951863,4981,0
951863,19372,0
953316,12545,1
953316,15051,0
953316,11702,0
953316,8602,0
953316,2690,0
954026,13334,1
954026,27606,0
954026,18217,0
954026,5274,0
954026,21701,0
954478,4028,1
954478,4846,0
954478,22833,0
954478,14975,0
954478,21721,0
955135,4871,1
955135,26561,0
955135,21561,0
955135,3180,0
955135,16507,0
955946,19868,1
955946,7869,0
955946,21459,0
955946,3651,0
955946,9206,0
961920,2173,1
961920,5757,0
961920,14727,0
961920,9071,0
961920,8180,0
962180,639,1
962180,14319,0
962180,17298,0
962180,3354,0
962180,19753,0
963132,27613,1
963132,5747,0
963132,23666,0
963132,21706,0
963132,10731,0
964356,16476,1
964356,14012,0
964356,3077,0
964356,16824,0
964356,19647,0
964712,14959,1
964712,21333,0
964712,26348,0
964712,5877,0
964712,20934,0
964795,11619,1
964795,14057,0
964795,5031,0
964795,8632,0
964795,27376,0
964891,15158,1
964891,16341,0
964891,26133,0
964891,13874,0
964891,147,0
964964,1272,1
964964,15392,0
964964,15322,0
964964,12152,0
964964,8234,0
966379,8060,1
966379,19768,0
966379,28053,0
966379,7383,0
966379,24186,0
966578,21939,1
966578,20543,0
966578,7407,0
966578,16112,0
966578,23404,0
970408,167,1
970408,22025,0
970408,1624,0
970408,7887,0
970408,22161,0
970612,26083,1
970612,17115,0
970612,27697,0
970612,13262,0
970612,7144,0
970831,18483,1
970831,10395,0
970831,13759,0
970831,13620,0
970831,2631,0
971110,1537,1
971110,3330,0
971110,16529,0
971110,13378,0
971110,19745,0
971381,27500,1
971381,19219,0
971381,5213,0
971381,27679,0
971381,5491,0
971689,12285,1
971689,16900,0
971689,13836,0
971689,8951,0
971689,18942,0
973488,8448,1
973488,19821,0
973488,28127,0
973488,18697,0
973488,12282,0
974080,12958,1
974080,19224,0
974080,17069,0
974080,27874,0
974080,11528,0
975957,2814,1
975957,17089,0
975957,5655,0
975957,24420,0
975957,26958,0
976687,18156,1
976687,826,0
976687,27225,0
976687,9742,0
976687,18261,0
977322,18156,1
977322,13996,0
977322,17217,0
977322,155,0
977322,15962,0
977956,8060,1
977956,17252,0
977956,1300,0
977956,24973,0
977956,9124,0
980004,1018,1
980004,20400,0
980004,19118,0
980004,7177,0
980004,4618,0
981236,14826,1
981236,21451,0
981236,14414,0
981236,676,0
981236,23840,0
982128,5870,1
982128,4607,0
982128,2900,0
982128,3869,0
982128,23396,0
982329,18156,1
982329,15962,0
982329,9442,0
982329,22974,0
982329,8918,0
986942,3031,1
986942,20412,0
986942,10782,0
986942,24661,0
986942,23981,0
989035,3741,1
989035,21669,0
989035,18270,0
989035,307,0
989035,26737,0
990209,2447,1
990209,8316,0
990209,5720,0
990209,7475,0
990209,18981,0
991450,13900,1
991450,23619,0
991450,22588,0
991450,13736,0
991450,14311,0
993295,24229,1
993295,27881,0
993295,1776,0
993295,3909,0
993295,11761,0
993479,18240,1
993479,19843,0
993479,7000,0
993479,25606,0
993479,17875,0
993597,5693,1
993597,15578,0
993597,24792,0
993597,7009,0
993597,2211,0
994891,25900,1
994891,7126,0
994891,1051,0
994891,1211,0
994891,16968,0
995681,18156,1
995681,27199,0
995681,18523,0
995681,15962,0
995681,20457,0
997463,729,1
997463,19203,0
997463,23724,0
997463,10258,0
997463,23382,0
997803,22273,1
997803,5875,0
997803,4589,0
997803,2219,0
997803,3634,0
998528,12614,1
998528,14739,0
998528,18942,0
998528,20512,0
998528,21153,0
1000324,18878,1
1000324,1584,0
1000324,12319,0
1000324,16240,0
1000324,17419,0
1001895,8060,1
1001895,15374,0
1001895,1350,0
1001895,5704,0
1001895,16115,0
1002013,6256,1
1002013,20044,0
1002013,20123,0
1002013,8713,0
1002013,20874,0
1003245,21951,1
1003245,1117,0
1003245,26080,0
1003245,27209,0
1003245,1191,0
1003669,15566,1
1003669,20557,0
1003669,17599,0
1003669,1597,0
1003669,26109,0
1003729,14959,1
1003729,22112,0
1003729,5004,0
1003729,17616,0
1003729,16753,0
1003917,13933,1
1003917,6500,0
1003917,2015,0
1003917,18240,0
1003917,9742,0
1004585,7963,1
1004585,1358,0
1004585,20847,0
1004585,16829,0
1004585,15777,0
1006074,4028,1
1006074,461,0
1006074,5943,0
1006074,11990,0
1006074,6076,0
1006256,9522,1
1006256,3148,0
1006256,849,0
1006256,19329,0
1006256,27866,0
1008866,1515,1
1008866,79,0
1008866,8026,0
1008866,14317,0
1008866,19289,0
1009265,27768,1
1009265,3728,0
1009265,24676,0
1009265,8763,0
1009265,1813,0
1012327,2814,1
1012327,24598,0
1012327,23806,0
1012327,17511,0
1012327,26786,0
1013418,25389,1
1013418,27163,0
1013418,16635,0
1013418,15624,0
1013418,16700,0
1014068,19912,1
1014068,18492,0
1014068,19600,0
1014068,26526,0
1014068,10431,0
1016305,18102,1
1016305,24785,0
1016305,14957,0
1016305,11789,0
1016305,22135,0
1017791,8575,1
1017791,25227,0
1017791,18896,0
1017791,13759,0
1017791,18382,0
1018743,20612,1
1018743,8260,0
1018743,22730,0
1018743,16942,0
1018743,9368,0
1021139,3045,1
1021139,8008,0
1021139,7494,0
1021139,12722,0
1021139,24371,0
1022092,7643,1
1022092,7467,0
1022092,1756,0
1022092,301,0
1022092,14922,0
1022873,26405,1
1022873,2699,0
1022873,2784,0
1022873,27843,0
1022873,21137,0
1023038,16479,1
1023038,4595,0
1023038,15756,0
1023038,14699,0
1023038,13433,0
1023475,24243,1
1023475,9213,0
1023475,17760,0
1023475,25757,0
1023475,6053,0
1026929,27884,1
1026929,5780,0
1026929,4612,0
1026929,15796,0
1026929,24721,0
1028477,5870,1
1028477,11046,0
1028477,4607,0
1028477,4281,0
1028477,196,0
1028611,26085,1
1028611,18160,0
1028611,15373,0
1028611,3003,0
1028611,15299,0
1028944,4044,1
1028944,7077,0
1028944,21733,0
1028944,2635,0
1028944,24654,0
1029798,26740,1
1029798,13099,0
1029798,22608,0
1029798,23061,0
1029798,2902,0
1030676,27613,1
1030676,24586,0
1030676,16888,0
1030676,8514,0
1030676,992,0
1033717,13410,1
1033717,11570,0
1033717,17644,0
1033717,8555,0
1033717,7060,0
1035080,21578,1
1035080,4666,0
1035080,9278,0
1035080,24124,0
1035080,23689,0
1036414,27500,1
1036414,18987,0
1036414,14683,0
1036414,15383,0
1036414,25443,0
1036465,23545,1
1036465,23847,0
1036465,26168,0
1036465,11440,0
1036465,4092,0
1036506,18719,1
1036506,12427,0
1036506,16309,0
1036506,3549,0
1036506,25229,0
1036559,18953,1
1036559,13573,0
1036559,23492,0
1036559,12435,0
1036559,12794,0
1036987,1515,1
1036987,22020,0
1036987,20711,0
1036987,1326,0
1036987,17113,0
1037893,8060,1
1037893,421,0
1037893,1542,0
1037893,14461,0
1037893,19761,0
1039544,1640,1
1039544,21141,0
1039544,7596,0
1039544,23824,0
1039544,4806,0
1039730,28133,1
1039730,9479,0
1039730,14963,0
1039730,12616,0
1039730,22947,0
1040756,18156,1
1040756,27086,0
1040756,22974,0
1040756,6374,0
1040756,8060,0
1044430,12603,1
1044430,23061,0
1044430,24732,0
1044430,24194,0
1044430,23968,0
1044461,11515,1
1044461,5261,0
1044461,7144,0
1044461,26826,0
1044461,21428,0
1045132,9184,1
1045132,1473,0
1045132,26871,0
1045132,23245,0
1045132,4981,0
1045292,5977,1
1045292,11965,0
1045292,4454,0
1045292,16364,0
1045292,20909,0
1046291,9663,1
1046291,7469,0
1046291,26415,0
1046291,20634,0
1046291,15036,0
1047088,14959,1
1047088,17616,0
1047088,2345,0
1047088,27293,0
1047088,4562,0
1047672,27613,1
1047672,12263,0
1047672,2447,0
1047672,14481,0
1047672,8154,0
1047954,3273,1
1047954,5615,0
1047954,9339,0
1047954,6348,0
1047954,15700,0
1048770,18819,1
1048770,6902,0
1048770,1947,0
1048770,9734,0
1048770,4457,0
1049373,1644,1
1049373,6247,0
1049373,22719,0
1049373,10707,0
1049373,10241,0
1049523,702,1
1049523,23896,0
1049523,11947,0
1049523,17089,0
1049523,20451,0
1049568,26159,1
1049568,27223,0
1049568,27322,0
1049568,18212,0
1049568,1105,0
1049778,6373,1
1049778,23542,0
1049778,3291,0
1049778,2499,0
1049778,22430,0
1050228,22719,1
1050228,5389,0
1050228,27622,0
1050228,8511,0
1050228,125,0
1050331,15383,1
1050331,8584,0
1050331,24801,0
1050331,17437,0
1050331,25744,0
1051569,16179,1
1051569,4806,0
1051569,6562,0
1051569,18519,0
1051569,27502,0
1052195,17173,1
1052195,9291,0
1052195,14239,0
1052195,9750,0
1052195,8732,0
1052748,23088,1
1052748,14502,0
1052748,15777,0
1052748,23713,0
1052748,26440,0
1052762,14873,1
1052762,24763,0
1052762,6367,0
1052762,5389,0
1052762,27594,0
1052986,25389,1
1052986,16136,0
1052986,26290,0
1052986,13332,0
1052986,22263,0
1053829,21644,1
1053829,26597,0
1053829,3169,0
1053829,5259,0
1053829,24065,0
1055281,2447,1
1055281,24149,0
1055281,7650,0
1055281,18484,0
1055281,5158,0
1055548,9184,1
1055548,3204,0
1055548,26038,0
1055548,14891,0
1055548,11169,0
1056075,3338,1
1056075,9571,0
1056075,5840,0
1056075,27199,0
1056075,10297,0
1056440,8313,1
1056440,20215,0
1056440,14734,0
1056440,11914,0
1056440,25039,0
1058593,17783,1
1058593,19224,0
1058593,19249,0
1058593,23488,0
1058593,20967,0
1058853,19170,1
1058853,5064,0
1058853,4091,0
1058853,11634,0
1058853,26758,0
1059681,9184,1
1059681,1348,0
1059681,2822,0
1059681,14141,0
1059681,5655,0
1060352,2499,1
1060352,24019,0
1060352,19803,0
1060352,14494,0
1060352,5763,0
1060500,18156,1
1060500,24008,0
1060500,13495,0
1060500,8679,0
1060500,13278,0
1060737,26011,1
1060737,8003,0
1060737,24212,0
1060737,14971,0
1060737,16060,0
1062124,20612,1
1062124,823,0
1062124,16942,0
1062124,7800,0
1062124,21334,0
1063296,26328,1
1063296,24556,0
1063296,27388,0
1063296,20520,0
1063296,22027,0
1063338,14959,1
1063338,19523,0
1063338,13297,0
1063338,15943,0
1063338,10866,0
1064574,21673,1
1064574,16038,0
1064574,11581,0
1064574,22372,0
1064574,26187,0
1064889,26265,1
1064889,26124,0
1064889,14608,0
1064889,2499,0
1064889,14725,0
1065630,12236,1
1065630,13625,0
1065630,124,0
1065630,20622,0
1065630,10242,0
1069015,4820,1
1069015,1464,0
1069015,14713,0
1069015,14984,0
1069015,3881,0
1069686,26516,1
1069686,4188,0
1069686,2669,0
1069686,7568,0
1069686,24718,0
1070487,18626,1
1070487,10082,0
1070487,23490,0
1070487,5639,0
1070487,25755,0
1071861,8060,1
1071861,25697,0
1071861,911,0
1071861,16909,0
1071861,2593,0
1072776,20599,1
1072776,19246,0
1072776,14139,0
1072776,22205,0
1072776,3574,0
1074475,8622,1
1074475,7640,0
1074475,15904,0
1074475,5972,0
1074475,22974,0
1074898,26699,1
1074898,7480,0
1074898,7786,0
1074898,4911,0
1074898,8588,0
1075116,21586,1
1075116,8684,0
1075116,26192,0
1075116,16570,0
1075116,2134,0
1075133,22947,1
1075133,17032,0
1075133,20201,0
1075133,4201,0
1075133,27594,0
1075736,5977,1
1075736,16589,0
1075736,23111,0
1075736,8473,0
1075736,25901,0
1077776,28133,1
1077776,25215,0
1077776,14334,0
1077776,26574,0
1077776,26328,0
1078305,705,1
1078305,2515,0
1078305,21603,0
1078305,13759,0
1078305,23801,0
1078627,18156,1
1078627,26719,0
1078627,23419,0
1078627,27086,0
1078627,17217,0
1078637,9184,1
1078637,11742,0
1078637,26011,0
1078637,2447,0
1078637,26958,0
1080950,8644,1
1080950,10264,0
1080950,19219,0
1080950,9171,0
1080950,26751,0
1081800,18156,1
1081800,25855,0
1081800,826,0
1081800,13081,0
1081800,6374,0
1082144,26853,1
1082144,8700,0
1082144,5614,0
1082144,15140,0
1082144,10193,0
1083280,12139,1
1083280,17277,0
1083280,8009,0
1083280,7016,0
1083280,4285,0
1085077,5414,1
1085077,15418,0
1085077,25638,0
1085077,16722,0
1085077,9278,0
1085132,27225,1
1085132,22858,0
1085132,16476,0
1085132,155,0
1085132,15249,0
1085645,18953,1
1085645,12704,0
1085645,1694,0
1085645,6446,0
1085645,1290,0
1085845,14051,1
1085845,23492,0
1085845,23036,0
1085845,21603,0
1085845,21392,0
1086004,13922,1
1086004,9552,0
1086004,16560,0
1086004,12812,0
1086004,24702,0
1086284,4250,1
1086284,10549,0
1086284,18126,0
1086284,15635,0
1086284,766,0
1087198,21859,1
1087198,25717,0
1087198,7505,0
1087198,17746,0
1087198,24664,0
1089073,5020,1
1089073,18778,0
1089073,8489,0
1089073,3895,0
1089073,5663,0
1089309,17020,1
1089309,25929,0
1089309,27602,0
1089309,18665,0
1089309,4121,0
1089475,2942,1
1089475,3117,0
1089475,18734,0
1089475,17911,0
1089475,12793,0
1090770,10572,1
1090770,18790,0
1090770,22794,0
1090770,12303,0
1090770,23594,0
1092993,2810,1
1092993,5835,0
1092993,12047,0
1092993,939,0
1092993,12677,0
1093882,22752,1
1093882,22583,0
1093882,1850,0
1093882,5239,0
1093882,23724,0
1094529,1704,1
1094529,9153,0
1094529,26148,0
1094529,27175,0
1094529,19017,0
1094552,15624,1
1094552,16126,0
1094552,20496,0
1094552,27854,0
1094552,7407,0
1094568,27613,1
1094568,12263,0
1094568,6817,0
1094568,17814,0
1094568,10641,0
1095421,2447,1
1095421,28058,0
1095421,25374,0
1095421,299,0
1095421,9477,0
1096221,4340,1
1096221,22276,0
1096221,7165,0
1096221,10734,0
1096221,13386,0
1096685,22886,1
1096685,1811,0
1096685,15777,0
1096685,13081,0
1096685,19768,0
1098500,19985,1
1098500,11486,0
1098500,9060,0
1098500,21454,0
1098500,4620,0
1099639,14643,1
1099639,27577,0
1099639,15853,0
1099639,15315,0
1099639,25589,0
1099876,10907,1
1099876,2246,0
1099876,285,0
1099876,8383,0
1099876,22606,0
1100131,1877,1
1100131,12707,0
1100131,2233,0
1100131,24550,0
1100131,15310,0
1100813,23219,1
1100813,15382,0
1100813,20425,0
1100813,11249,0
1100813,6870,0
1101706,631,1
1101706,6479,0
1101706,6710,0
1101706,23078,0
1101706,15712,0
1102060,16683,1
1102060,11168,0
1102060,20621,0
1102060,3139,0
1102060,19900,0
1102490,13023,1
1102490,19065,0
1102490,7505,0
1102490,7260,0
1102490,6669,0
1102569,26405,1
1102569,8448,0
1102569,12348,0
1102569,6549,0
1102569,7014,0
1103410,16114,1
1103410,27578,0
1103410,10339,0
1103410,796,0
1103410,7075,0
1104424,26249,1
1104424,22886,0
1104424,23078,0
1104424,22434,0
1104424,22521,0
1105050,16476,1
1105050,20089,0
1105050,10352,0
1105050,27372,0
1105050,27658,0
1105488,27257,1
1105488,27236,0
1105488,12951,0
1105488,545,0
1105488,8365,0
1106972,26876,1
1106972,6831,0
1106972,25835,0
1106972,18942,0
1106972,21844,0
1107542,3481,1
1107542,23558,0
1107542,12295,0
1107542,20820,0
1107542,23835,0
1108254,7963,1
1108254,21890,0
1108254,23288,0
1108254,10291,0
1108254,2855,0
1108566,24109,1
1108566,19125,0
1108566,18979,0
1108566,6496,0
1108566,22402,0
1109531,22283,1
1109531,9311,0
1109531,17437,0
1109531,17792,0
1109531,27837,0
1110646,26876,1
1110646,8708,0
1110646,27868,0
1110646,6831,0
1110646,22029,0
1110720,25770,1
1110720,10019,0
1110720,16058,0
1110720,26429,0
1110720,19374,0
1111013,3310,1
1111013,20658,0
1111013,12162,0
1111013,5980,0
1111013,7740,0
1111169,22060,1
1111169,4075,0
1111169,13465,0
1111169,5191,0
1111169,24161,0
1111291,18156,1
1111291,19917,0
1111291,25589,0
1111291,19775,0
1111291,22797,0
1113300,11111,1
1113300,8076,0
1113300,2600,0
1113300,12847,0
1113300,25227,0
1114331,17089,1
1114331,114,0
1114331,23666,0
1114331,20309,0
1114331,8487,0
1114803,13629,1
1114803,22875,0
1114803,9291,0
1114803,22060,0
1114803,26512,0
1116428,2820,1
1116428,26086,0
1116428,16186,0
1116428,21508,0
1116428,21036,0
1116763,8622,1
1116763,5243,0
1116763,27695,0
1116763,3644,0
1116763,826,0
1117982,11257,1
1117982,697,0
1117982,25963,0
1117982,11401,0
1117982,13990,0
1119293,4405,1
1119293,24787,0
1119293,629,0
1119293,23787,0
1119293,23637,0
1120275,27225,1
1120275,25007,0
1120275,21809,0
1120275,8060,0
1120275,22974,0
1120561,10414,1
1120561,19655,0
1120561,22425,0
1120561,11900,0
1120561,26405,0
1121044,27613,1
1121044,21164,0
1121044,12913,0
1121044,24420,0
1121044,26172,0
1122044,18156,1
1122044,15249,0
1122044,27794,0
1122044,25589,0
1122044,1085,0
1123798,24647,1
1123798,26008,0
1123798,11206,0
1123798,26719,0
1123798,117,0
1124227,5367,1
1124227,20203,0
1124227,1800,0
1124227,15854,0
1124227,15249,0
1124675,18156,1
1124675,23393,0
1124675,15904,0
1124675,15446,0
1124675,9742,0
1124979,24641,1
1124979,23933,0
1124979,26049,0
1124979,24293,0
1124979,26783,0
1125514,7037,1
1125514,22819,0
1125514,2772,0
1125514,26178,0
1125514,19837,0
1126114,18953,1
1126114,16448,0
1126114,12788,0
1126114,13874,0
1126114,25473,0
1126125,2555,1
1126125,25386,0
1126125,11280,0
1126125,26994,0
1126125,10071,0
1127897,8060,1
1127897,480,0
1127897,24062,0
1127897,19761,0
1127897,15374,0
1128648,8060,1
1128648,16144,0
1128648,18156,0
1128648,1081,0
1128648,6891,0
1128779,18156,1
1128779,5613,0
1128779,21328,0
1128779,10387,0
1128779,24008,0
1129778,25121,1
1129778,1106,0
1129778,1703,0
1129778,7435,0
1129778,20829,0
1130543,7551,1
1130543,604,0
1130543,14319,0
1130543,2172,0
1130543,26391,0
1130883,23545,1
1130883,21873,0
1130883,1715,0
1130883,6071,0
1130883,27158,0
1130921,15501,1
1130921,21335,0
1130921,23544,0
1130921,11321,0
1130921,19238,0
1131045,15740,1
1131045,4477,0
1131045,16248,0
1131045,19235,0
1131045,25504,0
1131428,24496,1
1131428,10105,0
1131428,24468,0
1131428,26276,0
1131428,5789,0
1131986,16915,1
1131986,16536,0
1131986,8112,0
1131986,14703,0
1131986,26768,0
1132418,26838,1
1132418,19890,0
1132418,27299,0
1132418,1542,0
1132418,24671,0
1134469,6514,1
1134469,26962,0
1134469,18040,0
1134469,4079,0
1134469,1275,0
1135461,12097,1
1135461,17250,0
1135461,18878,0
1135461,25807,0
1135461,13577,0
1135647,8214,1
1135647,7775,0
1135647,20636,0
1135647,15857,0
1135647,8287,0
1138711,28133,1
1138711,20061,0
1138711,26363,0
1138711,21645,0
1138711,16156,0
1138833,5274,1
1138833,27807,0
1138833,2158,0
1138833,14570,0
1138833,15626,0
1139085,15501,1
1139085,4885,0
1139085,18726,0
1139085,1504,0
1139085,27289,0
1140209,16527,1
1140209,15938,0
1140209,16383,0
1140209,16554,0
1140209,1802,0
1140734,27613,1
1140734,26172,0
1140734,26011,0
1140734,3204,0
1140734,15445,0
1140795,18626,1
1140795,9031,0
1140795,12120,0
1140795,20808,0
1140795,25755,0
1141039,9772,1
1141039,3102,0
1141039,19681,0
1141039,19863,0
1141039,25741,0
1141302,22607,1
1141302,2454,0
1141302,1298,0
1141302,18879,0
1141302,6356,0
1141427,12666,1
1141427,23762,0
1141427,24836,0
1141427,10534,0
1141427,15587,0
1141933,15624,1
1141933,25971,0
1141933,9856,0
1141933,20289,0
1141933,14562,0
1142253,15140,1
1142253,10445,0
1142253,20366,0
1142253,22966,0
1142253,24196,0
1143927,7963,1
1143927,17588,0
1143927,6500,0
1143927,7640,0
1143927,20847,0
1144741,8060,1
1144741,15644,0
1144741,18544,0
1144741,14159,0
1144741,8904,0
1144942,26083,1
1144942,4085,0
1144942,19880,0
1144942,7356,0
1144942,15208,0
1145017,7551,1
1145017,6370,0
1145017,14545,0
1145017,27028,0
1145017,22580,0
1145918,8279,1
1145918,1640,0
1145918,20375,0
1145918,14444,0
1145918,24384,0
1147968,8060,1
1147968,13081,0
1147968,6688,0
1147968,911,0
1147968,508,0
1148147,9174,1
1148147,4980,0
1148147,12117,0
1148147,18418,0
1148147,4175,0
1148950,17764,1
1148950,497,0
1148950,9050,0
1148950,18271,0
1148950,2539,0
1149790,1655,1
1149790,7741,0
1149790,16385,0
1149790,27239,0
1149790,6435,0
1151367,11172,1
1151367,667,0
1151367,13603,0
1151367,26458,0
1151367,989,0
1151923,7288,1
1151923,25145,0
1151923,14844,0
1151923,1033,0
1151923,22916,0
1153369,8618,1
1153369,5630,0
1153369,18789,0
1153369,6589,0
1153369,9991,0
1153721,1899,1
1153721,6178,0
1153721,19235,0
1153721,17371,0
1153721,2021,0
1156110,18715,1
1156110,697,0
1156110,15940,0
1156110,7412,0
1156110,20572,0
1156944,18626,1
1156944,18736,0
1156944,959,0
1156944,26218,0
1156944,7377,0
1158258,23166,1
1158258,16136,0
1158258,1877,0
1158258,15737,0
1158258,22017,0
1158513,434,1
1158513,7891,0
1158513,3193,0
1158513,17274,0
1158513,16191,0
1161446,19596,1
1161446,21022,0
1161446,10390,0
1161446,26077,0
1161446,120,0
1162560,573,1
1162560,12955,0
1162560,19237,0
1162560,7700,0
1162560,13366,0
1164401,16305,1
1164401,28075,0
1164401,13987,0
1164401,26071,0
1164401,10720,0
1165317,17089,1
1165317,1163,0
1165317,13330,0
1165317,11970,0
1165317,9336,0
1165340,12244,1
1165340,27422,0
1165340,20170,0
1165340,7179,0
1165340,27214,0
1165500,12830,1
1165500,4326,0
1165500,26606,0
1165500,17039,0
1165500,24801,0
1166485,5203,1
1166485,15698,0
1166485,13004,0
1166485,2426,0
1166485,488,0
1169928,11968,1
1169928,5948,0
1169928,21550,0
1169928,22017,0
1169928,1904,0
1171495,20612,1
1171495,23433,0
1171495,8950,0
1171495,17297,0
1171495,27901,0
1172588,1018,1
1172588,8060,0
1172588,480,0
1172588,4501,0
1172588,4123,0
1173494,2072,1
1173494,26875,0
1173494,1942,0
1173494,4157,0
1173494,19958,0
1175139,9046,1
1175139,26400,0
1175139,27416,0
1175139,24787,0
1175139,14698,0
1176620,15140,1
1176620,19870,0
1176620,25589,0
1176620,3816,0
1176620,2218,0
1177952,21465,1
1177952,5407,0
1177952,9912,0
1177952,25118,0
1177952,2794,0
1178559,89,1
1178559,16582,0
1178559,12362,0
1178559,14726,0
1178559,25738,0
1180988,26853,1
1180988,22833,0
1180988,4846,0
1180988,24794,0
1180988,25076,0
1181142,17318,1
1181142,11022,0
1181142,18217,0
1181142,15943,0
1181142,3027,0
1181585,13218,1
1181585,11377,0
1181585,17708,0
1181585,24895,0
1181585,12062,0
1181641,19480,1
1181641,9634,0
1181641,22706,0
1181641,19176,0
1181641,6721,0
1181685,24641,1
1181685,22606,0
1181685,10591,0
1181685,24654,0
1181685,4095,0
1183255,16144,1
1183255,5036,0
1183255,2211,0
1183255,24594,0
1183255,15555,0
1183618,2447,1
1183618,14553,0
1183618,18719,0
1183618,19249,0
1183618,7146,0
1184498,18156,1
1184498,14119,0
1184498,14549,0
1184498,15446,0
1184498,27199,0
1184588,6551,1
1184588,4096,0
1184588,18659,0
1184588,15816,0
1184588,13759,0
1184600,18156,1
1184600,8251,0
1184600,10570,0
1184600,3768,0
1184600,8679,0
1184640,28133,1
1184640,2734,0
1184640,11739,0
1184640,11812,0
1184640,11021,0
1184827,18476,1
1184827,26474,0
1184827,15351,0
1184827,13633,0
1184827,9911,0
1185045,27854,1
1185045,18183,0
1185045,22768,0
1185045,9240,0
1185045,579,0
1185974,18156,1
1185974,18261,0
1185974,27086,0
1185974,8248,0
1185974,7042,0
1186458,2942,1
1186458,21940,0
1186458,1179,0
1186458,25067,0
1186458,13910,0
1187156,4028,1
1187156,3389,0
1187156,19899,0
1187156,1204,0
1187156,22833,0
1188461,13296,1
1188461,15606,0
1188461,19906,0
1188461,2057,0
1188461,7378,0
1190665,26789,1
1190665,5724,0
1190665,14623,0
1190665,24979,0
1190665,11134,0
1191640,27357,1
1191640,26713,0
1191640,23840,0
1191640,17125,0
1191640,18708,0
1193803,17382,1
1193803,7863,0
1193803,2890,0
1193803,25125,0
1193803,11879,0
1194446,2499,1
1194446,8059,0
1194446,2673,0
1194446,2558,0
1194446,27614,0
1195538,20081,1
1195538,27651,0
1195538,14552,0
1195538,19131,0
1195538,21179,0
1196448,18156,1
1196448,23363,0
1196448,18407,0
1196448,10840,0
1196448,7827,0
1197409,26328,1
1197409,23489,0
1197409,18855,0
1197409,16724,0
1197409,635,0
1198688,18156,1
1198688,2506,0
1198688,12983,0
1198688,12176,0
1198688,22797,0
1198872,14253,1
1198872,26482,0
1198872,23957,0
1198872,9092,0
1198872,17429,0
1199392,4899,1
1199392,10892,0
1199392,12614,0
1199392,6872,0
1199392,9687,0
1200512,959,1
1200512,18411,0
1200512,1750,0
1200512,26808,0
1200512,11021,0
1200681,18947,1
1200681,22114,0
1200681,5813,0
1200681,25809,0
1200681,20608,0
1201740,12418,1
1201740,8587,0
1201740,3932,0
1201740,10595,0
1201740,6321,0
1204662,10393,1
1204662,17708,0
1204662,25421,0
1204662,3169,0
1204662,23344,0
1205943,21042,1
1205943,16812,0
1205943,13084,0
1205943,19598,0
1205943,24889,0
1206985,2447,1
1206985,8737,0
1206985,24149,0
1206985,8934,0
1206985,7146,0
1207173,18156,1
1207173,23493,0
1207173,27199,0
1207173,26526,0
1207173,1469,0
1209217,26622,1
1209217,15264,0
1209217,13273,0
1209217,17802,0
1209217,16001,0
1210199,1734,1
1210199,18212,0
1210199,6635,0
1210199,9825,0
1210199,4397,0
1211131,8060,1
1211131,25163,0
1211131,16864,0
1211131,15644,0
1211131,7043,0
1211681,673,1
1211681,3487,0
1211681,12295,0
1211681,26302,0
1211681,19606,0
1213068,1213,1
1213068,1151,0
1213068,8708,0
1213068,14199,0
1213068,23015,0
1213089,17011,1
1213089,21555,0
1213089,6324,0
1213089,17579,0
1213089,11530,0
1213260,1018,1
1213260,7316,0
1213260,10846,0
1213260,26249,0
1213260,24198,0
1215084,7096,1
1215084,4190,0
1215084,25145,0
1215084,7755,0
1215084,23981,0
1217619,21179,1
1217619,25405,0
1217619,18040,0
1217619,17713,0
1217619,10320,0
1217864,14455,1
1217864,10805,0
1217864,19559,0
1217864,7856,0
1217864,26636,0
1218068,17854,1
1218068,9712,0
1218068,13345,0
1218068,23080,0
1218068,11633,0
1218141,7963,1
1218141,5932,0
1218141,2911,0
1218141,27695,0
1218141,20026,0
1219115,8622,1
1219115,14432,0
1219115,10979,0
1219115,21706,0
1219115,18832,0
1219947,7640,1
1219947,26719,0
1219947,7042,0
1219947,15904,0
1219947,14931,0
1220186,4028,1
1220186,27199,0
1220186,21691,0
1220186,22704,0
1220186,15714,0
1220964,28133,1
1220964,16167,0
1220964,11070,0
1220964,8587,0
1220964,7277,0
1223295,13081,1
1223295,27412,0
1223295,13850,0
1223295,803,0
1223295,9234,0
1223469,3339,1
1223469,5388,0
1223469,17055,0
1223469,22378,0
1223469,24076,0
1223652,4028,1
1223652,6076,0
1223652,4846,0
1223652,8060,0
1223652,10324,0
1224915,1616,1
1224915,3355,0
1224915,16030,0
1224915,3793,0
1224915,15260,0
1225294,9184,1
1225294,11887,0
1225294,1348,0
1225294,10879,0
1225294,2745,0
1226598,2883,1
1226598,20126,0
1226598,15641,0
1226598,27024,0
1226598,13306,0
1226826,28137,1
1226826,9347,0
1226826,16100,0
1226826,3371,0
1226826,21647,0
1227815,24539,1
1227815,26337,0
1227815,5964,0
1227815,13823,0
1227815,8561,0
1228334,15501,1
1228334,1533,0
1228334,26634,0
1228334,24896,0
1228334,10396,0
1228933,27613,1
1228933,2688,0
1228933,11742,0
1228933,1473,0
1228933,22489,0
1231125,9184,1
1231125,14813,0
1231125,11169,0
1231125,6817,0
1231125,114,0
1231962,26599,1
1231962,21947,0
1231962,13738,0
1231962,25227,0
1231962,18802,0
1233475,19683,1
1233475,17376,0
1233475,7870,0
1233475,25445,0
1233475,3906,0
1233522,18156,1
1233522,11352,0
1233522,10640,0
1233522,23419,0
1233522,27823,0
1234738,22060,1
1234738,11117,0
1234738,4075,0
1234738,17400,0
1234738,20916,0
1235809,2089,1
1235809,3160,0
1235809,10848,0
1235809,15779,0
1235809,22236,0
1236077,16541,1
1236077,15264,0
1236077,5538,0
1236077,19985,0
1236077,2057,0
1237011,3481,1
1237011,27278,0
1237011,12295,0
1237011,13101,0
1237011,5607,0
1238224,8075,1
1238224,17307,0
1238224,20916,0
1238224,3068,0
1238224,13965,0
1238394,4070,1
1238394,1182,0
1238394,22446,0
1238394,5867,0
1238394,23249,0
1239313,18156,1
1239313,19393,0
1239313,27794,0
1239313,13933,0
1239313,12983,0
1239834,16085,1
1239834,23458,0
1239834,19329,0
1239834,25474,0
1239834,18178,0
1241302,20879,1
1241302,23590,0
1241302,8969,0
1241302,22516,0
1241302,8583,0
1241981,15430,1
1241981,7443,0
1241981,28083,0
1241981,23965,0
1241981,18671,0
1243028,12603,1
1243028,6256,0
1243028,16536,0
1243028,4150,0
1243028,3765,0
1243224,2808,1
1243224,12237,0
1243224,3903,0
1243224,22012,0
1243224,27299,0
1243324,9098,1
1243324,16190,0
1243324,15032,0
1243324,7528,0
1243324,17764,0
1244554,604,1
1244554,27142,0
1244554,17738,0
1244554,8038,0
1244554,22584,0
1245010,8001,1
1245010,21745,0
1245010,18053,0
1245010,7311,0
1245010,2302,0
1245029,16463,1
1245029,15264,0
1245029,27183,0
1245029,24032,0
1245029,15426,0
1246111,2658,1
1246111,3895,0
1246111,7079,0
1246111,14010,0
1246111,11171,0
1246888,8425,1
1246888,8797,0
1246888,4121,0
1246888,1594,0
1246888,6537,0
1247071,27613,1
1247071,18156,0
1247071,2605,0
1247071,3204,0
1247071,23088,0
1247635,3481,1
1247635,21384,0
1247635,21022,0
1247635,11434,0
1247635,12968,0
1248623,18122,1
1248623,16341,0
1248623,13159,0
1248623,17184,0
1248623,12117,0
1250842,22902,1
1250842,8209,0
1250842,19788,0
1250842,23916,0
1250842,21468,0
1251031,18156,1
1251031,14931,0
1251031,16205,0
1251031,21283,0
1251031,1085,0
1252314,18981,1
1252314,21750,0
1252314,4425,0
1252314,27034,0
1252314,23036,0
1252798,20612,1
1252798,10026,0
1252798,4466,0
1252798,10396,0
1252798,18806,0
1252843,4028,1
1252843,2814,0
1252843,27199,0
1252843,13922,0
1252843,21721,0
1253880,2814,1
1253880,11834,0
1253880,22704,0
1253880,7968,0
1253880,27199,0
1253934,4422,1
1253934,16210,0
1253934,27216,0
1253934,15763,0
1253934,11775,0
1256310,6178,1
1256310,9727,0
1256310,13204,0
1256310,19107,0
1256310,27455,0
1257920,8511,1
1257920,2340,0
1257920,15078,0
1257920,21695,0
1257920,26191,0
1259010,11127,1
1259010,244,0
1259010,19185,0
1259010,5494,0
1259010,23933,0
1259849,6510,1
1259849,17377,0
1259849,3018,0
1259849,19509,0
1259849,7721,0
1260850,27353,1
1260850,4171,0
1260850,17095,0
1260850,13533,0
1260850,18217,0
1261193,7640,1
1261193,11894,0
1261193,8362,0
1261193,22858,0
1261193,8060,0
1263608,26853,1
1263608,19326,0
1263608,24992,0
1263608,25120,0
1263608,14156,0
1264560,13571,1
1264560,8397,0
1264560,4727,0
1264560,8371,0
1264560,3757,0
1265510,22947,1
1265510,639,0
1265510,6340,0
1265510,13451,0
1265510,12264,0
1265848,27225,1
1265848,22974,0
1265848,5972,0
1265848,826,0
1265848,6500,0
1266170,4028,1
1266170,6984,0
1266170,12556,0
1266170,5421,0
1266170,20203,0
1267781,14529,1
1267781,4403,0
1267781,6041,0
1267781,21223,0
1267781,21982,0
1268231,19529,1
1268231,10488,0
1268231,1600,0
1268231,17991,0
1268231,12665,0
1268943,185,1
1268943,12044,0
1268943,7377,0
1268943,25086,0
1268943,3574,0
1271092,7428,1
1271092,2081,0
1271092,27845,0
1271092,23116,0
1271092,14173,0
1272544,2447,1
1272544,22640,0
1272544,4836,0
1272544,9367,0
1272544,18403,0
1272722,9028,1
1272722,14361,0
1272722,27627,0
1272722,8693,0
1272722,10095,0
1272783,13589,1
1272783,2408,0
1272783,6889,0
1272783,17363,0
1272783,11474,0
1273329,7640,1
1273329,18156,0
1273329,27199,0
1273329,23419,0
1273329,11352,0
1273733,13279,1
1273733,23244,0
1273733,25163,0
1273733,8941,0
1273733,9920,0
1274754,18156,1
1274754,22974,0
1274754,7640,0
1274754,2873,0
1274754,21283,0
1275423,9491,1
1275423,26269,0
1275423,22431,0
1275423,3002,0
1275423,7018,0
1275610,4028,1
1275610,9124,0
1275610,27455,0
1275610,7139,0
1275610,25991,0
1276069,8622,1
1276069,21706,0
1276069,6817,0
1276069,14549,0
1276069,18320,0
1278666,17368,1
1278666,1982,0
1278666,11048,0
1278666,19753,0
1278666,21465,0
1279116,12317,1
1279116,3260,0
1279116,12735,0
1279116,5835,0
1279116,7791,0
1281562,1513,1
1281562,20362,0
1281562,19855,0
1281562,8499,0
1281562,3610,0
1281960,7963,1
1281960,27555,0
1281960,12815,0
1281960,13081,0
1281960,27034,0
1282130,3316,1
1282130,13122,0
1282130,3548,0
1282130,23116,0
1282130,3777,0
1282155,7963,1
1282155,3986,0
1282155,27555,0
1282155,16634,0
1282155,15870,0
1282308,11053,1
1282308,15235,0
1282308,11428,0
1282308,5613,0
1282308,5619,0
1282359,2173,1
1282359,24611,0
1282359,16578,0
1282359,7227,0
1282359,13808,0
1282609,15794,1
1282609,9156,0
1282609,3985,0
1282609,21383,0
1282609,13722,0
1283022,24496,1
1283022,2246,0
1283022,23048,0
1283022,22184,0
1283022,22626,0
1283071,9156,1
1283071,15045,0
1283071,17218,0
1283071,18737,0
1283071,8371,0
1283463,8060,1
1283463,13383,0
1283463,3334,0
1283463,1350,0
1283463,26126,0
1284043,26902,1
1284043,13083,0
1284043,999,0
1284043,1935,0
1284043,26925,0
1285433,18122,1
1285433,2173,0
1285433,8351,0
1285433,18541,0
1285433,21195,0
1285590,6856,1
1285590,21157,0
1285590,18638,0
1285590,16635,0
1285590,2122,0
1287567,15424,1
1287567,5304,0
1287567,15150,0
1287567,21937,0
1287567,13836,0
1290960,10663,1
1290960,11247,0
1290960,12118,0
1290960,10998,0
1290960,24945,0
1291055,2447,1
1291055,23451,0
1291055,114,0
1291055,23088,0
1291055,24586,0
1291186,18156,1
1291186,8362,0
1291186,10111,0
1291186,18523,0
1291186,6500,0
1291468,15403,1
1291468,26429,0
1291468,23928,0
1291468,10216,0
1291468,7577,0
1291520,5075,1
1291520,10285,0
1291520,4811,0
1291520,19849,0
1291520,12372,0
1291663,6391,1
1291663,13202,0
1291663,13472,0
1291663,12518,0
1291663,12004,0
1292672,28133,1
1292672,23168,0
1292672,12191,0
1292672,16156,0
1292672,17490,0
1293016,3705,1
1293016,14040,0
1293016,14507,0
1293016,17708,0
1293016,2983,0
1293369,18156,1
1293369,8621,0
1293369,8471,0
1293369,4395,0
1293369,3591,0
1294877,7115,1
1294877,25177,0
1294877,74,0
1294877,26092,0
1294877,26267,0
1295261,2447,1
1295261,19249,0
1295261,26007,0
1295261,12623,0
1295261,26538,0
1295484,18806,1
1295484,23977,0
1295484,3717,0
1295484,11454,0
1295484,13218,0
1296664,3481,1
1296664,3906,0
1296664,14357,0
1296664,27648,0
1296664,20340,0
1297002,1272,1
1297002,6438,0
1297002,15392,0
1297002,12652,0
1297002,424,0
1299604,4474,1
1299604,21465,0
1299604,17539,0
1299604,21066,0
1299604,21297,0
1299908,9184,1
1299908,1693,0
1299908,1765,0
1299908,11887,0
1299908,20307,0
1300388,22886,1
1300388,1018,0
1300388,22131,0
1300388,5946,0
1300388,12008,0
1303635,26249,1
1303635,931,0
1303635,14941,0
1303635,19091,0
1303635,13348,0
1303687,28133,1
1303687,18684,0
1303687,21831,0
1303687,16167,0
1303687,5184,0
1306724,17149,1
1306724,27651,0
1306724,2851,0
1306724,3545,0
1306724,18240,0
1307039,5281,1
1307039,24634,0
1307039,19663,0
1307039,2983,0
1307039,13199,0
1307082,26283,1
1307082,10613,0
1307082,11546,0
1307082,2247,0
1307082,4444,0
1307394,2499,1
1307394,17430,0
1307394,11197,0
1307394,16735,0
1307394,20223,0
1310193,2329,1
1310193,22814,0
1310193,16730,0
1310193,6757,0
1310193,19633,0
1310573,27613,1
1310573,1986,0
1310573,21164,0
1310573,3204,0
1310573,22302,0
1310816,2440,1
1310816,6579,0
1310816,10458,0
1310816,26979,0
1310816,27142,0
1311258,5760,1
1311258,2120,0
1311258,25051,0
1311258,25676,0
1311258,17098,0
1312530,26249,1
1312530,22521,0
1312530,7972,0
1312530,6071,0
1312530,9921,0
1312542,20192,1
1312542,54,0
1312542,17709,0
1312542,19880,0
1312542,9669,0
1312752,2329,1
1312752,12296,0
1312752,165,0
1312752,24470,0
1312752,13096,0
1313144,7963,1
1313144,1358,0
1313144,20026,0
1313144,4028,0
1313144,12815,0
1313456,2942,1
1313456,337,0
1313456,17911,0
1313456,2943,0
1313456,18733,0
1314181,19185,1
1314181,6109,0
1314181,8615,0
1314181,13218,0
1314181,8081,0
1316125,223,1
1316125,2740,0
1316125,24276,0
1316125,25963,0
1316125,1668,0
1316621,2405,1
1316621,21467,0
1316621,8410,0
1316621,12592,0
1316621,4200,0
1316878,8060,1
1316878,13922,0
1316878,14977,0
1316878,15140,0
1316878,1416,0
1318445,18894,1
1318445,5151,0
1318445,17033,0
1318445,16092,0
1318445,6784,0
1319179,10823,1
1319179,21018,0
1319179,17875,0
1319179,18680,0
1319179,999,0
1319629,9184,1
1319629,3204,0
1319629,1348,0
1319629,2695,0
1319629,1473,0
1319722,579,1
1319722,24497,0
1319722,19036,0
1319722,14367,0
1319722,774,0
1320465,23088,1
1320465,26958,0
1320465,15394,0
1320465,15090,0
1320465,7475,0
1320505,20147,1
1320505,28003,0
1320505,21055,0
1320505,19974,0
1320505,2161,0
1321004,18156,1
1321004,8060,0
1321004,22182,0
1321004,22334,0
1321004,22704,0
1322181,27222,1
1322181,24500,0
1322181,114,0
1322181,23717,0
1322181,20967,0
1322381,27353,1
1322381,5524,0
1322381,21956,0
1322381,5528,0
1322381,27672,0
1322520,11446,1
1322520,16735,0
1322520,20327,0
1322520,25227,0
1322520,26731,0
1323570,10915,1
1323570,15845,0
1323570,15928,0
1323570,5429,0
1323570,22017,0
1324420,3571,1
1324420,20300,0
1324420,4044,0
1324420,18983,0
1324420,1710,0
1327253,1018,1
1327253,10900,0
1327253,14727,0
1327253,26011,0
1327253,20161,0
1327574,8306,1
1327574,10871,0
1327574,26036,0
1327574,22576,0
1327574,7812,0
1327725,25776,1
1327725,26907,0
1327725,22626,0
1327725,21929,0
1327725,12191,0
1327922,23253,1
1327922,3522,0
1327922,9616,0
1327922,11267,0
1327922,25539,0
1328460,16066,1
1328460,20192,0
1328460,19720,0
1328460,21344,0
1328460,7144,0
1328933,17089,1
1328933,19635,0
1328933,21249,0
1328933,11742,0
1328933,14481,0
1331034,7963,1
1331034,20026,0
1331034,3591,0
1331034,18981,0
1331034,4243,0
1331321,19895,1
1331321,25505,0
1331321,9329,0
1331321,8795,0
1331321,18064,0
1331519,7963,1
1331519,3591,0
1331519,8406,0
1331519,27034,0
1331519,5367,0
1331837,11135,1
1331837,3398,0
1331837,10971,0
1331837,3848,0
1331837,13875,0
1332122,9443,1
1332122,21007,0
1332122,7776,0
1332122,18304,0
1332122,22540,0
1332136,10666,1
1332136,20474,0
1332136,3238,0
1332136,27214,0
1332136,20522,0
1332526,10084,1
1332526,27283,0
1332526,1160,0
1332526,7030,0
1332526,4285,0
1332533,18156,1
1332533,6817,0
1332533,20457,0
1332533,8918,0
1332533,2506,0
1333561,17106,1
1333561,1234,0
1333561,499,0
1333561,10373,0
1333561,3757,0
1333820,7018,1
1333820,19135,0
1333820,12829,0
1333820,15264,0
1333820,7039,0
1334560,20612,1
1334560,16337,0
1334560,21086,0
1334560,8844,0
1334560,26836,0
1335061,5416,1
1335061,9588,0
1335061,27089,0
1335061,8463,0
1335061,10481,0
1335768,13291,1
1335768,788,0
1335768,15100,0
1335768,2025,0
1335768,8110,0
1336026,1654,1
1336026,16167,0
1336026,10790,0
1336026,21789,0
1336026,25606,0
1336167,23088,1
1336167,208,0
1336167,19885,0
1336167,27455,0
1336167,5840,0
1336557,18156,1
1336557,21761,0
1336557,6041,0
1336557,18492,0
1336557,7827,0
1336866,18156,1
1336866,4028,0
1336866,1991,0
1336866,22302,0
1336866,18407,0
1338318,2447,1
1338318,13766,0
1338318,11742,0
1338318,8700,0
1338318,22489,0
1339729,11053,1
1339729,18492,0
1339729,21223,0
1339729,9686,0
1339729,18407,0
1340213,28133,1
1340213,11021,0
1340213,7107,0
1340213,13586,0
1340213,4693,0
1340606,7229,1
1340606,17585,0
1340606,9543,0
1340606,1345,0
1340606,17280,0
1341522,13674,1
1341522,26085,0
1341522,22539,0
1341522,23969,0
1341522,7054,0
1342517,7155,1
1342517,14096,0
1342517,15465,0
1342517,6090,0
1342517,22094,0
1342700,22103,1
1342700,14961,0
1342700,13984,0
1342700,1353,0
1342700,14178,0
1342766,14314,1
1342766,19783,0
1342766,10041,0
1342766,19185,0
1342766,9366,0
1342971,3371,1
1342971,1021,0
1342971,1558,0
1342971,26988,0
1342971,11570,0
1343414,1082,1
1343414,5117,0
1343414,24730,0
1343414,479,0
1343414,10488,0
1343746,9046,1
1343746,20246,0
1343746,10956,0
1343746,12157,0
1343746,19370,0
1345009,893,1
1345009,19145,0
1345009,6517,0
1345009,612,0
1345009,4306,0
1346656,4884,1
1346656,15078,0
1346656,12330,0
1346656,9868,0
1346656,8997,0
1348195,10126,1
1348195,18375,0
1348195,15009,0
1348195,8743,0
1348195,9576,0
1349094,9184,1
1349094,16765,0
1349094,13321,0
1349094,14481,0
1349094,21944,0
1349230,28110,1
1349230,23657,0
1349230,18636,0
1349230,22637,0
1349230,14514,0
1349717,8060,1
1349717,25595,0
1349717,19500,0
1349717,13672,0
1349717,2855,0
1350389,4667,1
1350389,12295,0
1350389,10230,0
1350389,21487,0
1350389,13600,0
1350486,5858,1
1350486,27283,0
1350486,27289,0
1350486,20331,0
1350486,5854,0
1350821,27557,1
1350821,7791,0
1350821,24546,0
1350821,7990,0
1350821,5780,0
1351529,8755,1
1351529,8988,0
1351529,15727,0
1351529,18323,0
1351529,11508,0
1352076,1373,1
1352076,14556,0
1352076,16448,0
1352076,17171,0
1352076,10584,0
1352098,15501,1
1352098,11726,0
1352098,13786,0
1352098,21958,0
1352098,19208,0
1352226,22273,1
1352226,8400,0
1352226,9722,0
1352226,928,0
1352226,18236,0
1353864,19454,1
1353864,7770,0
1353864,21446,0
1353864,6894,0
1353864,17280,0
1357344,5870,1
1357344,26605,0
1357344,534,0
1357344,26437,0
1357344,12234,0
1357810,3107,1
1357810,3506,0
1357810,14155,0
1357810,9244,0
1357810,7968,0
1357960,8060,1
1357960,21618,0
1357960,26011,0
1357960,14159,0
1357960,17676,0
1358289,11923,1
1358289,11352,0
1358289,24591,0
1358289,27199,0
1358289,4256,0
1359920,28038,1
1359920,15354,0
1359920,1781,0
1359920,26397,0
1359920,16883,0
1360134,13081,1
1360134,4193,0
1360134,7640,0
1360134,2605,0
1360134,23147,0
1361642,17880,1
1361642,16092,0
1361642,18862,0
1361642,11856,0
1361642,6339,0
1362527,7303,1
1362527,26899,0
1362527,2219,0
1362527,17464,0
1362527,319,0
1362784,9396,1
1362784,19663,0
1362784,21562,0
1362784,12874,0
1362784,22401,0
1363282,18626,1
1363282,12120,0
1363282,26496,0
1363282,25755,0
1363282,22442,0
1363683,17925,1
1363683,13893,0
1363683,24706,0
1363683,19048,0
1363683,2325,0
1363706,12251,1
1363706,15715,0
1363706,8533,0
1363706,17748,0
1363706,18242,0
1368197,16552,1
1368197,6391,0
1368197,10540,0
1368197,25572,0
1368197,12914,0
1368443,2377,1
1368443,10198,0
1368443,3772,0
1368443,8795,0
1368443,10781,0
1368625,18953,1
1368625,1290,0
1368625,28074,0
1368625,15428,0
1368625,20461,0
1368749,10084,1
1368749,12480,0
1368749,18369,0
1368749,12578,0
1368749,25812,0
1369088,5367,1
1369088,23875,0
1369088,22472,0
1369088,15744,0
1369088,2536,0
1369223,8306,1
1369223,26482,0
1369223,25043,0
1369223,5284,0
1369223,8026,0
1369287,13553,1
1369287,5819,0
1369287,8708,0
1369287,17834,0
1369287,7523,0
1369463,27768,1
1369463,20574,0
1369463,25828,0
1369463,3829,0
1369463,856,0
1370213,10395,1
1370213,26409,0
1370213,9027,0
1370213,19900,0
1370213,11771,0
1370922,7664,1
1370922,10761,0
1370922,11653,0
1370922,22964,0
1370922,16233,0
1371319,4646,1
1371319,24150,0
1371319,12683,0
1371319,1760,0
1371319,17420,0
1372347,18050,1
1372347,8827,0
1372347,27758,0
1372347,21775,0
1372347,21586,0
1373237,12951,1
1373237,10091,0
1373237,22942,0
1373237,22114,0
1373237,7319,0
1373519,19945,1
1373519,475,0
1373519,17748,0
1373519,25382,0
1373519,16645,0
1373605,1432,1
1373605,25910,0
1373605,25651,0
1373605,11919,0
1373605,16409,0
1374009,8622,1
1374009,21809,0
1374009,18156,0
1374009,14119,0
1374009,18523,0
1374439,6149,1
1374439,27458,0
1374439,19249,0
1374439,10508,0
1374439,15052,0
1375310,14889,1
1375310,3771,0
1375310,24276,0
1375310,22238,0
1375310,23836,0
1375402,4028,1
1375402,13940,0
1375402,7980,0
1375402,27225,0
1375402,26249,0
1375562,2213,1
1375562,23196,0
1375562,25852,0
1375562,14527,0
1375562,26348,0
1376158,5006,1
1376158,15500,0
1376158,12561,0
1376158,959,0
1376158,28121,0
1376163,15140,1
1376163,16701,0
1376163,27321,0
1376163,13438,0
1376163,4977,0
1376201,19945,1
1376201,8124,0
1376201,22486,0
1376201,20424,0
1376201,10673,0
1376881,24222,1
1376881,2139,0
1376881,8898,0
1376881,4607,0
1376881,10293,0
1379565,3481,1
1379565,23408,0
1379565,17620,0
1379565,3027,0
1379565,27432,0
1379844,9046,1
1379844,23824,0
1379844,15574,0
1379844,10991,0
1379844,263,0
1382977,12802,1
1382977,18889,0
1382977,21524,0
1382977,23981,0
1382977,17523,0
1384411,2447,1
1384411,24420,0
1384411,23584,0
1384411,2675,0
1384411,9367,0
1384530,23088,1
1384530,2699,0
1384530,8316,0
1384530,10587,0
1384530,19470,0
1384716,23783,1
1384716,6343,0
1384716,25380,0
1384716,18541,0
1384716,18040,0
1386462,9184,1
1386462,5886,0
1386462,18511,0
1386462,1811,0
1386462,23088,0
1387856,2599,1
1387856,546,0
1387856,2377,0
1387856,16599,0
1387856,12077,0
1388654,2447,1
1388654,7052,0
1388654,25204,0
1388654,26384,0
1388654,18609,0
1388841,21487,1
1388841,14148,0
1388841,13358,0
1388841,12971,0
1388841,19806,0
1389421,22273,1
1389421,7115,0
1389421,11424,0
1389421,17671,0
1389421,15844,0
1390962,1750,1
1390962,5927,0
1390962,21576,0
1390962,3869,0
1390962,20347,0
1392896,19868,1
1392896,27624,0
1392896,7869,0
1392896,4949,0
1392896,1151,0
1393903,26605,1
1393903,14148,0
1393903,12468,0
1393903,3693,0
1393903,3121,0
1394468,20760,1
1394468,18077,0
1394468,21335,0
1394468,13620,0
1394468,2080,0
1394703,18156,1
1394703,1473,0
1394703,11742,0
1394703,24227,0
1394703,14141,0
1394972,18517,1
1394972,3962,0
1394972,12533,0
1394972,5004,0
1394972,6483,0
1396388,26853,1
1396388,9442,0
1396388,21890,0
1396388,18208,0
1396388,8362,0
1396438,9184,1
1396438,24058,0
1396438,19372,0
1396438,2695,0
1396438,27527,0
1398230,18156,1
1398230,6500,0
1398230,13660,0
1398230,25589,0
1398230,3644,0
1398235,18156,1
1398235,826,0
1398235,3709,0
1398235,155,0
1398235,1085,0
1398539,25145,1
1398539,14008,0
1398539,429,0
1398539,20286,0
1398539,22753,0
1398585,9184,1
1398585,880,0
1398585,1348,0
1398585,7011,0
1398585,20307,0
1400667,8913,1
1400667,22060,0
1400667,24065,0
1400667,10167,0
1400667,7215,0
1401050,7133,1
1401050,3378,0
1401050,14882,0
1401050,14377,0
1401050,1097,0
1401631,8620,1
1401631,20282,0
1401631,19232,0
1401631,21609,0
1401631,6069,0
1401955,23703,1
1401955,6055,0
1401955,20760,0
1401955,8913,0
1401955,7984,0
1402663,26944,1
1402663,19384,0
1402663,1947,0
1402663,15868,0
1402663,22311,0
1404954,6722,1
1404954,4919,0
1404954,20574,0
1404954,17074,0
1404954,318,0
1406603,13811,1
1406603,15104,0
1406603,25929,0
1406603,13662,0
1406603,27766,0
1408277,20346,1
1408277,7079,0
1408277,26173,0
1408277,23235,0
1408277,20522,0
1408708,14343,1
1408708,7811,0
1408708,7354,0
1408708,6610,0
1408708,1029,0
1409376,11788,1
1409376,21412,0
1409376,13350,0
1409376,13569,0
1409376,2058,0
1409455,2969,1
1409455,20907,0
1409455,6258,0
1409455,15211,0
1409455,6640,0
1409549,8060,1
1409549,19044,0
1409549,21283,0
1409549,4425,0
1409549,6575,0
1410770,15403,1
1410770,11162,0
1410770,27921,0
1410770,19896,0
1410770,9895,0
1410788,10026,1
1410788,21859,0
1410788,15361,0
1410788,23610,0
1410788,6589,0
1410952,10084,1
1410952,12139,0
1410952,21056,0
1410952,1885,0
1410952,2967,0
1412129,26651,1
1412129,3904,0
1412129,24730,0
1412129,23088,0
1412129,21632,0
1413070,15235,1
1413070,13278,0
1413070,18728,0
1413070,10431,0
1413070,3591,0
1414905,17089,1
1414905,13560,0
1414905,28016,0
1414905,2435,0
1414905,23884,0
1416275,13922,1
1416275,2699,0
1416275,3856,0
1416275,18511,0
1416275,22886,0
1416349,15280,1
1416349,15455,0
1416349,27284,0
1416349,5728,0
1416349,12237,0
1416508,26265,1
1416508,9354,0
1416508,7900,0
1416508,7144,0
1416508,15700,0
1416562,785,1
1416562,26813,0
1416562,21626,0
1416562,16058,0
1416562,20022,0
1416803,2944,1
1416803,1222,0
1416803,14878,0
1416803,25547,0
1416803,13361,0
1417639,10175,1
1417639,1373,0
1417639,13645,0
1417639,402,0
1417639,17437,0
1417644,18156,1
1417644,18832,0
1417644,18261,0
1417644,15249,0
1417644,19739,0
1418666,1106,1
1418666,18212,0
1418666,14908,0
1418666,17834,0
1418666,14051,0
1418881,8602,1
1418881,19969,0
1418881,23382,0
1418881,18819,0
1418881,13990,0
1420699,15140,1
1420699,18156,0
1420699,24420,0
1420699,23100,0
1420699,1018,0
1420768,18156,1
1420768,5439,0
1420768,25855,0
1420768,9742,0
1420768,27086,0
1422345,16687,1
1422345,20063,0
1422345,12466,0
1422345,26085,0
1422345,25681,0
1422406,18953,1
1422406,9825,0
1422406,13874,0
1422406,14558,0
1422406,23566,0
1423535,5188,1
1423535,12386,0
1423535,16352,0
1423535,17506,0
1423535,4718,0
1423879,15740,1
1423879,18018,0
1423879,16637,0
1423879,22902,0
1423879,26487,0
1426331,7851,1
1426331,12099,0
1426331,13643,0
1426331,534,0
1426331,5659,0
1426528,8306,1
1426528,22728,0
1426528,5691,0
1426528,6822,0
1426528,24445,0
1426777,4028,1
1426777,22833,0
1426777,3322,0
1426777,20375,0
1426777,3506,0
1427326,26265,1
1427326,18541,0
1427326,1906,0
1427326,5722,0
1427326,9020,0
1428142,39,1
1428142,11364,0
1428142,15877,0
1428142,28069,0
1428142,27729,0
1428426,5203,1
1428426,25227,0
1428426,22276,0
1428426,13181,0
1428426,6482,0
1429406,21465,1
1429406,8863,0
1429406,12178,0
1429406,26937,0
1429406,8400,0
1431125,19583,1
1431125,3184,0
1431125,5159,0
1431125,3757,0
1431125,7261,0
1431699,19510,1
1431699,7311,0
1431699,17094,0
1431699,20891,0
1431699,730,0
1431934,21625,1
1431934,19238,0
1431934,25601,0
1431934,21862,0
1431934,23657,0
1432056,10902,1
1432056,23903,0
1432056,20425,0
1432056,12352,0
1432056,19565,0
1432278,2744,1
1432278,18760,0
1432278,8206,0
1432278,25889,0
1432278,7054,0
1432738,7073,1
1432738,10432,0
1432738,27251,0
1432738,2658,0
1432738,12386,0
1432784,26451,1
1432784,15273,0
1432784,21126,0
1432784,5923,0
1432784,13130,0
1433319,21578,1
1433319,19746,0
1433319,20900,0
1433319,13416,0
1433319,21847,0
1434678,13922,1
1434678,12372,0
1434678,27225,0
1434678,21902,0
1434678,5310,0
1438034,9264,1
1438034,9443,0
1438034,15482,0
1438034,27845,0
1438034,19534,0
1438326,18156,1
1438326,5840,0
1438326,2015,0
1438326,27823,0
1438326,6500,0
1438858,2173,1
1438858,24319,0
1438858,27970,0
1438858,10727,0
1438858,21330,0
1439342,16589,1
1439342,22621,0
1439342,7377,0
1439342,13680,0
1439342,5996,0
1439927,24884,1
1439927,22547,0
1439927,18524,0
1439927,15440,0
1439927,28060,0
1439974,1877,1
1439974,17320,0
1439974,23285,0
1439974,25227,0
1439974,11307,0
1440065,9339,1
1440065,14804,0
1440065,18886,0
1440065,24522,0
1440065,8988,0
1440493,27416,1
1440493,16610,0
1440493,14351,0
1440493,10392,0
1440493,16526,0
1443427,15409,1
1443427,6651,0
1443427,17271,0
1443427,10549,0
1443427,6494,0
1443870,25477,1
1443870,4092,0
1443870,19736,0
1443870,16722,0
1443870,94,0
1444562,9184,1
1444562,16888,0
1444562,24586,0
1444562,6817,0
1444562,8154,0
1444711,22273,1
1444711,1754,0
1444711,9012,0
1444711,5875,0
1444711,21559,0
1444769,15301,1
1444769,8453,0
1444769,4606,0
1444769,18696,0
1444769,1963,0
1447086,3736,1
1447086,24986,0
1447086,1068,0
1447086,25586,0
1447086,7377,0
1449832,11053,1
1449832,23363,0
1449832,19669,0
1449832,13922,0
1449832,21089,0
1450215,27225,1
1450215,13081,0
1450215,14639,0
1450215,18832,0
1450215,12176,0
1450721,10782,1
1450721,6595,0
1450721,14197,0
1450721,11217,0
1450721,24741,0
1451114,27222,1
1451114,18514,0
1451114,12955,0
1451114,23440,0
1451114,10581,0
1451814,13492,1
1451814,21318,0
1451814,18411,0
1451814,3896,0
1451814,1918,0
1453076,20612,1
1453076,20003,0
1453076,7065,0
1453076,14545,0
1453076,10444,0
1453804,19782,1
1453804,23670,0
1453804,11227,0
1453804,23249,0
1453804,25221,0
1453893,20080,1
1453893,13736,0
1453893,8257,0
1453893,22170,0
1453893,4713,0
1456031,18764,1
1456031,3397,0
1456031,11672,0
1456031,6324,0
1456031,21467,0
1456714,26674,1
1456714,23285,0
1456714,5284,0
1456714,579,0
1456714,16597,0
1460609,19641,1
1460609,7889,0
1460609,1830,0
1460609,2555,0
1460609,9521,0
1461309,17969,1
1461309,2442,0
1461309,23737,0
1461309,27679,0
1461309,5603,0
1462517,811,1
1462517,3898,0
1462517,7822,0
1462517,4850,0
1462517,13400,0
1463409,26920,1
1463409,1992,0
1463409,11039,0
1463409,6255,0
1463409,23471,0
1463633,22536,1
1463633,10193,0
1463633,2196,0
1463633,1982,0
1463633,3606,0
1465643,27866,1
1465643,17297,0
1465643,19736,0
1465643,25892,0
1465643,7432,0
1465846,4155,1
1465846,2998,0
1465846,469,0
1465846,25282,0
1465846,2379,0
1465876,158,1
1465876,18298,0
1465876,15486,0
1465876,10293,0
1465876,21792,0
1467011,13409,1
1467011,2513,0
1467011,4099,0
1467011,17469,0
1467011,17221,0
1467450,27851,1
1467450,27268,0
1467450,25965,0
1467450,24712,0
1467450,1251,0
1468082,5877,1
1468082,19267,0
1468082,16355,0
1468082,23570,0
1468082,8841,0
1468199,2173,1
1468199,27939,0
1468199,11101,0
1468199,1264,0
1468199,16841,0
1469352,25555,1
1469352,10113,0
1469352,21626,0
1469352,6467,0
1469352,4483,0
1473010,19611,1
1473010,20086,0
1473010,17832,0
1473010,20916,0
1473010,25219,0
1473518,14558,1
1473518,736,0
1473518,26349,0
1473518,8973,0
1473518,8971,0
1476026,8060,1
1476026,26126,0
1476026,4501,0
1476026,789,0
1476026,5704,0
1476872,18156,1
1476872,18261,0
1476872,14119,0
1476872,8918,0
1476872,26719,0
1480494,16230,1
1480494,17399,0
1480494,17323,0
1480494,18806,0
1480494,3169,0
1480884,5733,1
1480884,10230,0
1480884,17437,0
1480884,16635,0
1480884,13743,0
1481949,12424,1
1481949,11230,0
1481949,25667,0
1481949,11252,0
1481949,11307,0
1482258,1729,1
1482258,21947,0
1482258,23969,0
1482258,22460,0
1482258,24550,0
1483972,25125,1
1483972,20916,0
1483972,3897,0
1483972,26994,0
1483972,26717,0
1484109,4867,1
1484109,5466,0
1484109,10710,0
1484109,17716,0
1484109,25135,0
1484119,14959,1
1484119,25932,0
1484119,16612,0
1484119,21821,0
1484119,12211,0
1486903,10902,1
1486903,25609,0
1486903,15386,0
1486903,26357,0
1486903,8244,0
1488052,15501,1
1488052,10711,0
1488052,10320,0
1488052,24741,0
1488052,13139,0
1490882,7963,1
1490882,6500,0
1490882,6817,0
1490882,23036,0
1490882,16909,0
1491594,27167,1
1491594,7892,0
1491594,25680,0
1491594,11786,0
1491594,26053,0
1492163,20732,1
1492163,18346,0
1492163,11923,0
1492163,1081,0
1492163,4989,0
1492396,1992,1
1492396,7488,0
1492396,10709,0
1492396,19346,0
1492396,23594,0
1493773,4028,1
1493773,22785,0
1493773,1873,0
1493773,2814,0
1493773,21902,0
1495759,19745,1
1495759,28110,0
1495759,15173,0
1495759,28073,0
1495759,14727,0
1495832,18626,1
1495832,20030,0
1495832,11041,0
1495832,13538,0
1495832,19234,0
1496627,16230,1
1496627,6082,0
1496627,24040,0
1496627,25008,0
1496627,22516,0
1498742,15737,1
1498742,12834,0
1498742,5714,0
1498742,14444,0
1498742,23832,0
1499736,8622,1
1499736,8248,0
1499736,6500,0
1499736,7222,0
1499736,18261,0
1500292,959,1
1500292,19445,0
1500292,25281,0
1500292,3354,0
1500292,24291,0
1500764,28133,1
1500764,11739,0
1500764,26328,0
1500764,12423,0
1500764,12191,0
1503163,21031,1
1503163,23217,0
1503163,19761,0
1503163,15736,0
1503163,10105,0
1503490,25112,1
1503490,12836,0
1503490,17098,0
1503490,1628,0
1503490,3775,0
1503977,22273,1
1503977,26920,0
1503977,15796,0
1503977,2237,0
1503977,21378,0
1505000,26674,1
1505000,8469,0
1505000,27460,0
1505000,3563,0
1505000,27771,0
1506678,12139,1
1506678,19291,0
1506678,1879,0
1506678,9876,0
1506678,21853,0
1507268,17089,1
1507268,1163,0
1507268,27652,0
1507268,11369,0
1507268,27463,0
1508478,13643,1
1508478,15648,0
1508478,22993,0
1508478,24291,0
1508478,9332,0
1508906,3481,1
1508906,27381,0
1508906,3426,0
1508906,23701,0
1508906,20430,0
1510022,2814,1
1510022,22302,0
1510022,20928,0
1510022,8514,0
1510022,9301,0
1511562,26049,1
1511562,23114,0
1511562,2847,0
1511562,20069,0
1511562,6672,0
1512276,8033,1
1512276,16622,0
1512276,25949,0
1512276,9650,0
1512276,12088,0
1512355,10390,1
1512355,8205,0
1512355,3363,0
1512355,24889,0
1512355,12988,0
1513915,5298,1
1513915,18152,0
1513915,27870,0
1513915,257,0
1513915,568,0
1514521,263,1
1514521,16855,0
1514521,5315,0
1514521,7240,0
1514521,15731,0
1514612,11085,1
1514612,19742,0
1514612,24291,0
1514612,16342,0
1514612,8008,0
1514880,13342,1
1514880,15266,0
1514880,10052,0
1514880,18335,0
1514880,1502,0
1514915,2678,1
1514915,1179,0
1514915,15247,0
1514915,13620,0
1514915,6885,0
1517188,39,1
1517188,15949,0
1517188,27557,0
1517188,23111,0
1517188,13731,0
1518649,8620,1
1518649,26415,0
1518649,18270,0
1518649,13987,0
1518649,20801,0
1518707,18156,1
1518707,22963,0
1518707,13996,0
1518707,11352,0
1518707,18320,0
1520660,6136,1
1520660,16286,0
1520660,18432,0
1520660,26986,0
1520660,10105,0
1520729,13628,1
1520729,15779,0
1520729,19334,0
1520729,9722,0
1520729,26109,0
1520822,28124,1
1520822,17788,0
1520822,7869,0
1520822,25072,0
1520822,1400,0
1521647,11565,1
1521647,17750,0
1521647,19172,0
1521647,11757,0
1521647,10332,0
1521678,1542,1
1521678,273,0
1521678,17382,0
1521678,5244,0
1521678,18102,0
1522402,6145,1
1522402,18225,0
1522402,485,0
1522402,17077,0
1522402,3053,0
1522457,18156,1
1522457,10431,0
1522457,4403,0
1522457,24887,0
1522457,3469,0
1522634,18156,1
1522634,8622,0
1522634,10111,0
1522634,7042,0
1522634,20457,0
1522873,18953,1
1522873,25473,0
1522873,6446,0
1522873,4746,0
1522873,12821,0
1523017,1272,1
1523017,10716,0
1523017,23282,0
1523017,1656,0
1523017,12652,0
1523140,18156,1
1523140,24355,0
1523140,16765,0
1523140,9568,0
1523140,15345,0
1524631,18156,1
1524631,5972,0
1524631,3709,0
1524631,15446,0
1524631,5840,0
1526910,22515,1
1526910,6786,0
1526910,25964,0
1526910,7836,0
1526910,13987,0
1527074,18156,1
1527074,5439,0
1527074,8248,0
1527074,13081,0
1527074,11352,0
1527827,26870,1
1527827,13413,0
1527827,15862,0
1527827,27094,0
1527827,28020,0
1528205,13553,1
1528205,21907,0
1528205,26475,0
1528205,4004,0
1528205,4104,0
1528523,1687,1
1528523,25710,0
1528523,687,0
1528523,11965,0
1528523,7208,0
1528848,27557,1
1528848,26330,0
1528848,825,0
1528848,20874,0
1528848,12548,0
1529399,7963,1
1529399,22302,0
1529399,15138,0
1529399,5367,0
1529399,19768,0
1530274,27856,1
1530274,14524,0
1530274,26688,0
1530274,13863,0
1530274,23936,0
1531513,17416,1
1531513,25013,0
1531513,13358,0
1531513,935,0
1531513,4096,0
1532341,18156,1
1532341,27225,0
1532341,19912,0
1532341,2506,0
1532341,8248,0
1532425,8060,1
1532425,21618,0
1532425,7674,0
1532425,23887,0
1532425,18798,0
1532638,9360,1
1532638,10971,0
1532638,5508,0
1532638,17960,0
1532638,14184,0
1533156,2021,1
1533156,7613,0
1533156,2359,0
1533156,12218,0
1533156,15244,0
1533862,7640,1
1533862,19393,0
1533862,2015,0
1533862,12885,0
1533862,16991,0
1534966,26853,1
1534966,14156,0
1534966,9244,0
1534966,8680,0
1534966,2764,0
1537119,5195,1
1537119,25326,0
1537119,13554,0
1537119,8009,0
1537119,16238,0
1537330,8060,1
1537330,1416,0
1537330,11513,0
1537330,16594,0
1537330,17089,0
1538279,23833,1
1538279,1564,0
1538279,16148,0
1538279,16114,0
1538279,20360,0
1538829,1644,1
1538829,5317,0
1538829,10297,0
1538829,10417,0
1538829,10145,0
1540510,18156,1
1540510,2506,0
1540510,7042,0
1540510,8060,0
1540510,826,0
1540648,27225,1
1540648,21706,0
1540648,27086,0
1540648,16991,0
1540648,18523,0
1543439,8826,1
1543439,8005,0
1543439,26496,0
1543439,1604,0
1543439,5895,0
1543986,21018,1
1543986,15247,0
1543986,23518,0
1543986,26221,0
1543986,15055,0
1544238,8622,1
1544238,13933,0
1544238,5439,0
1544238,15446,0
1544238,390,0
1545239,18156,1
1545239,25855,0
1545239,16205,0
1545239,14432,0
1545239,5439,0
1545360,8622,1
1545360,18261,0
1545360,21706,0
1545360,9742,0
1545360,826,0
1546112,4929,1
1546112,18873,0
1546112,7995,0
1546112,21004,0
1546112,21777,0
1546500,1916,1
1546500,11511,0
1546500,19249,0
1546500,6077,0
1546500,27548,0
1547424,2672,1
1547424,3392,0
1547424,27172,0
1547424,26158,0
1547424,10105,0
1547591,9903,1
1547591,22651,0
1547591,2095,0
1547591,21947,0
1547591,11357,0
1547737,4028,1
1547737,20400,0
1547737,21721,0
1547737,1300,0
1547737,16331,0
1549661,27585,1
1549661,13080,0
1549661,10474,0
1549661,15474,0
1549661,15104,0
1549737,15227,1
1549737,18416,0
1549737,13218,0
1549737,14514,0
1549737,14987,0
1550193,18156,1
1550193,23393,0
1550193,22963,0
1550193,14119,0
1550193,18208,0
1550959,9052,1
1550959,3347,0
1550959,15009,0
1550959,2077,0
1550959,11143,0
1551391,7634,1
1551391,25020,0
1551391,25602,0
1551391,2881,0
1551391,24927,0
1551472,18156,1
1551472,390,0
1551472,15904,0
1551472,5310,0
1551472,22963,0
1551798,2814,1
1551798,16888,0
1551798,23245,0
1551798,16765,0
1551798,27613,0
1551836,26724,1
1551836,481,0
1551836,16872,0
1551836,18577,0
1551836,9690,0
1552038,17452,1
1552038,15409,0
1552038,13377,0
1552038,11271,0
1552038,18531,0
1552691,26249,1
1552691,8700,0
1552691,8248,0
1552691,19841,0
1552691,27215,0
1552864,7963,1
1552864,8060,0
1552864,22302,0
1552864,1617,0
1552864,15249,0
1552915,22768,1
1552915,18696,0
1552915,7117,0
1552915,3776,0
1552915,14698,0
1554664,12423,1
1554664,545,0
1554664,3853,0
1554664,11289,0
1554664,12201,0
1554788,18156,1
1554788,11894,0
1554788,27695,0
1554788,25007,0
1554788,8060,0
1554792,11114,1
1554792,397,0
1554792,4092,0
1554792,10396,0
1554792,1877,0
1556224,573,1
1556224,5843,0
1556224,22895,0
1556224,27139,0
1556224,19254,0
1557103,9772,1
1557103,20650,0
1557103,13994,0
1557103,9543,0
1557103,8997,0
1558692,4028,1
1558692,25076,0
1558692,5972,0
1558692,5840,0
1558692,20388,0
1558954,20431,1
1558954,150,0
1558954,18341,0
1558954,1125,0
1558954,20009,0
1559996,6850,1
1559996,5612,0
1559996,5619,0
1559996,25971,0
1559996,19252,0
1560116,21798,1
1560116,28055,0
1560116,19345,0
1560116,16051,0
1560116,25459,0
1560179,18626,1
1560179,18978,0
1560179,452,0
1560179,17023,0
1560179,9031,0
1560223,16767,1
1560223,27521,0
1560223,6419,0
1560223,13759,0
1560223,9386,0
1560633,2681,1
1560633,3339,0
1560633,20950,0
1560633,22305,0
1560633,5295,0
1561754,27619,1
1561754,14398,0
1561754,13401,0
1561754,16167,0
1561754,20783,0
1563298,16309,1
1563298,11043,0
1563298,25420,0
1563298,18063,0
1563298,10882,0
1563665,18156,1
1563665,24008,0
1563665,4779,0
1563665,10432,0
1563665,13495,0
1564012,15742,1
1564012,3112,0
1564012,14931,0
1564012,27736,0
1564012,1542,0
1564487,15227,1
1564487,24291,0
1564487,2057,0
1564487,16341,0
1564487,24221,0
1566670,7963,1
1566670,7383,0
1566670,16829,0
1566670,6007,0
1566670,18511,0
1566940,6145,1
1566940,18391,0
1566940,24405,0
1566940,23865,0
1566940,16576,0
1567123,24906,1
1567123,6494,0
1567123,1828,0
1567123,2531,0
1567123,16553,0
1567871,22025,1
1567871,10449,0
1567871,5566,0
1567871,18557,0
1567871,15587,0
1569606,8060,1
1569606,15644,0
1569606,217,0
1569606,9627,0
1569606,13383,0
1570651,3815,1
1570651,13442,0
1570651,9311,0
1570651,20340,0
1570651,3879,0
1571071,4772,1
1571071,19853,0
1571071,142,0
1571071,2611,0
1571071,25194,0
1571145,7640,1
1571145,6817,0
1571145,15962,0
1571145,4242,0
1571145,826,0
1571376,18626,1
1571376,13578,0
1571376,74,0
1571376,27622,0
1571376,891,0
1572454,6942,1
1572454,16642,0
1572454,10474,0
1572454,6438,0
1572454,5649,0
1572508,17089,1
1572508,1693,0
1572508,6674,0
1572508,1348,0
1572508,8154,0
1574121,513,1
1574121,19258,0
1574121,2974,0
1574121,15638,0
1574121,12411,0
1575545,18156,1
1575545,18208,0
1575545,12615,0
1575545,18832,0
1575545,7640,0
1576930,10840,1
1576930,19283,0
1576930,218,0
1576930,45,0
1576930,16066,0
1577172,23088,1
1577172,27695,0
1577172,7802,0
1577172,22764,0
1577172,15480,0
1577456,24243,1
1577456,20640,0
1577456,9300,0
1577456,9213,0
1577456,8983,0
1580608,8060,1
1580608,25838,0
1580608,1018,0
1580608,1809,0
1580608,4962,0
1581345,9772,1
1581345,6196,0
1581345,1767,0
1581345,10105,0
1581345,21854,0
1581678,2077,1
1581678,27973,0
1581678,7018,0
1581678,18673,0
1581678,9663,0
1582009,2302,1
1582009,7311,0
1582009,19267,0
1582009,9316,0
1582009,20730,0
1582038,8662,1
1582038,2302,0
1582038,22171,0
1582038,8943,0
1582038,25129,0
1583819,8622,1
1583819,1085,0
1583819,12615,0
1583819,12885,0
1583819,14931,0
1585402,25389,1
1585402,12607,0
1585402,16136,0
1585402,5516,0
1585402,17548,0
1585852,25591,1
1585852,7001,0
1585852,25538,0
1585852,783,0
1585852,15548,0
1586270,23922,1
1586270,23039,0
1586270,20324,0
1586270,4489,0
1586270,5284,0
1588042,8622,1
1588042,27695,0
1588042,12615,0
1588042,7042,0
1588042,18240,0
1590183,13447,1
1590183,2911,0
1590183,2902,0
1590183,10062,0
1590183,10329,0
1591520,11091,1
1591520,5640,0
1591520,24953,0
1591520,25498,0
1591520,10469,0
1594715,5620,1
1594715,21279,0
1594715,8184,0
1594715,25325,0
1594715,21928,0
1595666,16947,1
1595666,11354,0
1595666,809,0
1595666,8214,0
1595666,11907,0
1599685,8060,1
1599685,14727,0
1599685,1018,0
1599685,6363,0
1599685,480,0
1600012,10607,1
1600012,22651,0
1600012,12955,0
1600012,7792,0
1600012,6647,0
1600682,23180,1
1600682,12332,0
1600682,25399,0
1600682,11481,0
1600682,5666,0
1602052,19912,1
1602052,12176,0
1602052,27225,0
1602052,3644,0
1602052,27199,0
1602202,18156,1
1602202,21283,0
1602202,12885,0
1602202,15962,0
1602202,26322,0
1602837,27613,1
1602837,3204,0
1602837,1348,0
1602837,24227,0
1602837,16538,0
1603556,13464,1
1603556,17935,0
1603556,2021,0
1603556,358,0
1603556,7794,0
1603827,12904,1
1603827,5244,0
1603827,12121,0
1603827,14970,0
1603827,7634,0
1605744,7093,1
1605744,17756,0
1605744,6762,0
1605744,7402,0
1605744,24604,0
1607411,21148,1
1607411,9909,0
1607411,26175,0
1607411,1662,0
1607411,18333,0
1607509,18626,1
1607509,74,0
1607509,25359,0
1607509,26212,0
1607509,27140,0
1609199,13589,1
1609199,1076,0
1609199,4795,0
1609199,18632,0
1609199,25890,0
1609224,259,1
1609224,2626,0
1609224,24452,0
1609224,12629,0
1609224,16377,0
1609414,7999,1
1609414,17144,0
1609414,8651,0
1609414,8960,0
1609414,14436,0
1611048,12139,1
1611048,18147,0
1611048,12169,0
1611048,3433,0
1611048,24391,0
1612337,18981,1
1612337,26322,0
1612337,2605,0
1612337,1080,0
1612337,14432,0
1613452,21616,1
1613452,23865,0
1613452,14415,0
1613452,21810,0
1613452,21425,0
1613809,8060,1
1613809,10896,0
1613809,22951,0
1613809,16864,0
1613809,1809,0
1613920,18650,1
1613920,25690,0
1613920,18457,0
1613920,16519,0
1613920,2053,0
1616521,18626,1
1616521,12676,0
1616521,24842,0
1616521,6931,0
1616521,2081,0
1616572,17089,1
1616572,5972,0
1616572,4393,0
1616572,13969,0
1616572,24591,0
1617369,17182,1
1617369,18000,0
1617369,12871,0
1617369,13285,0
1617369,25494,0
1618152,23705,1
1618152,24228,0
1618152,24265,0
1618152,21368,0
1618152,2203,0
1618640,4028,1
1618640,23875,0
1618640,4294,0
1618640,2447,0
1618640,5367,0
1619800,5350,1
1619800,6744,0
1619800,1769,0
1619800,2707,0
1619800,8508,0
1620447,15235,1
1620447,19499,0
1620447,11428,0
1620447,5539,0
1620447,13922,0
1620658,7482,1
1620658,3546,0
1620658,25734,0
1620658,6885,0
1620658,10116,0
1620804,9331,1
1620804,9102,0
1620804,11057,0
1620804,15589,0
1620804,3300,0
1620890,15624,1
1620890,25494,0
1620890,9578,0
1620890,25039,0
1620890,8936,0
1621023,1272,1
1621023,240,0
1621023,9794,0
1621023,23613,0
1621023,18866,0
1621960,23084,1
1621960,2474,0
1621960,1021,0
1621960,22127,0
1621960,8132,0
1622862,25454,1
1622862,11949,0
1622862,17419,0
1622862,12938,0
1622862,7140,0
1624728,18156,1
1624728,5310,0
1624728,5840,0
1624728,5243,0
1624728,12906,0
1625588,5721,1
1625588,24824,0
1625588,17694,0
1625588,18889,0
1625588,17684,0
1625686,7500,1
1625686,23558,0
1625686,12846,0
1625686,21184,0
1625686,14011,0
1627252,9921,1
1627252,20466,0
1627252,19443,0
1627252,18388,0
1627252,16993,0
1627378,17089,1
1627378,14977,0
1627378,10808,0
1627378,25955,0
1627378,14992,0
1630103,13081,1
1630103,3986,0
1630103,9184,0
1630103,1018,0
1630103,24135,0
1630346,3045,1
1630346,23824,0
1630346,18212,0
1630346,20378,0
1630346,26348,0
1633695,8775,1
1633695,3903,0
1633695,15698,0
1633695,14777,0
1633695,8205,0
1635690,8060,1
1635690,14198,0
1635690,1122,0
1635690,25167,0
1635690,1018,0
1636123,8060,1
1636123,13969,0
1636123,21283,0
1636123,14977,0
1636123,7640,0
1636392,26674,1
1636392,6568,0
1636392,17390,0
1636392,15278,0
1636392,27648,0
1636499,18156,1
1636499,5367,0
1636499,12615,0
1636499,10111,0
1636499,12885,0
1637693,2160,1
1637693,13078,0
1637693,23570,0
1637693,418,0
1637693,18928,0
1638137,24092,1
1638137,14514,0
1638137,11137,0
1638137,12874,0
1638137,10555,0
1638280,12101,1
1638280,10887,0
1638280,25956,0
1638280,5162,0
1638280,27984,0
1638492,5367,1
1638492,27823,0
1638492,14549,0
1638492,8622,0
1638492,12615,0
1638637,19882,1
1638637,21699,0
1638637,24366,0
1638637,13352,0
1638637,26524,0
1638906,5932,1
1638906,23451,0
1638906,8622,0
1638906,7640,0
1638906,23288,0
1639300,13922,1
1639300,23470,0
1639300,27870,0
1639300,3553,0
1639300,13081,0
1640711,18156,1
1640711,452,0
1640711,12797,0
1640711,8273,0
1640711,15022,0
1643288,1272,1
1643288,13039,0
1643288,4325,0
1643288,16847,0
1643288,18591,0
1644439,27225,1
1644439,13081,0
1644439,14549,0
1644439,12983,0
1644439,1080,0
1645341,26605,1
1645341,14148,0
1645341,24142,0
1645341,26279,0
1645341,23578,0
1647204,2447,1
1647204,17311,0
1647204,8934,0
1647204,25374,0
1647204,10099,0
1647436,9184,1
1647436,2814,0
1647436,17814,0
1647436,20309,0
1647436,26291,0
1648114,19687,1
1648114,24069,0
1648114,8838,0
1648114,23621,0
1648114,4745,0
1651169,1734,1
1651169,23969,0
1651169,14099,0
1651169,3314,0
1651169,25641,0
1651287,16417,1
1651287,24903,0
1651287,23553,0
1651287,9178,0
1651287,10791,0
1652312,3316,1
1652312,6734,0
1652312,7855,0
1652312,12877,0
1652312,16127,0
1654038,1580,1
1654038,24543,0
1654038,1626,0
1654038,26265,0
1654038,27504,0
1655885,13811,1
1655885,11693,0
1655885,3569,0
1655885,8272,0
1655885,6346,0
1656167,16687,1
1656167,9862,0
1656167,21720,0
1656167,2718,0
1656167,14519,0
1657123,19185,1
1657123,22342,0
1657123,17671,0
1657123,16077,0
1657123,10709,0
1657243,18626,1
1657243,19633,0
1657243,2111,0
1657243,27902,0
1657243,19014,0
1658608,22167,1
1658608,2672,0
1658608,8684,0
1658608,569,0
1658608,12079,0
1658986,18156,1
1658986,21890,0
1658986,8248,0
1658986,5310,0
1658986,22797,0
1659886,18218,1
1659886,4798,0
1659886,11592,0
1659886,23223,0
1659886,23175,0
1659904,12923,1
1659904,11424,0
1659904,12048,0
1659904,7106,0
1659904,4949,0
1659987,13144,1
1659987,10280,0
1659987,5545,0
1659987,20774,0
1659987,6409,0
1660173,27613,1
1660173,17814,0
1660173,17235,0
1660173,5886,0
1660173,3204,0
1660432,7640,1
1660432,8918,0
1660432,21809,0
1660432,5310,0
1660432,8622,0
1660668,8732,1
1660668,8030,0
1660668,7801,0
1660668,6366,0
1660668,5332,0
1660755,26853,1
1660755,9613,0
1660755,6076,0
1660755,13922,0
1660755,25120,0
1661133,19454,1
1661133,10652,0
1661133,12424,0
1661133,18388,0
1661133,15546,0
1661156,3737,1
1661156,23408,0
1661156,1978,0
1661156,18878,0
1661156,7483,0
1661478,13007,1
1661478,22184,0
1661478,11196,0
1661478,4399,0
1661478,20865,0
1661505,17911,1
1661505,20958,0
1661505,3896,0
1661505,22794,0
1661505,27643,0
1665662,3393,1
1665662,21584,0
1665662,8583,0
1665662,8602,0
1665662,15041,0
1665951,15173,1
1665951,10052,0
1665951,6166,0
1665951,18441,0
1665951,18939,0
1667461,18156,1
1667461,10431,0
1667461,8540,0
1667461,9686,0
1667461,5300,0
1667797,15235,1
1667797,18511,0
1667797,12425,0
1667797,21761,0
1667797,3768,0
1668734,26853,1
1668734,5935,0
1668734,20069,0
1668734,25685,0
1668734,21225,0
1670116,18156,1
1670116,11352,0
1670116,10111,0
1670116,7640,0
1670116,22974,0
1670582,4064,1
1670582,18632,0
1670582,21677,0
1670582,16742,0
1670582,18958,0
1670607,4028,1
1670607,21902,0
1670607,25076,0
1670607,16560,0
1670607,19118,0
1670720,7963,1
1670720,13850,0
1670720,22886,0
1670720,1350,0
1670720,2605,0
1671183,15247,1
1671183,1616,0
1671183,4250,0
1671183,26109,0
1671183,6494,0
1671717,17089,1
1671717,19635,0
1671717,11887,0
1671717,14813,0
1671717,12913,0
1672353,7963,1
1672353,9184,0
1672353,23288,0
1672353,27870,0
1672353,19895,0
1673633,19912,1
1673633,21706,0
1673633,18832,0
1673633,18261,0
1673633,26719,0
1673825,4064,1
1673825,13401,0
1673825,19451,0
1673825,7227,0
1673825,12665,0
1674083,18156,1
1674083,5310,0
1674083,6500,0
1674083,26322,0
1674083,8248,0
1676681,4028,1
1676681,13922,0
1676681,7539,0
1676681,16634,0
1676681,27695,0
1679479,21577,1
1679479,26789,0
1679479,17087,0
1679479,1978,0
1679479,15892,0
1681600,8622,1
1681600,24186,0
1681600,4334,0
1681600,4243,0
1681600,8406,0
1682115,22060,1
1682115,15713,0
1682115,18071,0
1682115,4075,0
1682115,12234,0
1683117,6786,1
1683117,12629,0
1683117,12913,0
1683117,1192,0
1683117,9521,0
1683319,9722,1
1683319,23193,0
1683319,231,0
1683319,5350,0
1683319,9543,0
1683603,9046,1
1683603,27416,0
1683603,25227,0
1683603,3665,0
1683603,6967,0
1684206,3173,1
1684206,12376,0
1684206,12234,0
1684206,12877,0
1684206,2099,0
1684266,5006,1
1684266,8525,0
1684266,11686,0
1684266,24512,0
1684266,10488,0
1684884,15094,1
1684884,738,0
1684884,9355,0
1684884,4142,0
1684884,26532,0
1684943,9184,1
1684943,19372,0
1684943,20307,0
1684943,21595,0
1684943,2695,0
1685530,800,1
1685530,27332,0
1685530,23407,0
1685530,33,0
1685530,19529,0
1686715,5255,1
1686715,21131,0
1686715,16429,0
1686715,27861,0
1686715,5940,0
1687052,26194,1
1687052,5301,0
1687052,16915,0
1687052,21454,0
1687052,19272,0
1688469,1515,1
1688469,25391,0
1688469,79,0
1688469,5415,0
1688469,12675,0
1689152,9148,1
1689152,23961,0
1689152,18331,0
1689152,7628,0
1689152,6772,0
1690866,1735,1
1690866,23417,0
1690866,6429,0
1690866,6823,0
1690866,22243,0
1691934,5006,1
1691934,6329,0
1691934,4982,0
1691934,7664,0
1691934,23552,0
1692011,2447,1
1692011,17311,0
1692011,11822,0
1692011,1486,0
1692011,9477,0
1692442,12871,1
1692442,27474,0
1692442,1829,0
1692442,8114,0
1692442,7030,0
1692802,5203,1
1692802,15670,0
1692802,23545,0
1692802,4121,0
1692802,25601,0
1693251,13144,1
1693251,6156,0
1693251,7903,0
1693251,15460,0
1693251,19945,0
1693723,5870,1
1693723,5524,0
1693723,23602,0
1693723,234,0
1693723,13285,0
1694131,7327,1
1694131,4617,0
1694131,1866,0
1694131,24671,0
1694131,9988,0
1694254,1272,1
1694254,5399,0
1694254,21517,0
1694254,27718,0
1694254,10084,0
1695518,26028,1
1695518,13417,0
1695518,16992,0
1695518,17842,0
1695518,26366,0
1695872,26651,1
1695872,4552,0
1695872,4254,0
1695872,1977,0
1695872,23088,0
1696947,24051,1
1696947,6106,0
1696947,2473,0
1696947,28113,0
1696947,20754,0
1699463,25474,1
1699463,2672,0
1699463,1208,0
1699463,7847,0
1699463,19104,0
1700981,23836,1
1700981,68,0
1700981,11361,0
1700981,20289,0
1700981,5750,0
1701024,7460,1
1701024,8400,0
1701024,9775,0
1701024,5288,0
1701024,11259,0
1704894,2008,1
1704894,23075,0
1704894,21782,0
1704894,15273,0
1704894,3433,0
1706064,2447,1
1706064,17311,0
1706064,18156,0
1706064,24636,0
1706064,4007,0
1706190,7219,1
1706190,15001,0
1706190,13248,0
1706190,4546,0
1706190,11644,0
1707615,8813,1
1707615,7605,0
1707615,16957,0
1707615,285,0
1707615,602,0
1708216,24319,1
1708216,18885,0
1708216,10005,0
1708216,15587,0
1708216,10440,0
1708907,10010,1
1708907,3995,0
1708907,9210,0
1708907,18071,0
1708907,26175,0
1709059,12683,1
1709059,2331,0
1709059,13048,0
1709059,10280,0
1709059,20461,0
1709879,14334,1
1709879,26279,0
1709879,2445,0
1709879,7719,0
1709879,13157,0
1710297,3591,1
1710297,20114,0
1710297,2685,0
1710297,19564,0
1710297,13924,0
1710409,5010,1
1710409,5319,0
1710409,18183,0
1710409,14509,0
1710409,18858,0
1711004,7963,1
1711004,992,0
1711004,2822,0
1711004,8154,0
1711004,14813,0
1715573,2447,1
1715573,21900,0
1715573,3499,0
1715573,5440,0
1715573,13008,0
1715613,24034,1
1715613,6573,0
1715613,8214,0
1715613,27119,0
1715613,12703,0
1716697,12934,1
1716697,26269,0
1716697,25135,0
1716697,3772,0
1716697,2831,0
1716862,21687,1
1716862,9100,0
1716862,25071,0
1716862,21905,0
1716862,5752,0
1717927,17889,1
1717927,5228,0
1717927,26051,0
1717927,4121,0
1717927,6166,0
1719566,14208,1
1719566,5288,0
1719566,26888,0
1719566,13940,0
1719566,14911,0
1720832,6976,1
1720832,27622,0
1720832,16360,0
1720832,12009,0
1720832,16185,0
1721442,18156,1
1721442,11190,0
1721442,18009,0
1721442,27199,0
1721442,5560,0
1723395,8622,1
1723395,18981,0
1723395,5243,0
1723395,3753,0
1723395,18240,0
1723631,2173,1
1723631,8936,0
1723631,26479,0
1723631,10293,0
1723631,7354,0
1723878,7073,1
1723878,5424,0
1723878,27749,0
1723878,16524,0
1723878,2850,0
1724025,5367,1
1724025,22302,0
1724025,17089,0
1724025,15249,0
1724025,17920,0
1726229,8406,1
1726229,18517,0
1726229,3914,0
1726229,23885,0
1726229,2562,0
1726261,10390,1
1726261,23529,0
1726261,27202,0
1726261,8589,0
1726261,7564,0
1726707,18626,1
1726707,8684,0
1726707,20808,0
1726707,10680,0
1726707,19588,0
1727168,18719,1
1727168,10603,0
1727168,18535,0
1727168,3925,0
1727168,5139,0
1728214,13994,1
1728214,1227,0
1728214,4644,0
1728214,26348,0
1728214,27919,0
1728441,8867,1
1728441,24405,0
1728441,12453,0
1728441,22069,0
1728441,6838,0
1730271,13007,1
1730271,11242,0
1730271,24769,0
1730271,13808,0
1730271,6318,0
1730499,18156,1
1730499,15962,0
1730499,5840,0
1730499,18320,0
1730499,2506,0
1730680,12911,1
1730680,1829,0
1730680,11619,0
1730680,766,0
1730680,8825,0
1732907,9184,1
1732907,18981,0
1732907,5310,0
1732907,8060,0
1732907,8810,0
1733993,12492,1
1733993,20614,0
1733993,24367,0
1733993,25108,0
1733993,26574,0
1734110,15227,1
1734110,19592,0
1734110,3605,0
1734110,22324,0
1734110,2028,0
1735760,7412,1
1735760,17437,0
1735760,20500,0
1735760,3228,0
1735760,25808,0
1736181,16683,1
1736181,22189,0
1736181,1679,0
1736181,28049,0
1736181,4667,0
1736678,18156,1
1736678,16476,0
1736678,8918,0
1736678,14119,0
1736678,23393,0
1737003,25580,1
1737003,26074,0
1737003,25578,0
1737003,27257,0
1737003,18329,0
1737419,6318,1
1737419,10138,0
1737419,9950,0
1737419,28028,0
1737419,22805,0
1737721,9184,1
1737721,18511,0
1737721,19635,0
1737721,6235,0
1737721,16765,0
1738750,4081,1
1738750,21555,0
1738750,3324,0
1738750,16650,0
1738750,9750,0
1739390,17482,1
1739390,18882,0
1739390,5275,0
1739390,17185,0
1739390,17390,0
1740419,18868,1
1740419,15501,0
1740419,21524,0
1740419,12558,0
1740419,23619,0
1740555,27656,1
1740555,26340,0
1740555,2405,0
1740555,23489,0
1740555,20526,0
1741416,18156,1
1741416,21283,0
1741416,5367,0
1741416,13933,0
1741416,14931,0
1742486,26257,1
1742486,21787,0
1742486,18483,0
1742486,22178,0
1742486,20515,0
1742836,7096,1
1742836,14539,0
1742836,7855,0
1742836,12059,0
1742836,11257,0
1743485,20612,1
1743485,21086,0
1743485,5004,0
1743485,19047,0
1743485,17980,0
1744082,1662,1
1744082,14086,0
1744082,4700,0
1744082,7351,0
1744082,10194,0
1744783,17620,1
1744783,19110,0
1744783,17130,0
1744783,13146,0
1744783,6956,0
1746368,8060,1
1746368,7389,0
1746368,217,0
1746368,789,0
1746368,5704,0
1747000,11858,1
1747000,4250,0
1747000,774,0
1747000,4865,0
1747000,24648,0
1747456,18156,1
1747456,13495,0
1747456,19669,0
1747456,3469,0
1747456,23493,0
1747855,12030,1
1747855,26954,0
1747855,9014,0
1747855,18535,0
1747855,12511,0
1748371,7605,1
1748371,22747,0
1748371,24745,0
1748371,15139,0
1748371,22701,0
1749871,5508,1
1749871,20809,0
1749871,22252,0
1749871,2900,0
1749871,26968,0
1750192,15501,1
1750192,25381,0
1750192,22087,0
1750192,20521,0
1750192,1504,0
1750239,26818,1
1750239,12044,0
1750239,4092,0
1750239,10393,0
1750239,8214,0
1750647,4748,1
1750647,13928,0
1750647,6707,0
1750647,13284,0
1750647,12062,0
1750779,27381,1
1750779,4156,0
1750779,13022,0
1750779,14928,0
1750779,6069,0
1752118,17382,1
1752118,639,0
1752118,20970,0
1752118,3171,0
1752118,1513,0
1754976,5367,1
1754976,3801,0
1754976,9140,0
1754976,1493,0
1754976,15226,0
1755946,12908,1
1755946,16256,0
1755946,27192,0
1755946,24741,0
1755946,754,0
1756642,18156,1
1756642,11742,0
1756642,8540,0
1756642,13278,0
1756642,4149,0
1758289,3598,1
1758289,24487,0
1758289,2963,0
1758289,11742,0
1758289,2634,0
1760097,763,1
1760097,23518,0
1760097,20007,0
1760097,9986,0
1760097,19980,0
1761619,11626,1
1761619,27843,0
1761619,2074,0
1761619,12345,0
1761619,19310,0
1761881,17089,1
1761881,23666,0
1761881,17814,0
1761881,5886,0
1761881,10879,0
1763591,8624,1
1763591,4096,0
1763591,19416,0
1763591,12874,0
1763591,10645,0
1763853,15740,1
1763853,21838,0
1763853,528,0
1763853,22563,0
1763853,17678,0
1763882,24910,1
1763882,4808,0
1763882,17110,0
1763882,25525,0
1763882,18520,0
1765640,21279,1
1765640,736,0
1765640,1856,0
1765640,25601,0
1765640,12169,0
1765821,4028,1
1765821,2215,0
1765821,16819,0
1765821,6274,0
1765821,1370,0
1767596,7640,1
1767596,21890,0
1767596,13933,0
1767596,2015,0
1767596,19739,0
1768470,26474,1
1768470,8259,0
1768470,23850,0
1768470,21969,0
1768470,23784,0
1768543,25693,1
1768543,24049,0
1768543,12676,0
1768543,5704,0
1768543,23536,0
1769773,18156,1
1769773,25589,0
1769773,27225,0
1769773,21890,0
1769773,22963,0
1770586,8060,1
1770586,9143,0
1770586,18798,0
1770586,24062,0
1770586,22833,0
1772318,8622,1
1772318,13081,0
1772318,18240,0
1772318,22963,0
1772318,27695,0
1773474,8124,1
1773474,14535,0
1773474,25223,0
1773474,21716,0
1773474,4921,0
1774859,6386,1
1774859,4903,0
1774859,20198,0
1774859,10800,0
1774859,21596,0
1775342,24051,1
1775342,19218,0
1775342,22087,0
1775342,2515,0
1775342,12651,0
1776016,18161,1
1776016,9583,0
1776016,24400,0
1776016,10559,0
1776016,12641,0
1777460,8951,1
1777460,26829,0
1777460,22087,0
1777460,13987,0
1777460,12325,0
1777604,23375,1
1777604,21257,0
1777604,2997,0
1777604,22637,0
1777604,17082,0
1777620,11475,1
1777620,18433,0
1777620,8589,0
1777620,9454,0
1777620,8110,0
1779078,18626,1
1779078,19585,0
1779078,10465,0
1779078,27622,0
1779078,21546,0
1779115,9177,1
1779115,20410,0
1779115,17490,0
1779115,424,0
1779115,24821,0
1779211,22025,1
1779211,15587,0
1779211,26838,0
1779211,1154,0
1779211,6332,0
1780383,8060,1
1780383,7640,0
1780383,2681,0
1780383,5308,0
1780383,14581,0
1780603,1018,1
1780603,22785,0
1780603,17252,0
1780603,10148,0
1780603,7252,0
1781524,26861,1
1781524,2219,0
1781524,2449,0
1781524,9376,0
1781524,20640,0
1782236,2794,1
1782236,1293,0
1782236,5945,0
1782236,14050,0
1782236,26111,0
1783040,9479,1
1783040,23526,0
1783040,23121,0
1783040,3045,0
1783040,6198,0
1783351,22947,1
1783351,8613,0
1783351,7030,0
1783351,7593,0
1783351,18688,0
1784430,13643,1
1784430,27257,0
1784430,5618,0
1784430,5567,0
1784430,8076,0
1785135,6735,1
1785135,18627,0
1785135,16136,0
1785135,9396,0
1785135,14206,0
1785828,2575,1
1785828,10052,0
1785828,28115,0
1785828,10658,0
1785828,18650,0
1786200,26876,1
1786200,20472,0
1786200,766,0
1786200,2060,0
1786200,11258,0
1786260,1877,1
1786260,19604,0
1786260,16637,0
1786260,10245,0
1786260,22774,0
1786637,16830,1
1786637,21772,0
1786637,24619,0
1786637,18719,0
1786637,10395,0
1787804,5188,1
1787804,10084,0
1787804,7523,0
1787804,18897,0
1787804,16360,0
1788553,26853,1
1788553,1085,0
1788553,6500,0
1788553,18156,0
1788553,19917,0
1789118,25359,1
1789118,7605,0
1789118,17620,0
1789118,27664,0
1789118,6453,0
1789253,21148,1
1789253,2120,0
1789253,6751,0
1789253,17851,0
1789253,14086,0
1789324,13922,1
1789324,19899,0
1789324,15714,0
1789324,14975,0
1789324,25075,0
1789580,13622,1
1789580,13219,0
1789580,10800,0
1789580,11846,0
1789580,18157,0
1790397,22342,1
1790397,17016,0
1790397,24459,0
1790397,24722,0
1790397,18913,0
1790657,15538,1
1790657,14457,0
1790657,25090,0
1790657,9329,0
1790657,25743,0
1790916,14953,1
1790916,3769,0
1790916,10388,0
1790916,20934,0
1790916,7997,0
1791686,23789,1
1791686,12633,0
1791686,10141,0
1791686,25622,0
1791686,10330,0
1792136,184,1
1792136,20870,0
1792136,9622,0
1792136,22638,0
1792136,26752,0
1792306,14426,1
1792306,9306,0
1792306,12415,0
1792306,2190,0
1792306,3666,0
1792882,15501,1
1792882,9041,0
1792882,8790,0
1792882,27246,0
1792882,26367,0
1793943,672,1
1793943,3357,0
1793943,4455,0
1793943,9968,0
1793943,23339,0
1794800,18156,1
1794800,10640,0
1794800,16476,0
1794800,25007,0
1794800,3644,0
1797238,22774,1
1797238,13046,0
1797238,21014,0
1797238,24081,0
1797238,23545,0
1797363,7963,1
1797363,7539,0
1797363,6817,0
1797363,16829,0
1797363,25589,0
1798244,3046,1
1798244,6443,0
1798244,4710,0
1798244,5275,0
1798244,19786,0
1798476,26674,1
1798476,5646,0
1798476,8196,0
1798476,25901,0
1798476,1408,0
1798589,4028,1
1798589,13013,0
1798589,19204,0
1798589,20375,0
1798589,21721,0
1799533,8001,1
1799533,21191,0
1799533,11702,0
1799533,6867,0
1799533,5211,0
1799815,3186,1
1799815,5163,0
1799815,25446,0
1799815,22273,0
1799815,21728,0
1800518,881,1
1800518,399,0
1800518,10349,0
1800518,749,0
1800518,5200,0
1802385,4028,1
1802385,16560,0
1802385,8839,0
1802385,21751,0
1802385,22704,0
1802850,13393,1
1802850,21482,0
1802850,24321,0
1802850,18853,0
1802850,19782,0
1802886,26409,1
1802886,11879,0
1802886,20406,0
1802886,456,0
1802886,20720,0
1803024,8448,1
1803024,24291,0
1803024,5576,0
1803024,13571,0
1803024,576,0
1803734,4028,1
1803734,1300,0
1803734,27321,0
1803734,15714,0
1803734,19118,0
1804306,8622,1
1804306,21890,0
1804306,19520,0
1804306,5972,0
1804306,5243,0
1806049,14959,1
1806049,16750,0
1806049,4064,0
1806049,2444,0
1806049,2014,0
1806108,5299,1
1806108,21439,0
1806108,25951,0
1806108,18068,0
1806108,6142,0
1807593,18161,1
1807593,11361,0
1807593,17173,0
1807593,15790,0
1807593,17319,0
1807857,8936,1
1807857,26036,0
1807857,3771,0
1807857,25681,0
1807857,26071,0
1809277,20612,1
1809277,24445,0
1809277,16756,0
1809277,23433,0
1809277,10245,0
1810694,18861,1
1810694,13124,0
1810694,19504,0
1810694,25221,0
1810694,1390,0
1811436,7327,1
1811436,24134,0
1811436,5863,0
1811436,21555,0
1811436,15624,0
1812015,18156,1
1812015,21890,0
1812015,19912,0
1812015,7640,0
1812015,13996,0
1812956,16127,1
1812956,22563,0
1812956,27263,0
1812956,7325,0
1812956,18866,0
1813933,1272,1
1813933,12652,0
1813933,12565,0
1813933,24774,0
1813933,21720,0
1814372,5414,1
1814372,20215,0
1814372,7861,0
1814372,2616,0
1814372,11252,0
1814397,18626,1
1814397,16879,0
1814397,19588,0
1814397,23637,0
1814397,1322,0
1815203,25389,1
1815203,25391,0
1815203,8626,0
1815203,20332,0
1815203,23250,0
1815217,8951,1
1815217,7503,0
1815217,19803,0
1815217,17173,0
1815217,1353,0
1815691,15242,1
1815691,22855,0
1815691,25787,0
1815691,11798,0
1815691,1823,0
1816394,18156,1
1816394,10731,0
1816394,2814,0
1816394,4981,0
1816394,17814,0
1816490,7096,1
1816490,3428,0
1816490,15931,0
1816490,14136,0
1816490,19346,0
1816833,22273,1
1816833,16635,0
1816833,7704,0
1816833,4852,0
1816833,14623,0
1818422,7963,1
1818422,18981,0
1818422,16829,0
1818422,8622,0
1818422,13081,0
1818475,9395,1
1818475,7288,0
1818475,9350,0
1818475,19658,0
1818475,1656,0
1818987,25242,1
1818987,6571,0
1818987,12192,0
1818987,26258,0
1818987,4868,0
1819661,1542,1
1819661,8743,0
1819661,2279,0
1819661,10084,0
1819661,18820,0
1819752,16952,1
1819752,18839,0
1819752,20521,0
1819752,12764,0
1819752,24305,0
1820623,16950,1
1820623,766,0
1820623,19149,0
1820623,22287,0
1820623,3394,0
1820792,15831,1
1820792,780,0
1820792,11050,0
1820792,3003,0
1820792,28121,0
1822227,18806,1
1822227,11799,0
1822227,27600,0
1822227,15011,0
1822227,4591,0
1822835,14226,1
1822835,22025,0
1822835,17542,0
1822835,12875,0
1822835,3406,0
1823088,8575,1
1823088,23553,0
1823088,10116,0
1823088,15533,0
1823088,10036,0
1823211,19912,1
1823211,27225,0
1823211,2506,0
1823211,26884,0
1823211,19393,0
1825932,4064,1
1825932,8142,0
1825932,16182,0
1825932,25446,0
1825932,6829,0
1826292,10848,1
1826292,9761,0
1826292,20393,0
1826292,24761,0
1826292,15618,0
1826944,18156,1
1826944,24227,0
1826944,1473,0
1826944,16765,0
1826944,9184,0
1827060,19985,1
1827060,21928,0
1827060,11690,0
1827060,7111,0
1827060,13316,0
1827383,7173,1
1827383,14919,0
1827383,1026,0
1827383,16156,0
1827383,26968,0
1828495,27225,1
1828495,12983,0
1828495,390,0
1828495,12906,0
1828495,5310,0
1828650,17089,1
1828650,28003,0
1828650,26038,0
1828650,23088,0
1828650,5036,0
1830358,9038,1
1830358,13020,0
1830358,21131,0
1830358,27717,0
1830358,13382,0
1830644,9663,1
1830644,26415,0
1830644,25832,0
1830644,24493,0
1830644,6647,0
1832613,24034,1
1832613,9816,0
1832613,651,0
1832613,1654,0
1832613,5040,0
1833001,14959,1
1833001,788,0
1833001,9757,0
1833001,23114,0
1833001,2321,0
1834219,10514,1
1834219,21555,0
1834219,11074,0
1834219,11046,0
1834219,18847,0
1834904,18981,1
1834904,13933,0
1834904,9442,0
1834904,5439,0
1834904,18523,0
1835992,22753,1
1835992,17579,0
1835992,20299,0
1835992,6483,0
1835992,18764,0
1837643,28096,1
1837643,21940,0
1837643,662,0
1837643,8708,0
1837643,18125,0
1838980,651,1
1838980,11780,0
1838980,6776,0
1838980,24778,0
1838980,12560,0
1839034,4028,1
1839034,19118,0
1839034,22704,0
1839034,9244,0
1839034,27455,0
1841523,13994,1
1841523,4811,0
1841523,5144,0
1841523,18763,0
1841523,6415,0
1841630,18156,1
1841630,5439,0
1841630,26853,0
1841630,6374,0
1841630,14549,0
1842873,13081,1
1842873,23451,0
1842873,19763,0
1842873,13897,0
1842873,1811,0
1844401,800,1
1844401,20257,0
1844401,347,0
1844401,4473,0
1844401,1084,0
1845312,16821,1
1845312,27382,0
1845312,866,0
1845312,16350,0
1845312,19796,0
1845469,2845,1
1845469,8095,0
1845469,14777,0
1845469,26369,0
1845469,24681,0
1846343,23088,1
1846343,2855,0
1846343,26645,0
1846343,27062,0
1846343,3836,0
1847245,3846,1
1847245,2031,0
1847245,3439,0
1847245,8214,0
1847245,11463,0
1848106,7016,1
1848106,17014,0
1848106,15229,0
1848106,20388,0
1848106,22182,0
1848735,7640,1
1848735,15904,0
1848735,13660,0
1848735,3709,0
1848735,16991,0
1849242,12325,1
1849242,18709,0
1849242,13410,0
1849242,23436,0
1849242,6288,0
1849647,4028,1
1849647,11082,0
1849647,22828,0
1849647,27996,0
1849647,25874,0
1849857,2447,1
1849857,2969,0
1849857,3950,0
1849857,6281,0
1849857,3129,0
1851951,21903,1
1851951,2146,0
1851951,9045,0
1851951,23019,0
1851951,18613,0
1852418,20332,1
1852418,3610,0
1852418,25837,0
1852418,12308,0
1852418,5798,0
1852575,2942,1
1852575,228,0
1852575,23293,0
1852575,24969,0
1852575,12793,0
1852615,24604,1
1852615,2976,0
1852615,20392,0
1852615,4857,0
1852615,7191,0
1853295,4028,1
1853295,10324,0
1853295,5310,0
1853295,6636,0
1853295,1233,0
1853381,6144,1
1853381,4626,0
1853381,730,0
1853381,4155,0
1853381,27697,0
1853607,28096,1
1853607,14957,0
1853607,7079,0
1853607,22283,0
1853607,27557,0
1859491,15249,1
1859491,25107,0
1859491,18511,0
1859491,10303,0
1859491,25401,0
1861067,28065,1
1861067,27249,0
1861067,9834,0
1861067,4866,0
1861067,327,0
1861667,27435,1
1861667,2212,0
1861667,21335,0
1861667,4980,0
1861667,2616,0
1862353,10390,1
1862353,8589,0
1862353,2134,0
1862353,25115,0
1862353,14853,0
1862439,25982,1
1862439,8894,0
1862439,20080,0
1862439,9279,0
1862439,3468,0
1863902,8060,1
1863902,1018,0
1863902,480,0
1863902,17676,0
1863902,26260,0
1864580,18626,1
1864580,17023,0
1864580,3561,0
1864580,25755,0
1864580,12120,0
1866045,8147,1
1866045,21077,0
1866045,20474,0
1866045,22601,0
1866045,14837,0
1867036,6850,1
1867036,8286,0
1867036,19662,0
1867036,3183,0
1867036,21403,0
1867354,16120,1
1867354,7863,0
1867354,26040,0
1867354,5144,0
1867354,26634,0
1869584,17416,1
1869584,25239,0
1869584,4181,0
1869584,1293,0
1869584,21778,0
1870282,15235,1
1870282,208,0
1870282,27199,0
1870282,27479,0
1870282,21328,0
1872470,5367,1
1872470,21706,0
1872470,27823,0
1872470,18832,0
1872470,10640,0
1872747,26853,1
1872747,18449,0
1872747,24992,0
1872747,15389,0
1872747,1467,0
1872960,18861,1
1872960,24667,0
1872960,20255,0
1872960,4768,0
1872960,2033,0
1873025,7963,1
1873025,1085,0
1873025,2855,0
1873025,13897,0
1873025,2892,0
1873941,7640,1
1873941,20457,0
1873941,14931,0
1873941,18832,0
1873941,18523,0
1876006,1351,1
1876006,21024,0
1876006,10136,0
1876006,13559,0
1876006,11002,0
1876322,18890,1
1876322,13707,0
1876322,8628,0
1876322,9153,0
1876322,17883,0
1876680,17599,1
1876680,20484,0
1876680,26034,0
1876680,2541,0
1876680,18002,0
1877659,26391,1
1877659,4117,0
1877659,15790,0
1877659,6392,0
1877659,11105,0
1877696,18156,1
1877696,26400,0
1877696,4516,0
1877696,3591,0
1877696,19768,0
1878212,18156,1
1878212,13996,0
1878212,3709,0
1878212,25007,0
1878212,22797,0
1878232,5870,1
1878232,23396,0
1878232,545,0
1878232,23757,0
1878232,1564,0
1878494,26249,1
1878494,7640,0
1878494,1644,0
1878494,1325,0
1878494,2953,0
1879485,20080,1
1879485,22819,0
1879485,6309,0
1879485,13677,0
1879485,10060,0
1879558,2447,1
1879558,17311,0
1879558,9477,0
1879558,4065,0
1879558,5158,0
1880251,8622,1
1880251,12885,0
1880251,8918,0
1880251,14119,0
1880251,26884,0
1880307,26083,1
1880307,26150,0
1880307,3740,0
1880307,6519,0
1880307,137,0
1880918,16950,1
1880918,26147,0
1880918,20967,0
1880918,10941,0
1880918,26269,0
1881428,27557,1
1881428,19842,0
1881428,27043,0
1881428,25175,0
1881428,21702,0
1884867,5816,1
1884867,8176,0
1884867,11276,0
1884867,24599,0
1884867,11249,0
1885063,18626,1
1885063,2081,0
1885063,7728,0
1885063,22610,0
1885063,13873,0
1886609,8060,1
1886609,18544,0
1886609,14869,0
1886609,4446,0
1886609,5972,0
1889049,26811,1
1889049,2420,0
1889049,9462,0
1889049,11382,0
1889049,24800,0
1889171,9462,1
1889171,20719,0
1889171,23705,0
1889171,14420,0
1889171,12783,0
1889272,8060,1
1889272,16560,0
1889272,4123,0
1889272,11060,0
1889272,25163,0
1891240,18483,1
1891240,2560,0
1891240,25623,0
1891240,13901,0
1891240,4665,0
1891467,8060,1
1891467,23147,0
1891467,23965,0
1891467,23013,0
1891467,16437,0
1891896,13922,1
1891896,14155,0
1891896,8007,0
1891896,1300,0
1891896,13081,0
1893542,22004,1
1893542,5727,0
1893542,24764,0
1893542,2768,0
1893542,23583,0
1896674,16607,1
1896674,8214,0
1896674,18804,0
1896674,15492,0
1896674,8872,0
1897609,24648,1
1897609,18084,0
1897609,5720,0
1897609,2554,0
1897609,18582,0
1897720,19055,1
1897720,913,0
1897720,1847,0
1897720,17082,0
1897720,18878,0
1898654,25889,1
1898654,6622,0
1898654,8761,0
1898654,1799,0
1898654,27355,0
1899485,15624,1
1899485,26109,0
1899485,18597,0
1899485,13898,0
1899485,20398,0
1902562,13284,1
1902562,15943,0
1902562,14509,0
1902562,18325,0
1902562,18750,0
1902735,1272,1
1902735,10261,0
1902735,26509,0
1902735,27019,0
1902735,10084,0
1903041,7155,1
1903041,2011,0
1903041,8242,0
1903041,10694,0
1903041,24830,0
1903544,18960,1
1903544,6392,0
1903544,24749,0
1903544,18134,0
1903544,12927,0
1905935,8060,1
1905935,4256,0
1905935,19897,0
1905935,5840,0
1905935,25007,0
1906311,970,1
1906311,7586,0
1906311,1977,0
1906311,18919,0
1906311,15393,0
1907329,18750,1
1907329,10882,0
1907329,8589,0
1907329,27293,0
1907329,13888,0
1908916,27310,1
1908916,6842,0
1908916,27622,0
1908916,24996,0
1908916,2923,0
1910242,5188,1
1910242,13759,0
1910242,2772,0
1910242,16360,0
1910242,7403,0
1912764,26285,1
1912764,16709,0
1912764,19979,0
1912764,11199,0
1912764,1009,0
1913829,27852,1
1913829,3509,0
1913829,14756,0
1913829,6413,0
1913829,637,0
1915354,2616,1
1915354,7605,0
1915354,7920,0
1915354,9968,0
1915354,14311,0
1915779,18156,1
1915779,11169,0
1915779,21706,0
1915779,9568,0
1915779,23245,0
1916246,5106,1
1916246,25234,0
1916246,5849,0
1916246,17585,0
1916246,17192,0
1917736,11565,1
1917736,19042,0
1917736,26337,0
1917736,23751,0
1917736,21638,0
1917997,17585,1
1917997,16635,0
1917997,3585,0
1917997,6371,0
1917997,6109,0
1918781,20137,1
1918781,6225,0
1918781,16658,0
1918781,25227,0
1918781,7819,0
1919121,18156,1
1919121,1473,0
1919121,9301,0
1919121,20928,0
1919121,26291,0
1919835,1877,1
1919835,12373,0
1919835,17774,0
1919835,12797,0
1919835,7695,0
1920656,5388,1
1920656,5177,0
1920656,26349,0
1920656,10992,0
1920656,3841,0
1922523,20116,1
1922523,4782,0
1922523,106,0
1922523,27675,0
1922523,17746,0
1923225,26083,1
1923225,3740,0
1923225,6519,0
1923225,27861,0
1923225,1238,0
1924184,18258,1
1924184,21844,0
1924184,27242,0
1924184,10807,0
1924184,20704,0
1924637,17429,1
1924637,27733,0
1924637,9188,0
1924637,3112,0
1924637,11504,0
1925025,4861,1
1925025,27342,0
1925025,9425,0
1925025,4150,0
1925025,24197,0
1925271,17362,1
1925271,23245,0
1925271,14491,0
1925271,1199,0
1925271,15326,0
1926147,18806,1
1926147,27198,0
1926147,18176,0
1926147,2844,0
1926147,26817,0
1926276,11742,1
1926276,6500,0
1926276,22906,0
1926276,11352,0
1926276,7640,0
1926303,9184,1
1926303,5932,0
1926303,20026,0
1926303,1358,0
1926303,15870,0
1927842,15540,1
1927842,14532,0
1927842,22580,0
1927842,23142,0
1927842,14398,0
1929248,14310,1
1929248,9471,0
1929248,6157,0
1929248,6001,0
1929248,15331,0
1930612,6391,1
1930612,17123,0
1930612,6826,0
1930612,21086,0
1930612,1033,0
1930698,18626,1
1930698,12228,0
1930698,9832,0
1930698,7377,0
1930698,20192,0
1931761,5070,1
1931761,1461,0
1931761,358,0
1931761,5130,0
1931761,26848,0
1931972,1537,1
1931972,1147,0
1931972,9771,0
1931972,11564,0
1931972,5601,0
1932620,8527,1
1932620,2212,0
1932620,13401,0
1932620,12881,0
1932620,16791,0
1934928,2447,1
1934928,12427,0
1934928,24149,0
1934928,25229,0
1934928,3549,0
1935275,24630,1
1935275,2607,0
1935275,10167,0
1935275,5406,0
1935275,7319,0
1935626,20707,1
1935626,25602,0
1935626,14509,0
1935626,10844,0
1935626,16891,0
1936282,16845,1
1936282,21436,0
1936282,5533,0
1936282,22683,0
1936282,18377,0
1937342,7412,1
1937342,3445,0
1937342,20080,0
1937342,2911,0
1937342,18061,0
1937345,18626,1
1937345,19998,0
1937345,2806,0
1937345,20905,0
1937345,14054,0
1938765,13381,1
1938765,4125,0
1938765,18108,0
1938765,24417,0
1938765,7812,0
1939388,9772,1
1939388,12379,0
1939388,1620,0
1939388,7050,0
1939388,27041,0
1939646,4422,1
1939646,2824,0
1939646,13863,0
1939646,8218,0
1939646,20138,0
1941399,2160,1
1941399,16786,0
1941399,27622,0
1941399,13271,0
1941399,9431,0
1942151,5006,1
1942151,23909,0
1942151,10393,0
1942151,8988,0
1942151,848,0
1942821,8060,1
1942821,16190,0
1942821,25864,0
1942821,8622,0
1942821,10896,0
1945359,705,1
1945359,22205,0
1945359,17685,0
1945359,53,0
1945359,13250,0
1945652,24496,1
1945652,14665,0
1945652,21745,0
1945652,17406,0
1945652,5995,0
1946741,24496,1
1946741,15264,0
1946741,23048,0
1946741,27983,0
1946741,1021,0
1948615,1272,1
1948615,16381,0
1948615,17698,0
1948615,471,0
1948615,6042,0
1951648,18156,1
1951648,18320,0
1951648,10640,0
1951648,22797,0
1951648,2873,0
1951729,6843,1
1951729,6131,0
1951729,22127,0
1951729,3342,0
1951729,8745,0
1952953,13081,1
1952953,7383,0
1952953,16560,0
1952953,1644,0
1952953,20847,0
1953412,28096,1
1953412,5554,0
1953412,9254,0
1953412,1344,0
1953412,20689,0
1953961,9184,1
1953961,5886,0
1953961,17089,0
1953961,3114,0
1953961,17814,0
1954645,6721,1
1954645,4740,0
1954645,19906,0
1954645,19319,0
1954645,20100,0
1955076,8060,1
1955076,3334,0
1955076,25155,0
1955076,10345,0
1955076,100,0
1955136,12411,1
1955136,5026,0
1955136,27726,0
1955136,12966,0
1955136,5163,0
1956460,9046,1
1956460,24316,0
1956460,24241,0
1956460,17629,0
1956460,9586,0
1956626,18156,1
1956626,12913,0
1956626,20307,0
1956626,7963,0
1956626,19635,0
1957837,26853,1
1957837,22255,0
1957837,21706,0
1957837,18735,0
1957837,11778,0
1958018,23382,1
1958018,11398,0
1958018,10740,0
1958018,25281,0
1958018,4168,0
1958331,7935,1
1958331,1773,0
1958331,5377,0
1958331,12874,0
1958331,5164,0
1959304,19882,1
1959304,9699,0
1959304,24500,0
1959304,20474,0
1959304,6590,0
1959692,8060,1
1959692,15374,0
1959692,100,0
1959692,26126,0
1959692,14159,0
1960599,9914,1
1960599,18764,0
1960599,11474,0
1960599,14148,0
1960599,25365,0
1963259,7580,1
1963259,2996,0
1963259,4436,0
1963259,27262,0
1963259,3673,0
1964704,20260,1
1964704,3278,0
1964704,18248,0
1964704,27416,0
1964704,22466,0
1965017,14959,1
1965017,11641,0
1965017,11542,0
1965017,8532,0
1965017,27844,0
1965512,5721,1
1965512,21187,0
1965512,3938,0
1965512,20758,0
1965512,14197,0
1965878,13081,1
1965878,21812,0
1965878,22918,0
1965878,16437,0
1965878,15249,0
1966217,25051,1
1966217,3171,0
1966217,8521,0
1966217,5119,0
1966217,26327,0
1966491,4028,1
1966491,8469,0
1966491,14171,0
1966491,23686,0
1966491,25589,0
1966891,17089,1
1966891,5747,0
1966891,24227,0
1966891,26172,0
1966891,23451,0
1969249,17106,1
1969249,14575,0
1969249,9663,0
1969249,10565,0
1969249,20749,0
1969877,13398,1
1969877,18047,0
1969877,1865,0
1969877,14184,0
1969877,24370,0
1970512,5203,1
1970512,6816,0
1970512,23516,0
1970512,23313,0
1970512,5071,0
1971361,24820,1
1971361,19143,0
1971361,9028,0
1971361,25559,0
1971361,22767,0
1973733,2942,1
1973733,11508,0
1973733,22603,0
1973733,23304,0
1973733,22523,0
1973985,23433,1
1973985,26458,0
1973985,16414,0
1973985,3728,0
1973985,22167,0
1974580,19868,1
1974580,23680,0
1974580,14482,0
1974580,5643,0
1974580,26701,0
1974649,2447,1
1974649,3438,0
1974649,12068,0
1974649,8737,0
1974649,12623,0
1974817,1685,1
1974817,1796,0
1974817,20607,0
1974817,14816,0
1974817,4859,0
1975204,5693,1
1975204,10571,0
1975204,13628,0
1975204,24243,0
1975204,15433,0
1975261,27613,1
1975261,14141,0
1975261,9184,0
1975261,3145,0
1975261,880,0
1976174,18642,1
1976174,3871,0
1976174,20298,0
1976174,3392,0
1976174,12928,0
1976201,17319,1
1976201,14784,0
1976201,20484,0
1976201,1101,0
1976201,1212,0
1977972,881,1
1977972,1585,0
1977972,1244,0
1977972,9046,0
1977972,10052,0
1980536,24526,1
1980536,10673,0
1980536,22719,0
1980536,20321,0
1980536,8262,0
1982761,1644,1
1982761,14827,0
1982761,5972,0
1982761,17347,0
1982761,309,0
1983912,28096,1
1983912,24371,0
1983912,10971,0
1983912,27839,0
1983912,333,0
1983928,27180,1
1983928,14662,0
1983928,15682,0
1983928,18270,0
1983928,24426,0
1984949,15501,1
1984949,21586,0
1984949,26471,0
1984949,25684,0
1984949,25221,0
1985157,19261,1
1985157,20650,0
1985157,23139,0
1985157,13457,0
1985157,21578,0
1985400,24408,1
1985400,25072,0
1985400,17948,0
1985400,6922,0
1985400,2473,0
1986698,18953,1
1986698,11995,0
1986698,7344,0
1986698,2465,0
1986698,8017,0
1987322,8060,1
1987322,15644,0
1987322,25697,0
1987322,26628,0
1987322,911,0
1987697,7327,1
1987697,2811,0
1987697,7978,0
1987697,3693,0
1987697,25963,0
1989983,26328,1
1989983,3494,0
1989983,26760,0
1989983,7359,0
1989983,7215,0
1990783,13007,1
1990783,21779,0
1990783,4703,0
1990783,3626,0
1990783,14295,0
1990805,10182,1
1990805,26886,0
1990805,8194,0
1990805,14420,0
1990805,19515,0
1991275,20630,1
1991275,21987,0
1991275,12409,0
1991275,452,0
1991275,27749,0
1991478,19663,1
1991478,8644,0
1991478,26178,0
1991478,15474,0
1991478,3574,0
1991758,12958,1
1991758,17760,0
1991758,17082,0
1991758,4483,0
1991758,6320,0
1993671,14889,1
1993671,3660,0
1993671,6164,0
1993671,27359,0
1993671,3737,0
1994506,148,1
1994506,23891,0
1994506,6879,0
1994506,10977,0
1994506,8117,0
1994914,18156,1
1994914,2688,0
1994914,2447,0
1994914,28003,0
1994914,12527,0
1995319,8060,1
1995319,15374,0
1995319,7788,0
1995319,26297,0
1995319,10345,0
1996855,8060,1
1996855,26260,0
1996855,25697,0
1996855,21618,0
1996855,100,0
1998527,8453,1
1998527,19122,0
1998527,18991,0
1998527,26719,0
1998527,3448,0
1999258,6291,1
1999258,15225,0
1999258,13130,0
1999258,12955,0
1999258,18779,0
2000547,16561,1
2000547,22060,0
2000547,5130,0
2000547,16891,0
2000547,27137,0
2000856,22206,1
2000856,10842,0
2000856,18654,0
2000856,25535,0
2000856,12295,0
2001254,16073,1
2001254,22570,0
2001254,12236,0
2001254,124,0
2001254,21883,0
2005810,18156,1
2005810,19912,0
2005810,2873,0
2005810,22858,0
2005810,10111,0
2005988,16243,1
2005988,16988,0
2005988,8246,0
2005988,26458,0
2005988,25739,0
2008048,648,1
2008048,20364,0
2008048,629,0
2008048,10986,0
2008048,26405,0
2008195,15501,1
2008195,18134,0
2008195,22021,0
2008195,5722,0
2008195,24458,0
2008343,18626,1
2008343,2408,0
2008343,12079,0
2008343,22087,0
2008343,11192,0
2008650,6850,1
2008650,5738,0
2008650,16184,0
2008650,24458,0
2008650,20204,0
2008750,8060,1
2008750,2598,0
2008750,16560,0
2008750,9805,0
2008750,22129,0
2008853,9184,1
2008853,6487,0
2008853,4492,0
2008853,1609,0
2008853,1416,0
2009204,13157,1
2009204,13966,0
2009204,8589,0
2009204,9361,0
2009204,15642,0
2009716,4028,1
2009716,4294,0
2009716,4666,0
2009716,765,0
2009716,8026,0
2009872,22060,1
2009872,27460,0
2009872,5162,0
2009872,17400,0
2009872,8925,0
2011796,8060,1
2011796,19127,0
2011796,16909,0
2011796,8136,0
2011796,691,0
2012026,8060,1
2012026,8776,0
2012026,217,0
2012026,2593,0
2012026,19848,0
2012618,11923,1
2012618,14180,0
2012618,2218,0
2012618,11191,0
2012618,8060,0
2013669,18156,1
2013669,26719,0
2013669,27823,0
2013669,18523,0
2013669,12983,0
2014103,18161,1
2014103,28046,0
2014103,8133,0
2014103,5947,0
2014103,20485,0
2014514,18156,1
2014514,26884,0
2014514,18320,0
2014514,25007,0
2014514,14432,0
2014570,27998,1
2014570,3916,0
2014570,2478,0
2014570,9217,0
2014570,13,0
2015377,8060,1
2015377,25163,0
2015377,16190,0
2015377,9143,0
2015377,4446,0
2016895,21575,1
2016895,27585,0
2016895,2498,0
2016895,15874,0
2016895,10713,0
2016909,18156,1
2016909,10111,0
2016909,14119,0
2016909,18981,0
2016909,20457,0
2018210,7914,1
2018210,10559,0
2018210,17486,0
2018210,26413,0
2018210,22421,0
2018522,2217,1
2018522,22250,0
2018522,24209,0
2018522,27509,0
2018522,12005,0
2019991,18981,1
2019991,4243,0
2019991,803,0
2019991,2911,0
2019991,27034,0
2020198,17585,1
2020198,4287,0
2020198,2676,0
2020198,12416,0
2020198,5282,0
2020665,26249,1
2020665,13348,0
2020665,9430,0
2020665,14952,0
2020665,4735,0
2021133,17089,1
2021133,26291,0
2021133,16909,0
2021133,14813,0
2021133,17681,0
2021735,4405,1
2021735,26997,0
2021735,12399,0
2021735,1206,0
2021735,13963,0
2021874,26853,1
2021874,11250,0
2021874,24992,0
2021874,18735,0
2021874,8248,0
2023837,6850,1
2023837,20204,0
2023837,11938,0
2023837,25901,0
2023837,18239,0
2024612,18626,1
2024612,18719,0
2024612,4405,0
2024612,12228,0
2024612,2730,0
2026319,18626,1
2026319,10871,0
2026319,19125,0
2026319,22442,0
2026319,9832,0
2026919,24664,1
2026919,1594,0
2026919,23458,0
2026919,11793,0
2026919,8315,0
2027229,16809,1
2027229,662,0
2027229,11314,0
2027229,10628,0
2027229,2246,0
2027415,18156,1
2027415,2873,0
2027415,1789,0
2027415,18523,0
2027415,27794,0
2027595,19812,1
2027595,24056,0
2027595,13920,0
2027595,21481,0
2027595,4627,0
2027643,1447,1
2027643,8214,0
2027643,16557,0
2027643,6024,0
2027643,26749,0
2027646,881,1
2027646,27289,0
2027646,5774,0
2027646,699,0
2027646,23858,0
2029010,26788,1
2029010,2219,0
2029010,4589,0
2029010,22867,0
2029010,20754,0
2029405,23128,1
2029405,17053,0
2029405,19493,0
2029405,22318,0
2029405,3666,0
2030297,18396,1
2030297,11486,0
2030297,27938,0
2030297,1547,0
2030297,27843,0
2031025,18947,1
2031025,26949,0
2031025,27148,0
2031025,7633,0
2031025,17998,0
2031103,11217,1
2031103,3876,0
2031103,17119,0
2031103,23515,0
2031103,20621,0
2032008,11804,1
2032008,19911,0
2032008,21111,0
2032008,24291,0
2032008,23305,0
2036463,8060,1
2036463,3271,0
2036463,7640,0
2036463,8016,0
2036463,14305,0
2040664,13462,1
2040664,19686,0
2040664,23611,0
2040664,11740,0
2040664,26178,0
2041220,12409,1
2041220,7796,0
2041220,11481,0
2041220,3192,0
2041220,23182,0
2041360,7963,1
2041360,16228,0
2041360,27870,0
2041360,18511,0
2041360,23470,0
2041785,23789,1
2041785,11815,0
2041785,9534,0
2041785,396,0
2041785,20380,0
2042168,7640,1
2042168,26322,0
2042168,27199,0
2042168,23393,0
2042168,25007,0
2042497,8333,1
2042497,17382,0
2042497,13350,0
2042497,20533,0
2042497,26348,0
2045139,24736,1
2045139,12389,0
2045139,13190,0
2045139,15918,0
2045139,10800,0
2046372,24466,1
2046372,20218,0
2046372,21944,0
2046372,4079,0
2046372,2713,0
2048142,24671,1
2048142,5825,0
2048142,971,0
2048142,26303,0
2048142,18533,0
2048669,4028,1
2048669,2814,0
2048669,20867,0
2048669,14198,0
2048669,12372,0
2049310,17089,1
2049310,12527,0
2049310,20928,0
2049310,7011,0
2049310,18156,0
2049931,3481,1
2049931,15094,0
2049931,25135,0
2049931,185,0
2049931,23408,0
2050374,24200,1
2050374,13657,0
2050374,17195,0
2050374,9607,0
2050374,16978,0
2050565,18156,1
2050565,9801,0
2050565,3450,0
2050565,26526,0
2050565,4689,0
2050757,8752,1
2050757,14444,0
2050757,7778,0
2050757,10151,0
2050757,26019,0
2051964,6850,1
2051964,25971,0
2051964,5612,0
2051964,14871,0
2051964,13400,0
2051997,20826,1
2051997,1582,0
2051997,15150,0
2051997,18754,0
2051997,3030,0
2053375,8,1
2053375,10041,0
2053375,17074,0
2053375,2780,0
2053375,3053,0
2053491,19992,1
2053491,16741,0
2053491,20007,0
2053491,14468,0
2053491,4150,0
2054244,2447,1
2054244,1081,0
2054244,22334,0
2054244,11923,0
2054244,10445,0
2054394,4382,1
2054394,13074,0
2054394,16568,0
2054394,16010,0
2054394,9336,0
2054513,25293,1
2054513,9052,0
2054513,8347,0
2054513,499,0
2054513,18846,0
2054696,25770,1
2054696,9803,0
2054696,8745,0
2054696,22839,0
2054696,19445,0
2058098,12958,1
2058098,23400,0
2058098,4572,0
2058098,13658,0
2058098,24282,0
2058205,12238,1
2058205,19758,0
2058205,4502,0
2058205,10622,0
2058205,868,0
2058987,26736,1
2058987,25606,0
2058987,21013,0
2058987,10603,0
2058987,19125,0
2059131,2447,1
2059131,9895,0
2059131,22517,0
2059131,27339,0
2059131,25374,0
2059326,18325,1
2059326,1612,0
2059326,7759,0
2059326,19900,0
2059326,4281,0
2060416,5367,1
2060416,19393,0
2060416,15446,0
2060416,2605,0
2060416,22797,0
2060868,18156,1
2060868,10111,0
2060868,15962,0
2060868,21890,0
2060868,7640,0
2061064,28133,1
2061064,2734,0
2061064,20260,0
2061064,21956,0
2061064,1500,0
2061077,2952,1
2061077,24841,0
2061077,15573,0
2061077,11542,0
2061077,26340,0
2062066,7291,1
2062066,2272,0
2062066,1877,0
2062066,15331,0
2062066,21160,0
2063430,15987,1
2063430,12586,0
2063430,12707,0
2063430,314,0
2063430,22111,0
2063542,10983,1
2063542,17542,0
2063542,23242,0
2063542,11683,0
2063542,27925,0
2064698,7551,1
2064698,20506,0
2064698,8383,0
2064698,15877,0
2064698,17552,0
2065222,15403,1
2065222,26826,0
2065222,23360,0
2065222,2780,0
2065222,18815,0
2066063,6721,1
2066063,2313,0
2066063,25726,0
2066063,1109,0
2066063,24871,0
2066245,12124,1
2066245,5494,0
2066245,24088,0
2066245,10343,0
2066245,14189,0
2066512,11114,1
2066512,18071,0
2066512,8109,0
2066512,253,0
2066512,16351,0
2067085,1018,1
2067085,9627,0
2067085,19848,0
2067085,1350,0
2067085,8060,0
2067504,4377,1
2067504,19695,0
2067504,24935,0
2067504,23341,0
2067504,2765,0
2069604,15403,1
2069604,6721,0
2069604,19036,0
2069604,24174,0
2069604,10216,0
2070836,21030,1
2070836,20381,0
2070836,23697,0
2070836,11018,0
2070836,23918,0
2072937,14725,1
2072937,22733,0
2072937,14907,0
2072937,871,0
2072937,26820,0
2073835,24889,1
2073835,19868,0
2073835,12179,0
2073835,2567,0
2073835,16468,0
2073991,23088,1
2073991,2538,0
2073991,26958,0
2073991,27024,0
2073991,22764,0
2074091,705,1
2074091,13749,0
2074091,999,0
2074091,17802,0
2074091,11980,0
2075228,11381,1
2075228,23358,0
2075228,25135,0
2075228,14925,0
2075228,24117,0
2075530,7016,1
2075530,27171,0
2075530,7346,0
2075530,14534,0
2075530,3250,0
2075966,20509,1
2075966,6734,0
2075966,15375,0
2075966,21102,0
2075966,2547,0
2076111,21783,1
2076111,18084,0
2076111,2416,0
2076111,17400,0
2076111,18940,0
2076359,18788,1
2076359,15742,0
2076359,18133,0
2076359,19664,0
2076359,18236,0
2077061,20260,1
2077061,23839,0
2077061,28062,0
2077061,20122,0
2077061,21717,0
2077709,8622,1
2077709,15249,0
2077709,2015,0
2077709,17217,0
2077709,7042,0
2079869,8060,1
2079869,19761,0
2079869,5958,0
2079869,13383,0
2079869,3334,0
2080866,1018,1
2080866,25075,0
2080866,4255,0
2080866,3389,0
2080866,3322,0
2081114,27555,1
2081114,18981,0
2081114,3031,0
2081114,10587,0
2081114,5310,0
2081867,15738,1
2081867,3051,0
2081867,19069,0
2081867,17769,0
2081867,17434,0
2082693,26283,1
2082693,5135,0
2082693,6208,0
2082693,19965,0
2082693,21154,0
2083328,18626,1
2083328,7875,0
2083328,11653,0
2083328,27527,0
2083328,21630,0
2085417,28133,1
2085417,12636,0
2085417,22947,0
2085417,8533,0
2085417,20126,0
2086395,5203,1
2086395,5083,0
2086395,23709,0
2086395,12958,0
2086395,26458,0
2087092,21263,1
2087092,20493,0
2087092,5914,0
2087092,13481,0
2087092,13448,0
2088091,768,1
2088091,22916,0
2088091,4679,0
2088091,5387,0
2088091,19887,0
2088731,651,1
2088731,18792,0
2088731,8214,0
2088731,22518,0
2088731,7173,0
2090374,25580,1
2090374,15885,0
2090374,4462,0
2090374,6721,0
2090374,25039,0
2092566,3815,1
2092566,15330,0
2092566,20211,0
2092566,26955,0
2092566,23697,0
2092604,4003,1
2092604,10902,0
2092604,16345,0
2092604,1937,0
2092604,12102,0
2092807,15501,1
2092807,25363,0
2092807,19238,0
2092807,22812,0
2092807,22805,0
2093038,18156,1
2093038,24586,0
2093038,1473,0
2093038,23245,0
2093038,24355,0
2095965,3392,1
2095965,24737,0
2095965,3467,0
2095965,10628,0
2095965,9765,0
2096887,4096,1
2096887,14416,0
2096887,16766,0
2096887,4976,0
2096887,1250,0
2097566,2855,1
2097566,3986,0
2097566,5310,0
2097566,2569,0
2097566,20847,0
2097690,15501,1
2097690,25951,0
2097690,3482,0
2097690,13786,0
2097690,7433,0
2097905,13708,1
2097905,14398,0
2097905,2927,0
2097905,2730,0
2097905,23742,0
2097916,9102,1
2097916,677,0
2097916,924,0
2097916,1643,0
2097916,16432,0
2099551,9663,1
2099551,16821,0
2099551,9468,0
2099551,15370,0
2099551,3440,0
2099834,8448,1
2099834,23885,0
2099834,2222,0
2099834,8301,0
2099834,15680,0
2100424,24228,1
2100424,27979,0
2100424,2827,0
2100424,23895,0
2100424,2672,0
2101199,7640,1
2101199,18156,0
2101199,9442,0
2101199,26322,0
2101199,22858,0
2101252,25681,1
2101252,18951,0
2101252,19261,0
2101252,16094,0
2101252,20425,0
2102288,20612,1
2102288,16337,0
2102288,348,0
2102288,4864,0
2102288,6053,0
2102497,18402,1
2102497,27128,0
2102497,7224,0
2102497,8356,0
2102497,25776,0
2102645,12090,1
2102645,25852,0
2102645,22402,0
2102645,11504,0
2102645,17299,0
2104032,28133,1
2104032,23168,0
2104032,26367,0
2104032,13586,0
2104032,17884,0
2104579,8060,1
2104579,10448,0
2104579,13488,0
2104579,4393,0
2104579,13922,0
2105162,21070,1
2105162,2321,0
2105162,21538,0
2105162,13988,0
2105162,11600,0
2105597,21593,1
2105597,6398,0
2105597,9172,0
2105597,1072,0
2105597,8116,0
2106260,7640,1
2106260,6081,0
2106260,15249,0
2106260,18981,0
2106260,826,0
2107199,26170,1
2107199,8632,0
2107199,9113,0
2107199,16585,0
2107199,4445,0
2108718,9184,1
2108718,12263,0
2108718,15445,0
2108718,5747,0
2108718,21944,0
2109083,18156,1
2109083,14931,0
2109083,14549,0
2109083,155,0
2109083,25007,0
2109122,26045,1
2109122,15740,0
2109122,26816,0
2109122,13462,0
2109122,891,0
2109862,8060,1
2109862,26582,0
2109862,26472,0
2109862,21369,0
2109862,16115,0
2109869,8060,1
2109869,26297,0
2109869,5972,0
2109869,25838,0
2109869,26582,0
2110451,13135,1
2110451,1661,0
2110451,11934,0
2110451,11341,0
2110451,23967,0
2113381,16157,1
2113381,14017,0
2113381,19296,0
2113381,1109,0
2113381,1532,0
2113678,11742,1
2113678,8680,0
2113678,21397,0
2113678,7433,0
2113678,26789,0
2113731,8622,1
2113731,18240,0
2113731,19912,0
2113731,25007,0
2113731,26884,0
2114159,3772,1
2114159,26108,0
2114159,10906,0
2114159,604,0
2114159,15090,0
2114774,15393,1
2114774,16264,0
2114774,4651,0
2114774,19385,0
2114774,23194,0
2115215,8631,1
2115215,16727,0
2115215,2702,0
2115215,1275,0
2115215,13928,0
2117388,20393,1
2117388,23280,0
2117388,8605,0
2117388,5976,0
2117388,14689,0
2117655,14170,1
2117655,11384,0
2117655,3162,0
2117655,21903,0
2117655,11111,0
2118480,12836,1
2118480,22322,0
2118480,18212,0
2118480,7863,0
2118480,2254,0
2119312,25125,1
2119312,8244,0
2119312,21687,0
2119312,6672,0
2119312,24708,0
2119401,13447,1
2119401,22260,0
2119401,3546,0
2119401,3604,0
2119401,2134,0
2120470,23687,1
2120470,25591,0
2120470,24058,0
2120470,27600,0
2120470,13129,0
2120583,1432,1
2120583,6165,0
2120583,16915,0
2120583,12710,0
2120583,410,0
2120890,7640,1
2120890,13660,0
2120890,13996,0
2120890,2015,0
2120890,6817,0
2122031,18156,1
2122031,1469,0
2122031,4779,0
2122031,7827,0
2122031,27410,0
2122108,8090,1
2122108,14520,0
2122108,857,0
2122108,8941,0
2122108,12637,0
2123316,4028,1
2123316,7968,0
2123316,14827,0
2123316,27225,0
2123316,21902,0
2123491,2814,1
2123491,880,0
2123491,2688,0
2123491,17681,0
2123491,2695,0
2123580,15501,1
2123580,22705,0
2123580,16582,0
2123580,12984,0
2123580,4431,0
2123891,4028,1
2123891,13940,0
2123891,2217,0
2123891,17089,0
2123891,26296,0
2124127,23644,1
2124127,12879,0
2124127,23345,0
2124127,24453,0
2124127,21544,0
2124352,1644,1
2124352,7316,0
2124352,27321,0
2124352,20019,0
2124352,7718,0
2124678,19912,1
2124678,18511,0
2124678,18492,0
2124678,23240,0
2124678,26400,0
2124914,22243,1
2124914,19598,0
2124914,8936,0
2124914,27442,0
2124914,23885,0
2125175,22342,1
2125175,10848,0
2125175,21372,0
2125175,10272,0
2125175,20513,0
2125265,17142,1
2125265,21230,0
2125265,8383,0
2125265,24569,0
2125265,14985,0
2125412,18156,1
2125412,19520,0
2125412,155,0
2125412,23393,0
2125412,17217,0
2126763,18156,1
2126763,26038,0
2126763,26291,0
2126763,5036,0
2126763,28003,0
2126892,18953,1
2126892,23492,0
2126892,24311,0
2126892,21112,0
2126892,6300,0
2127443,14920,1
2127443,16065,0
2127443,21141,0
2127443,21595,0
2127443,25196,0
2128217,17089,1
2128217,27613,0
2128217,12263,0
2128217,2745,0
2128217,26011,0
2128845,5068,1
2128845,12718,0
2128845,17899,0
2128845,6385,0
2128845,5729,0
2129251,2107,1
2129251,15874,0
2129251,17097,0
2129251,2780,0
2129251,26111,0
2129316,24702,1
2129316,23596,0
2129316,27163,0
2129316,25119,0
2129316,5274,0
2129448,7201,1
2129448,14808,0
2129448,16273,0
2129448,5524,0
2129448,26845,0
2129530,2184,1
2129530,11934,0
2129530,5284,0
2129530,15101,0
2129530,10592,0
2129552,2605,1
2129552,22797,0
2129552,1085,0
2129552,13933,0
2129552,10979,0
2129790,23088,1
2129790,25007,0
2129790,12615,0
2129790,4748,0
2129790,15480,0
2130374,20037,1
2130374,9521,0
2130374,15533,0
2130374,13438,0
2130374,27981,0
2131185,13622,1
2131185,24044,0
2131185,650,0
2131185,26183,0
2131185,10238,0
2131984,8060,1
2131984,13580,0
2131984,19768,0
2131984,26645,0
2131984,15090,0
2132442,14718,1
2132442,23377,0
2132442,18163,0
2132442,19219,0
2132442,23530,0
2134421,1206,1
2134421,23027,0
2134421,14786,0
2134421,20913,0
2134421,370,0
2134619,16809,1
2134619,16460,0
2134619,17363,0
2134619,18778,0
2134619,11314,0
2135589,16417,1
2135589,8463,0
2135589,6831,0
2135589,12211,0
2135589,6124,0
2137105,18156,1
2137105,5539,0
2137105,22302,0
2137105,4779,0
2137105,19499,0
2137905,27416,1
2137905,2926,0
2137905,27969,0
2137905,5615,0
2137905,16330,0
2138605,4028,1
2138605,21882,0
2138605,8060,0
2138605,22447,0
2138605,2277,0
2140489,9773,1
2140489,891,0
2140489,25541,0
2140489,12586,0
2140489,7250,0
2140565,27225,1
2140565,826,0
2140565,15506,0
2140565,22974,0
2140565,27695,0
2140755,23492,1
2140755,26800,0
2140755,16832,0
2140755,23705,0
2140755,27278,0
2140892,8060,1
2140892,25864,0
2140892,18699,0
2140892,19127,0
2140892,10900,0
2141247,18156,1
2141247,12176,0
2141247,27695,0
2141247,15904,0
2141247,22797,0
2142018,4028,1
2142018,1018,0
2142018,21751,0
2142018,27321,0
2142018,20400,0
2142669,18483,1
2142669,24044,0
2142669,12348,0
2142669,25623,0
2142669,21169,0
2142920,9986,1
2142920,9876,0
2142920,23445,0
2142920,17430,0
2142920,12101,0
2143105,19410,1
2143105,23724,0
2143105,38,0
2143105,7480,0
2143105,26519,0
2143149,3563,1
2143149,13074,0
2143149,3492,0
2143149,10459,0
2143149,3239,0
2143571,25469,1
2143571,7152,0
2143571,15078,0
2143571,11633,0
2143571,28024,0
2144425,15742,1
2144425,15833,0
2144425,21555,0
2144425,22213,0
2144425,23936,0
2145481,16821,1
2145481,17187,0
2145481,4270,0
2145481,10009,0
2145481,16799,0
2145990,18156,1
2145990,1986,0
2145990,24355,0
2145990,13766,0
2145990,20307,0
2146271,26651,1
2146271,7585,0
2146271,4283,0
2146271,26713,0
2146271,3390,0
2147420,4028,1
2147420,26853,0
2147420,4255,0
2147420,11040,0
2147420,1300,0
2147442,3772,1
2147442,22148,0
2147442,26280,0
2147442,26053,0
2147442,16513,0
2148209,1877,1
2148209,21540,0
2148209,12001,0
2148209,26726,0
2148209,14367,0
2148407,19745,1
2148407,16069,0
2148407,26798,0
2148407,13076,0
2148407,929,0
2148824,10935,1
2148824,5685,0
2148824,8102,0
2148824,1100,0
2148824,24391,0
2148853,12119,1
2148853,13559,0
2148853,6785,0
2148853,3522,0
2148853,22480,0
2150237,8402,1
2150237,4403,0
2150237,9521,0
2150237,19515,0
2150237,23928,0
2150602,12013,1
2150602,14592,0
2150602,24044,0
2150602,17760,0
2150602,1823,0
2150616,19945,1
2150616,27557,0
2150616,11653,0
2150616,20634,0
2150616,27348,0
2151369,7327,1
2151369,13717,0
2151369,772,0
2151369,18324,0
2151369,5646,0
2152327,16821,1
2152327,24142,0
2152327,27382,0
2152327,3238,0
2152327,488,0
2152685,3664,1
2152685,14498,0
2152685,6738,0
2152685,20916,0
2152685,6087,0
2153011,5760,1
2153011,20610,0
2153011,22594,0
2153011,18752,0
2153011,17483,0
2153253,7327,1
2153253,20670,0
2153253,6349,0
2153253,3313,0
2153253,24400,0
2153902,9184,1
2153902,11169,0
2153902,3114,0
2153902,10879,0
2153902,5747,0
2155654,7155,1
2155654,650,0
2155654,9582,0
2155654,22701,0
2155654,20393,0
2156156,112,1
2156156,25708,0
2156156,2753,0
2156156,9857,0
2156156,23129,0
2160202,5473,1
2160202,13548,0
2160202,12819,0
2160202,4861,0
2160202,7814,0
2163407,23789,1
2163407,14925,0
2163407,26919,0
2163407,5163,0
2163407,24550,0
2165618,21755,1
2165618,7261,0
2165618,7575,0
2165618,24769,0
2165618,10481,0
2165783,17376,1
2165783,17610,0
2165783,4738,0
2165783,25012,0
2165783,9794,0
2166322,9600,1
2166322,27866,0
2166322,26667,0
2166322,16075,0
2166322,5117,0
2166675,26977,1
2166675,10469,0
2166675,14908,0
2166675,15412,0
2166675,17158,0
2166925,5473,1
2166925,24654,0
2166925,17768,0
2166925,7998,0
2166925,12063,0
2167454,1272,1
2167454,6267,0
2167454,7907,0
2167454,4121,0
2167454,16058,0
2169153,13987,1
2169153,26054,0
2169153,21298,0
2169153,18764,0
2169153,1076,0
2169668,13922,1
2169668,5422,0
2169668,15394,0
2169668,26645,0
2169668,26365,0
2170389,3505,1
2170389,12565,0
2170389,20783,0
2170389,9655,0
2170389,18587,0
2173742,18156,1
2173742,22963,0
2173742,16205,0
2173742,18523,0
2173742,7042,0
2175393,7948,1
2175393,1628,0
2175393,10937,0
2175393,24313,0
2175393,3760,0
2176067,2072,1
2176067,24150,0
2176067,8224,0
2176067,9220,0
2176067,13986,0
2178191,123,1
2178191,3051,0
2178191,13122,0
2178191,26813,0
2178191,22155,0
2179314,14725,1
2179314,27293,0
2179314,24595,0
2179314,20719,0
2179314,19671,0
2179534,4679,1
2179534,22337,0
2179534,9750,0
2179534,14987,0
2179534,4811,0
2179591,15140,1
2179591,18609,0
2179591,1018,0
2179591,13345,0
2179591,2274,0
2180621,1018,1
2180621,23470,0
2180621,23147,0
2180621,10480,0
2180621,1811,0
2183068,13235,1
2183068,23027,0
2183068,5039,0
2183068,16783,0
2183068,20486,0
2183916,26428,1
2183916,8214,0
2183916,11046,0
2183916,12050,0
2183916,6396,0
2185489,7327,1
2185489,11958,0
2185489,9230,0
2185489,12994,0
2185489,675,0
2185506,17089,1
2185506,3114,0
2185506,11742,0
2185506,21249,0
2185506,14813,0
2188115,8265,1
2188115,5127,0
2188115,12340,0
2188115,25211,0
2188115,17069,0
2188627,8060,1
2188627,26005,0
2188627,13081,0
2188627,16909,0
2188627,19122,0
2189205,5870,1
2189205,26605,0
2189205,20413,0
2189205,1060,0
2189205,17210,0
2189563,5932,1
2189563,16437,0
2189563,27034,0
2189563,23013,0
2189563,23451,0
2190499,27109,1
2190499,8383,0
2190499,24963,0
2190499,12121,0
2190499,15740,0
2190879,14181,1
2190879,8961,0
2190879,20030,0
2190879,19906,0
2190879,23689,0
2194098,20192,1
2194098,1416,0
2194098,12767,0
2194098,18165,0
2194098,21041,0
2194305,18806,1
2194305,2245,0
2194305,27594,0
2194305,20098,0
2194305,19709,0
2194839,26249,1
2194839,15022,0
2194839,25953,0
2194839,4661,0
2194839,13631,0
2195372,18156,1
2195372,23245,0
2195372,20309,0
2195372,13766,0
2195372,23088,0
2195531,14873,1
2195531,5389,0
2195531,79,0
2195531,17671,0
2195531,10273,0
2196385,3481,1
2196385,1588,0
2196385,12237,0
2196385,19936,0
2196385,20918,0
2197189,27403,1
2197189,10669,0
2197189,20525,0
2197189,4884,0
2197189,3066,0
2197519,9184,1
2197519,1986,0
2197519,26291,0
2197519,23451,0
2197519,2695,0
2197625,3705,1
2197625,11134,0
2197625,527,0
2197625,17323,0
2197625,10052,0
2198558,5106,1
2198558,18517,0
2198558,10673,0
2198558,18593,0
2198558,25324,0
2199043,15403,1
2199043,15059,0
2199043,9924,0
2199043,18125,0
2199043,23834,0
2199350,11270,1
2199350,23724,0
2199350,19296,0
2199350,2637,0
2199350,26688,0
2199886,18145,1
2199886,13189,0
2199886,15004,0
2199886,17828,0
2199886,1682,0
2200695,9184,1
2200695,24355,0
2200695,11742,0
2200695,14891,0
2200695,17089,0
2201365,12537,1
2201365,3563,0
2201365,23180,0
2201365,4731,0
2201365,15968,0
2201977,5612,1
2201977,12166,0
2201977,25196,0
2201977,26105,0
2201977,18399,0
2201990,1799,1
2201990,6111,0
2201990,25504,0
2201990,6842,0
2201990,15582,0
2202010,16867,1
2202010,18209,0
2202010,22210,0
2202010,15491,0
2202010,39,0
2202902,1873,1
2202902,11591,0
2202902,22182,0
2202902,23373,0
2202902,1018,0
2203227,11788,1
2203227,21299,0
2203227,6635,0
2203227,25174,0
2203227,4046,0
2203833,2637,1
2203833,24665,0
2203833,7875,0
2203833,18180,0
2203833,13759,0
2205445,27754,1
2205445,8554,0
2205445,14342,0
2205445,9375,0
2205445,7935,0
2206104,2447,1
2206104,17632,0
2206104,2251,0
2206104,8511,0
2206104,21276,0
2206707,14237,1
2206707,4651,0
2206707,22838,0
2206707,7377,0
2206707,17189,0
2207118,26083,1
2207118,16098,0
2207118,28007,0
2207118,19880,0
2207118,22026,0
2208921,9184,1
2208921,7963,0
2208921,1765,0
2208921,16909,0
2208921,9301,0
2209446,20629,1
2209446,2283,0
2209446,3907,0
2209446,5913,0
2209446,7380,0
2211413,9656,1
2211413,20916,0
2211413,18684,0
2211413,27382,0
2211413,14545,0
2211484,10703,1
2211484,12418,0
2211484,13859,0
2211484,6503,0
2211484,19985,0
2212155,8060,1
2212155,15354,0
2212155,4659,0
2212155,27712,0
2212155,15666,0
2212548,27225,1
2212548,27695,0
2212548,23393,0
2212548,5310,0
2212548,3644,0
2214477,2169,1
2214477,21771,0
2214477,15331,0
2214477,8631,0
2214477,19980,0
2214756,23088,1
2214756,8700,0
2214756,26645,0
2214756,1644,0
2214756,25007,0
2215746,9184,1
2215746,4193,0
2215746,27412,0
2215746,10480,0
2215746,6817,0
2216880,11257,1
2216880,10011,0
2216880,27082,0
2216880,19418,0
2216880,26079,0
2219584,12317,1
2219584,21456,0
2219584,4270,0
2219584,19617,0
2219584,5498,0
2219748,26656,1
2219748,5579,0
2219748,12528,0
2219748,10848,0
2219748,26920,0
2221041,9046,1
2221041,12578,0
2221041,15928,0
2221041,8154,0
2221041,5743,0
2221538,4806,1
2221538,8973,0
2221538,2672,0
2221538,16536,0
2221538,3347,0
2221599,18145,1
2221599,2850,0
2221599,19742,0
2221599,6672,0
2221599,26279,0
2222946,18156,1
2222946,16205,0
2222946,1789,0
2222946,14549,0
2222946,22974,0
2223217,13674,1
2223217,16947,0
2223217,21254,0
2223217,17113,0
2223217,9049,0
2224328,22167,1
2224328,2354,0
2224328,1398,0
2224328,5275,0
2224328,24833,0
2224825,26428,1
2224825,16763,0
2224825,25817,0
2224825,26493,0
2224825,4395,0
2226211,7968,1
2226211,14052,0
2226211,22371,0
2226211,245,0
2226211,21157,0
2227601,6185,1
2227601,45,0
2227601,2720,0
2227601,6254,0
2227601,13080,0
2228028,15931,1
2228028,24069,0
2228028,12326,0
2228028,26329,0
2228028,17924,0
2228420,17202,1
2228420,27855,0
2228420,9732,0
2228420,11354,0
2228420,12335,0
2230035,26471,1
2230035,18594,0
2230035,23476,0
2230035,197,0
2230035,23824,0
2230507,22461,1
2230507,1117,0
2230507,11619,0
2230507,8484,0
2230507,22234,0
2231550,26328,1
2231550,16724,0
2231550,18040,0
2231550,6850,0
2231550,7288,0
2233049,8157,1
2233049,8104,0
2233049,26837,0
2233049,3021,0
2233049,2947,0
2233350,15249,1
2233350,20261,0
2233350,20449,0
2233350,5818,0
2233350,10820,0
2235509,21630,1
2235509,11179,0
2235509,694,0
2235509,2503,0
2235509,27751,0
2235779,13453,1
2235779,330,0
2235779,2667,0
2235779,27251,0
2235779,6370,0
2236638,2672,1
2236638,14185,0
2236638,27041,0
2236638,26195,0
2236638,11206,0
2236980,1374,1
2236980,307,0
2236980,6340,0
2236980,6741,0
2236980,16873,0
2237916,18156,1
2237916,18435,0
2237916,10432,0
2237916,8679,0
2237916,26400,0
2238395,18626,1
2238395,10680,0
2238395,5987,0
2238395,16240,0
2238395,27622,0
2240137,7096,1
2240137,22396,0
2240137,21128,0
2240137,20034,0
2240137,6672,0
2242550,16952,1
2242550,20505,0
2242550,13782,0
2242550,24538,0
2242550,3795,0
2244046,7963,1
2244046,22918,0
2244046,7640,0
2244046,1350,0
2244046,5310,0
2244344,10430,1
2244344,4941,0
2244344,14514,0
2244344,26852,0
2244344,27732,0
2244875,23180,1
2244875,4957,0
2244875,20340,0
2244875,8743,0
2244875,3027,0
2245625,16952,1
2245625,25125,0
2245625,16002,0
2245625,18839,0
2245625,22134,0
2245928,14028,1
2245928,1314,0
2245928,3180,0
2245928,12551,0
2245928,23242,0
2248359,26555,1
2248359,14095,0
2248359,16377,0
2248359,27698,0
2248359,9099,0
2248404,20346,1
2248404,8202,0
2248404,4455,0
2248404,13537,0
2248404,13530,0
2248724,9914,1
2248724,21082,0
2248724,1434,0
2248724,17128,0
2248724,20912,0
2249133,8060,1
2249133,8119,0
2249133,483,0
2249133,26440,0
2249133,15394,0
2249170,15742,1
2249170,27165,0
2249170,18798,0
2249170,19598,0
2249170,22213,0
2249760,18671,1
2249760,27604,0
2249760,12482,0
2249760,12480,0
2249760,24221,0
2251069,22951,1
2251069,27673,0
2251069,680,0
2251069,13462,0
2251069,27726,0
2251624,8060,1
2251624,23100,0
2251624,22334,0
2251624,24196,0
2251624,2251,0
2252798,2814,1
2252798,20939,0
2252798,11456,0
2252798,4981,0
2252798,8700,0
2252920,14959,1
2252920,15698,0
2252920,17671,0
2252920,527,0
2252920,5877,0
2254169,27578,1
2254169,21473,0
2254169,17098,0
2254169,3385,0
2254169,7079,0
2254387,25656,1
2254387,12732,0
2254387,23637,0
2254387,21185,0
2254387,20080,0
2255774,19279,1
2255774,10071,0
2255774,6767,0
2255774,20424,0
2255774,19821,0
2257198,20780,1
2257198,5301,0
2257198,12578,0
2257198,19227,0
2257198,4150,0
2257853,1082,1
2257853,14931,0
2257853,6452,0
2257853,8124,0
2257853,2499,0
2260411,648,1
2260411,6324,0
2260411,6950,0
2260411,8347,0
2260411,16658,0
2260871,5106,1
2260871,23180,0
2260871,3812,0
2260871,19487,0
2260871,16908,0
2264417,17089,1
2264417,4561,0
2264417,14827,0
2264417,12829,0
2264417,4692,0
2264528,4028,1
2264528,21283,0
2264528,3506,0
2264528,19118,0
2264528,17252,0
2266808,9184,1
2266808,1348,0
2266808,17681,0
2266808,2605,0
2266808,2822,0
2269340,22083,1
2269340,23757,0
2269340,405,0
2269340,5318,0
2269340,3482,0
2269367,27257,1
2269367,13481,0
2269367,27811,0
2269367,739,0
2269367,13633,0
2270907,17089,1
2270907,3566,0
2270907,848,0
2270907,16041,0
2270907,26654,0
2271156,13890,1
2271156,2827,0
2271156,18517,0
2271156,9174,0
2271156,24829,0
2272997,7325,1
2272997,9485,0
2272997,16574,0
2272997,9740,0
2272997,28069,0
2274051,26853,1
2274051,10111,0
2274051,13996,0
2274051,2605,0
2274051,19917,0
2274236,24889,1
2274236,223,0
2274236,11756,0
2274236,7860,0
2274236,5850,0
2277619,253,1
2277619,8279,0
2277619,24761,0
2277619,12499,0
2277619,7303,0
2278867,673,1
2278867,10084,0
2278867,13462,0
2278867,21286,0
2278867,4458,0
2279165,10026,1
2279165,21937,0
2279165,14945,0
2279165,13265,0
2279165,22108,0
2279626,3830,1
2279626,21141,0
2279626,6180,0
2279626,26767,0
2279626,774,0
2280200,10877,1
2280200,10923,0
2280200,15619,0
2280200,11178,0
2280200,22580,0
2281823,8622,1
2281823,20457,0
2281823,22858,0
2281823,10640,0
2281823,13660,0
2282335,1199,1
2282335,12483,0
2282335,22196,0
2282335,23522,0
2282335,2014,0
2283427,5309,1
2283427,9386,0
2283427,23681,0
2283427,18426,0
2283427,22322,0
2283588,5117,1
2283588,7528,0
2283588,14494,0
2283588,14144,0
2283588,1519,0
2283656,3697,1
2283656,2083,0
2283656,16631,0
2283656,4755,0
2283656,27222,0
2286271,19912,1
2286271,11742,0
2286271,11190,0
2286271,4403,0
2286271,22327,0
2289259,11044,1
2289259,9434,0
2289259,18656,0
2289259,6340,0
2289259,13186,0
2290235,19895,1
2290235,8622,0
2290235,27695,0
2290235,5840,0
2290235,7640,0
2292163,26592,1
2292163,15635,0
2292163,12451,0
2292163,14036,0
2292163,24004,0
2292826,16900,1
2292826,1767,0
2292826,5407,0
2292826,9454,0
2292826,11200,0
2293692,8060,1
2293692,7640,0
2293692,15010,0
2293692,9184,0
2293692,16995,0
2293891,18626,1
2293891,12079,0
2293891,452,0
2293891,4176,0
2293891,2432,0
2293956,19529,1
2293956,6214,0
2293956,22540,0
2293956,4031,0
2293956,15072,0
2294311,18156,1
2294311,7827,0
2294311,4149,0
2294311,21328,0
2294311,13278,0
2295057,16971,1
2295057,14545,0
2295057,24792,0
2295057,22416,0
2295057,15557,0
2295161,19301,1
2295161,2044,0
2295161,12104,0
2295161,13009,0
2295161,18018,0
2296221,21833,1
2296221,13574,0
2296221,4894,0
2296221,6112,0
2296221,8046,0
2297388,22603,1
2297388,19449,0
2297388,6654,0
2297388,8383,0
2297388,89,0
2298228,6386,1
2298228,24211,0
2298228,26711,0
2298228,9946,0
2298228,3722,0
2298481,18626,1
2298481,4782,0
2298481,12343,0
2298481,10340,0
2298481,14403,0
2299040,18650,1
2299040,11723,0
2299040,9838,0
2299040,6692,0
2299040,11568,0
2301607,19882,1
2301607,1671,0
2301607,10217,0
2301607,19998,0
2301607,4902,0
2301803,648,1
2301803,18806,0
2301803,3238,0
2301803,10519,0
2301803,20344,0
2304370,18156,1
2304370,7222,0
2304370,26884,0
2304370,8248,0
2304370,14639,0
2304800,5870,1
2304800,23874,0
2304800,6889,0
2304800,20916,0
2304800,23543,0
2305181,5184,1
2305181,27158,0
2305181,3299,0
2305181,8868,0
2305181,26903,0
2306151,18156,1
2306151,15249,0
2306151,2506,0
2306151,2605,0
2306151,18261,0
2306411,20770,1
2306411,16016,0
2306411,14626,0
2306411,8987,0
2306411,15482,0
2307204,28133,1
2307204,17884,0
2307204,14239,0
2307204,27005,0
2307204,3494,0
2307442,19945,1
2307442,21375,0
2307442,11453,0
2307442,17694,0
2307442,16015,0
2311284,20393,1
2311284,124,0
2311284,9838,0
2311284,1877,0
2311284,25797,0
2312221,23789,1
2312221,13725,0
2312221,10877,0
2312221,9692,0
2312221,25211,0
2313411,27613,1
2313411,12527,0
2313411,24355,0
2313411,7963,0
2313411,24420,0
2315113,14959,1
2315113,13651,0
2315113,788,0
2315113,19819,0
2315113,27844,0
2315117,4159,1
2315117,11915,0
2315117,14615,0
2315117,18329,0
2315117,1314,0
2315305,19985,1
2315305,11949,0
2315305,4405,0
2315305,12236,0
2315305,26413,0
2315777,18156,1
2315777,9442,0
2315777,26853,0
2315777,11352,0
2315777,5367,0
2315987,1789,1
2315987,14581,0
2315987,27199,0
2315987,11355,0
2315987,18523,0
2316161,4405,1
2316161,15329,0
2316161,12389,0
2316161,8167,0
2316161,27671,0
2316426,11681,1
2316426,26276,0
2316426,2636,0
2316426,9977,0
2316426,3849,0
2316563,1644,1
2316563,26631,0
2316563,7475,0
2316563,5310,0
2316563,25991,0
2316931,13986,1
2316931,22127,0
2316931,4359,0
2316931,27460,0
2316931,18550,0
2316997,6850,1
2316997,23121,0
2316997,6801,0
2316997,16846,0
2316997,5388,0
2318476,971,1
2318476,5579,0
2318476,16026,0
2318476,22284,0
2318476,8924,0
2319014,21508,1
2319014,27109,0
2319014,347,0
2319014,8968,0
2319014,21375,0
2321033,26249,1
2321033,23320,0
2321033,22863,0
2321033,15610,0
2321033,14677,0
2321131,7640,1
2321131,12983,0
2321131,3644,0
2321131,9742,0
2321131,13660,0
2322937,18156,1
2322937,16476,0
2322937,21890,0
2322937,12176,0
2322937,18208,0
2324456,18156,1
2324456,27410,0
2324456,3768,0
2324456,10840,0
2324456,8540,0
2324744,23088,1
2324744,26011,0
2324744,3856,0
2324744,3659,0
2324744,483,0
2326481,13081,1
2326481,21706,0
2326481,12340,0
2326481,19912,0
2326481,26958,0
2326765,26605,1
2326765,7605,0
2326765,18382,0
2326765,11675,0
2326765,9805,0
2327967,2447,1
2327967,7601,0
2327967,8934,0
2327967,24149,0
2327967,1486,0
2328118,18626,1
2328118,1580,0
2328118,6492,0
2328118,26448,0
2328118,20630,0
2331683,17089,1
2331683,1765,0
2331683,1473,0
2331683,16765,0
2331683,24420,0
2331686,5097,1
2331686,6867,0
2331686,16598,0
2331686,19533,0
2331686,27628,0
2332648,8622,1
2332648,23419,0
2332648,18523,0
2332648,15962,0
2332648,18981,0
2332795,19529,1
2332795,5414,0
2332795,21169,0
2332795,9683,0
2332795,8693,0
2333428,18156,1
2333428,20457,0
2333428,2015,0
2333428,13933,0
2333428,25007,0
2334378,17764,1
2334378,15547,0
2334378,15932,0
2334378,19448,0
2334378,1244,0
2334655,5388,1
2334655,22943,0
2334655,4195,0
2334655,5947,0
2334655,25641,0
2335086,8751,1
2335086,11184,0
2335086,13333,0
2335086,21783,0
2335086,867,0
2336520,2447,1
2336520,27491,0
2336520,22679,0
2336520,1832,0
2336520,2969,0
2338344,18626,1
2338344,18719,0
2338344,7377,0
2338344,8999,0
2338344,10871,0
2338657,18953,1
2338657,20668,0
2338657,7014,0
2338657,10293,0
2338657,4132,0
2338958,17750,1
2338958,7869,0
2338958,21973,0
2338958,14467,0
2338958,26457,0
2339972,26328,1
2339972,8228,0
2339972,26760,0
2339972,5775,0
2339972,5184,0
2341306,15235,1
2341306,27961,0
2341306,27410,0
2341306,23363,0
2341306,3469,0
2342897,4028,1
2342897,1204,0
2342897,461,0
2342897,4255,0
2342897,8839,0
2344427,4651,1
2344427,11536,0
2344427,24920,0
2344427,1994,0
2344427,6066,0
2344935,2652,1
2344935,21651,0
2344935,2806,0
2344935,19060,0
2344935,22610,0
2345399,23745,1
2345399,6241,0
2345399,13779,0
2345399,23111,0
2345399,420,0
2345609,16299,1
2345609,16727,0
2345609,4523,0
2345609,2539,0
2345609,22848,0
2345715,15724,1
2345715,14310,0
2345715,12340,0
2345715,13311,0
2345715,10126,0
2346757,19690,1
2346757,23814,0
2346757,11251,0
2346757,2957,0
2346757,26054,0
2346944,15501,1
2346944,25145,0
2346944,23137,0
2346944,10042,0
2346944,11743,0
2348957,9663,1
2348957,18650,0
2348957,4806,0
2348957,1012,0
2348957,27101,0
2350051,4402,1
2350051,20264,0
2350051,21426,0
2350051,141,0
2350051,22134,0
2350763,18156,1
2350763,15904,0
2350763,22963,0
2350763,2605,0
2350763,2015,0
2352106,14801,1
2352106,11014,0
2352106,9989,0
2352106,17760,0
2352106,21344,0
2353209,1388,1
2353209,12586,0
2353209,6438,0
2353209,15754,0
2353209,19788,0
2353421,1272,1
2353421,21467,0
2353421,8012,0
2353421,11438,0
2353421,23282,0
2354240,28133,1
2354240,13674,0
2354240,20126,0
2354240,635,0
2354240,12191,0
2354826,7626,1
2354826,12560,0
2354826,18325,0
2354826,20878,0
2354826,10023,0
2355176,1125,1
2355176,19823,0
2355176,16826,0
2355176,26371,0
2355176,5868,0
2355511,18156,1
2355511,15962,0
2355511,26322,0
2355511,14639,0
2355511,19917,0
2355744,3117,1
2355744,11542,0
2355744,22026,0
2355744,21014,0
2355744,4220,0
2355772,27416,1
2355772,24895,0
2355772,25906,0
2355772,26585,0
2355772,15834,0
2356073,4028,1
2356073,15854,0
2356073,20836,0
2356073,23875,0
2356073,26958,0
2357225,6850,1
2357225,20521,0
2357225,23902,0
2357225,12052,0
2357225,16476,0
2357401,4028,1
2357401,21902,0
2357401,1018,0
2357401,10977,0
2357401,22302,0
2358170,15403,1
2358170,12773,0
2358170,1654,0
2358170,1345,0
2358170,5288,0
2358264,7640,1
2358264,20457,0
2358264,22974,0
2358264,19520,0
2358264,18208,0
2358486,8060,1
2358486,9244,0
2358486,15714,0
2358486,8839,0
2358486,16560,0
2359687,8622,1
2359687,15962,0
2359687,19739,0
2359687,2506,0
2359687,1080,0
2359986,11497,1
2359986,14491,0
2359986,11474,0
2359986,15078,0
2359986,8868,0
2360149,8844,1
2360149,6376,0
2360149,10205,0
2360149,22014,0
2360149,9775,0
2360301,10393,1
2360301,16964,0
2360301,10037,0
2360301,22859,0
2360301,26836,0
2360968,18156,1
2360968,10111,0
2360968,6374,0
2360968,18981,0
2360968,15249,0
2361274,2447,1
2361274,12427,0
2361274,18156,0
2361274,1645,0
2361274,21691,0
2361832,24305,1
2361832,19121,0
2361832,23544,0
2361832,21524,0
2361832,23924,0
2362116,17089,1
2362116,17235,0
2362116,23451,0
2362116,23245,0
2362116,12913,0
2364129,26249,1
2364129,6036,0
2364129,1811,0
2364129,15249,0
2364129,25412,0
2364977,27613,1
2364977,10641,0
2364977,14141,0
2364977,13942,0
2364977,2745,0
2365160,9394,1
2365160,8929,0
2365160,16256,0
2365160,8628,0
2365160,17477,0
2366597,23217,1
2366597,13305,0
2366597,15707,0
2366597,4938,0
2366597,14121,0
2367031,24370,1
2367031,2513,0
2367031,16010,0
2367031,16979,0
2367031,18037,0
2368746,11240,1
2368746,17297,0
2368746,16799,0
2368746,7910,0
2368746,19134,0
2368946,10393,1
2368946,22859,0
2368946,3169,0
2368946,5481,0
2368946,8798,0
2369538,5850,1
2369538,15322,0
2369538,4815,0
2369538,21792,0
2369538,1978,0
2369563,5778,1
2369563,3946,0
2369563,5819,0
2369563,26617,0
2369563,20229,0
2370565,26876,1
2370565,17408,0
2370565,24999,0
2370565,24557,0
2370565,19313,0
2371691,8575,1
2371691,13142,0
2371691,13837,0
2371691,21664,0
2371691,673,0
2373575,868,1
2373575,11398,0
2373575,20468,0
2373575,17055,0
2373575,10379,0
2373734,26074,1
2373734,19261,0
2373734,15630,0
2373734,7539,0
2373734,1636,0
2373757,26085,1
2373757,22868,0
2373757,3333,0
2373757,15393,0
2373757,16341,0
2373817,24920,1
2373817,23787,0
2373817,15740,0
2373817,10407,0
2373817,4195,0
2374567,12555,1
2374567,8408,0
2374567,25493,0
2374567,10293,0
2374567,16843,0
2375352,3737,1
2375352,4152,0
2375352,2509,0
2375352,6359,0
2375352,7505,0
2378073,8060,1
2378073,26308,0
2378073,22682,0
2378073,23713,0
2378073,22983,0
2378372,18156,1
2378372,11352,0
2378372,27225,0
2378372,9742,0
2378372,5243,0
2378982,2672,1
2378982,27041,0
2378982,14185,0
2378982,6935,0
2378982,2827,0
2379479,13081,1
2379479,21283,0
2379479,14931,0
2379479,21706,0
2379479,18261,0
2380845,11045,1
2380845,1191,0
2380845,2279,0
2380845,9062,0
2380845,25994,0
2384721,20974,1
2384721,1705,0
2384721,3771,0
2384721,3300,0
2384721,27495,0
2384743,7851,1
2384743,1857,0
2384743,18278,0
2384743,20393,0
2384743,3593,0
2388471,2942,1
2388471,24355,0
2388471,7184,0
2388471,26212,0
2388471,14900,0
2389624,26265,1
2389624,5304,0
2389624,12971,0
2389624,16351,0
2389624,8076,0
2390057,13984,1
2390057,22163,0
2390057,19373,0
2390057,18248,0
2390057,17585,0
2390130,11475,1
2390130,12190,0
2390130,8110,0
2390130,9127,0
2390130,11321,0
2391671,26674,1
2391671,24211,0
2391671,3563,0
2391671,25135,0
2391671,20918,0
2392439,15247,1
2392439,1966,0
2392439,17113,0
2392439,6267,0
2392439,20432,0
2393918,3591,1
2393918,25580,0
2393918,21632,0
2393918,22153,0
2393918,9985,0
2395531,22013,1
2395531,10605,0
2395531,8262,0
2395531,20638,0
2395531,8863,0
2395572,3905,1
2395572,17671,0
2395572,17687,0
2395572,21,0
2395572,20639,0
2396497,23070,1
2396497,5901,0
2396497,4927,0
2396497,17025,0
2396497,22182,0
2398302,4173,1
2398302,22838,0
2398302,15624,0
2398302,2944,0
2398302,23314,0
2398615,26265,1
2398615,21271,0
2398615,26674,0
2398615,18580,0
2398615,2354,0
2399541,4613,1
2399541,15938,0
2399541,19753,0
2399541,13847,0
2399541,24100,0
2401231,9184,1
2401231,13942,0
2401231,14141,0
2401231,114,0
2401231,18156,0
2402502,13149,1
2402502,16483,0
2402502,6539,0
2402502,21419,0
2402502,7934,0
2402979,4248,1
2402979,3591,0
2402979,25538,0
2402979,21060,0
2402979,10383,0
2403224,10432,1
2403224,18561,0
2403224,10136,0
2403224,14037,0
2403224,17564,0
2404178,17708,1
2404178,9147,0
2404178,5713,0
2404178,23617,0
2404178,167,0
2404261,18626,1
2404261,16309,0
2404261,12857,0
2404261,27559,0
2404261,18896,0
2404714,8622,1
2404714,12983,0
2404714,826,0
2404714,12906,0
2404714,14931,0
2405649,24671,1
2405649,11379,0
2405649,8628,0
2405649,20935,0
2405649,19391,0
2405868,25600,1
2405868,25511,0
2405868,9000,0
2405868,23544,0
2405868,22941,0
2406695,24255,1
2406695,2902,0
2406695,5979,0
2406695,10935,0
2406695,6341,0
2407242,8060,1
2407242,11060,0
2407242,27555,0
2407242,7389,0
2407242,1343,0
2407932,8622,1
2407932,8918,0
2407932,16991,0
2407932,26853,0
2407932,3644,0
2410560,21397,1
2410560,10676,0
2410560,19249,0
2410560,5601,0
2410560,15094,0
2410621,19912,1
2410621,19768,0
2410621,21328,0
2410621,5613,0
2410621,10840,0
2410721,19663,1
2410721,3024,0
2410721,14465,0
2410721,27435,0
2410721,3174,0
2410918,11905,1
2410918,7663,0
2410918,5458,0
2410918,1415,0
2410918,25222,0
2411353,26853,1
2411353,18997,0
2411353,21706,0
2411353,21835,0
2411353,15140,0
2411355,26168,1
2411355,19992,0
2411355,11175,0
2411355,20496,0
2411355,9937,0
2411902,25233,1
2411902,11624,0
2411902,15482,0
2411902,14810,0
2411902,4591,0
2411971,4028,1
2411971,21751,0
2411971,27321,0
2411971,2514,0
2411971,26958,0
2412720,9943,1
2412720,6180,0
2412720,2002,0
2412720,15877,0
2412720,12274,0
2412788,13922,1
2412788,14155,0
2412788,7252,0
2412788,14827,0
2412788,13804,0
2413718,27613,1
2413718,2688,0
2413718,992,0
2413718,2814,0
2413718,14141,0
2413788,13107,1
2413788,18228,0
2413788,10144,0
2413788,19925,0
2413788,3512,0
2414183,11669,1
2414183,1353,0
2414183,27344,0
2414183,13200,0
2414183,27651,0
2414438,8622,1
2414438,5439,0
2414438,8362,0
2414438,6081,0
2414438,26719,0
2414699,19529,1
2414699,15174,0
2414699,1600,0
2414699,24583,0
2414699,18596,0
2414820,20483,1
2414820,10658,0
2414820,16705,0
2414820,16318,0
2414820,4150,0
2415327,9184,1
2415327,24355,0
2415327,13321,0
2415327,17089,0
2415327,19372,0
2416617,19565,1
2416617,26816,0
2416617,12081,0
2416617,2528,0
2416617,9583,0
2418049,18156,1
2418049,6817,0
2418049,2873,0
2418049,2506,0
2418049,25855,0
2418509,5473,1
2418509,10393,0
2418509,10261,0
2418509,18178,0
2418509,7432,0
2419291,5566,1
2419291,2110,0
2419291,24200,0
2419291,3533,0
2419291,22081,0
2419298,23400,1
2419298,26226,0
2419298,6640,0
2419298,20028,0
2419298,23281,0
2419972,14144,1
2419972,959,0
2419972,15009,0
2419972,15453,0
2419972,11004,0
2421134,7640,1
2421134,27794,0
2421134,27199,0
2421134,6817,0
2421134,10640,0
2422088,12423,1
2422088,7346,0
2422088,4530,0
2422088,2560,0
2422088,6850,0
2422370,8936,1
2422370,11424,0
2422370,15724,0
2422370,11568,0
2422370,17419,0
2422936,5367,1
2422936,9090,0
2422936,23686,0
2422936,20836,0
2422936,11742,0
2423086,6697,1
2423086,1978,0
2423086,14642,0
2423086,14907,0
2423086,11216,0
2423511,19308,1
2423511,8482,0
2423511,13401,0
2423511,23166,0
2423511,5586,0
2423747,27613,1
2423747,880,0
2423747,19372,0
2423747,6674,0
2423747,8487,0
2423953,13888,1
2423953,2509,0
2423953,7557,0
2423953,27691,0
2423953,8966,0
2424785,7640,1
2424785,9234,0
2424785,22918,0
2424785,18542,0
2424785,8622,0
2425015,18156,1
2425015,18261,0
2425015,6500,0
2425015,3644,0
2425015,826,0
2426936,3481,1
2426936,14069,0
2426936,21454,0
2426936,22001,0
2426936,9814,0
2427631,16762,1
2427631,13226,0
2427631,23275,0
2427631,6315,0
2427631,23926,0
2429287,8060,1
2429287,27199,0
2429287,18981,0
2429287,10808,0
2429287,9184,0
2430544,19261,1
2430544,21366,0
2430544,23219,0
2430544,4534,0
2430544,20860,0
2430849,6069,1
2430849,9796,0
2430849,23245,0
2430849,15078,0
2430849,11045,0
2431188,13922,1
2431188,21882,0
2431188,2277,0
2431188,19984,0
2431188,1257,0
2431875,7107,1
2431875,17750,0
2431875,7306,0
2431875,19551,0
2431875,14600,0
2432699,18626,1
2432699,6956,0
2432699,10592,0
2432699,16240,0
2432699,7728,0
2433774,4081,1
2433774,5988,0
2433774,45,0
2433774,22752,0
2433774,23668,0
2434751,20275,1
2434751,26555,0
2434751,20934,0
2434751,5837,0
2434751,20639,0
2436081,7963,1
2436081,12815,0
2436081,20026,0
2436081,2855,0
2436081,21750,0
2436144,8622,1
2436144,21809,0
2436144,19775,0
2436144,22963,0
2436144,13660,0
2436869,28133,1
2436869,2901,0
2436869,12149,0
2436869,11739,0
2436869,17550,0
2437042,13409,1
2437042,21185,0
2437042,6140,0
2437042,9577,0
2437042,26415,0
2437476,4028,1
2437476,15140,0
2437476,13558,0
2437476,7963,0
2437476,27996,0
2437610,4492,1
2437610,28121,0
2437610,7184,0
2437610,8182,0
2437610,8009,0
2439048,23088,1
2439048,21802,0
2439048,26011,0
2439048,4748,0
2439048,15394,0
2439100,7892,1
2439100,19346,0
2439100,26809,0
2439100,8384,0
2439100,27586,0
2439641,20147,1
2439641,19974,0
2439641,19535,0
2439641,8998,0
2439641,25719,0
2439879,9249,1
2439879,18035,0
2439879,21782,0
2439879,10995,0
2439879,8544,0
2440391,18156,1
2440391,14529,0
2440391,4779,0
2440391,9686,0
2440391,5912,0
2440446,13963,1
2440446,7605,0
2440446,8072,0
2440446,8632,0
2440446,10298,0
2440528,621,1
2440528,23776,0
2440528,26349,0
2440528,2644,0
2440528,26821,0
2440594,23792,1
2440594,12616,0
2440594,9172,0
2440594,19261,0
2440594,27464,0
2441089,10682,1
2441089,7028,0
2441089,17881,0
2441089,14410,0
2441089,13524,0
2441839,9184,1
2441839,6817,0
2441839,16909,0
2441839,24586,0
2441839,1811,0
2442343,18040,1
2442343,19914,0
2442343,8892,0
2442343,26348,0
2442343,2408,0
2442406,26674,1
2442406,20425,0
2442406,20525,0
2442406,23285,0
2442406,15094,0
2442407,24921,1
2442407,23889,0
2442407,19868,0
2442407,10105,0
2442407,27643,0
2444436,3037,1
2444436,26785,0
2444436,3947,0
2444436,17738,0
2444436,12031,0
2446508,16989,1
2446508,26525,0
2446508,2386,0
2446508,6889,0
2446508,9092,0
2446651,14314,1
2446651,23724,0
2446651,2835,0
2446651,16821,0
2446651,23904,0
2447983,23745,1
2447983,10392,0
2447983,8246,0
2447983,10537,0
2447983,990,0
2448894,18156,1
2448894,8622,0
2448894,6817,0
2448894,18832,0
2448894,8918,0
2449732,27825,1
2449732,6915,0
2449732,10801,0
2449732,15602,0
2449732,15700,0
2450493,24664,1
2450493,10539,0
2450493,7255,0
2450493,23423,0
2450493,24791,0
2450560,8060,1
2450560,19848,0
2450560,14727,0
2450560,25838,0
2450560,1809,0
2450943,18341,1
2450943,7360,0
2450943,23722,0
2450943,10011,0
2450943,21454,0
2453083,17416,1
2453083,19985,0
2453083,12083,0
2453083,4096,0
2453083,15504,0
2453202,9184,1
2453202,9301,0
2453202,5886,0
2453202,10641,0
2453202,20307,0
2453781,22206,1
2453781,2074,0
2453781,18270,0
2453781,22975,0
2453781,15614,0
2454509,20732,1
2454509,1081,0
2454509,24196,0
2454509,26853,0
2454509,13345,0
2454776,594,1
2454776,185,0
2454776,19100,0
2454776,17393,0
2454776,23676,0
2455634,15492,1
2455634,19035,0
2455634,15718,0
2455634,14118,0
2455634,9921,0
2455702,18156,1
2455702,9184,0
2455702,24586,0
2455702,21249,0
2455702,15445,0
2456828,95,1
2456828,21175,0
2456828,1750,0
2456828,10245,0
2456828,26493,0
2457037,26788,1
2457037,16809,0
2457037,21022,0
2457037,17332,0
2457037,6632,0
2457269,18626,1
2457269,19241,0
2457269,19427,0
2457269,959,0
2457269,1774,0
2457626,8618,1
2457626,8761,0
2457626,25173,0
2457626,12603,0
2457626,24669,0
2458046,4627,1
2458046,7485,0
2458046,9900,0
2458046,5288,0
2458046,10685,0
2459353,5729,1
2459353,11191,0
2459353,2805,0
2459353,13204,0
2459353,13459,0
2461182,11446,1
2461182,20146,0
2461182,16949,0
2461182,2676,0
2461182,9412,0
2461382,13922,1
2461382,102,0
2461382,21802,0
2461382,7763,0
2461382,2855,0
2463940,17889,1
2463940,4939,0
2463940,4024,0
2463940,11148,0
2463940,20349,0
2465235,23088,1
2465235,2699,0
2465235,102,0
2465235,26642,0
2465235,27695,0
2465270,25405,1
2465270,21682,0
2465270,22733,0
2465270,7537,0
2465270,13738,0
2465850,10009,1
2465850,2591,0
2465850,28123,0
2465850,22826,0
2465850,5280,0
2466967,8622,1
2466967,18320,0
2466967,8362,0
2466967,2015,0
2466967,10979,0
2467118,15235,1
2467118,24349,0
2467118,5619,0
2467118,24008,0
2467118,3469,0
2467237,8060,1
2467237,789,0
2467237,26126,0
2467237,16115,0
2467237,7389,0
2468153,598,1
2468153,21514,0
2468153,7120,0
2468153,5746,0
2468153,17799,0
2468344,25580,1
2468344,7316,0
2468344,8684,0
2468344,9049,0
2468344,21794,0
2468729,15540,1
2468729,23981,0
2468729,11002,0
2468729,25861,0
2468729,25627,0
2470436,6187,1
2470436,18979,0
2470436,26207,0
2470436,25221,0
2470436,17247,0
2472829,19372,1
2472829,25971,0
2472829,17598,0
2472829,1088,0
2472829,17620,0
2472869,4028,1
2472869,27712,0
2472869,17512,0
2472869,4310,0
2472869,19787,0
2473229,8622,1
2473229,20457,0
2473229,8060,0
2473229,25007,0
2473229,16205,0
2475125,18156,1
2475125,27225,0
2475125,27086,0
2475125,12615,0
2475125,21890,0
2475612,3205,1
2475612,4378,0
2475612,27661,0
2475612,13074,0
2475612,20317,0
2475618,18156,1
2475618,14639,0
2475618,27794,0
2475618,19912,0
2475618,8362,0
2476090,13285,1
2476090,7311,0
2476090,23823,0
2476090,20056,0
2476090,26538,0
2476153,14334,1
2476153,22948,0
2476153,8511,0
2476153,25613,0
2476153,19350,0
2476283,6510,1
2476283,27357,0
2476283,16409,0
2476283,26255,0
2476283,11896,0
2476354,19800,1
2476354,7073,0
2476354,14067,0
2476354,1626,0
2476354,19990,0
2476412,24051,1
2476412,7097,0
2476412,11854,0
2476412,8009,0
2476412,10703,0
2476566,18156,1
2476566,14481,0
2476566,513,0
2476566,15345,0
2476566,14141,0
2477607,19514,1
2477607,13878,0
2477607,3841,0
2477607,14592,0
2477607,1925,0
2478954,12317,1
2478954,25954,0
2478954,27403,0
2478954,21169,0
2478954,15498,0
2480088,5117,1
2480088,21006,0
2480088,24730,0
2480088,6277,0
2480088,14931,0
2480869,19882,1
2480869,22402,0
2480869,10983,0
2480869,10217,0
2480869,14957,0
2481188,11247,1
2481188,3926,0
2481188,8959,0
2481188,8853,0
2481188,5923,0
2481468,23451,1
2481468,28124,0
2481468,8757,0
2481468,23922,0
2481468,20047,0
2481854,9174,1
2481854,27785,0
2481854,20352,0
2481854,19847,0
2481854,10282,0
2482269,13717,1
2482269,24622,0
2482269,23909,0
2482269,5215,0
2482269,12325,0
2483357,15403,1
2483357,14957,0
2483357,22017,0
2483357,9077,0
2483357,18292,0
2485116,16762,1
2485116,25691,0
2485116,6199,0
2485116,15828,0
2485116,13457,0
2485538,24906,1
2485538,28057,0
2485538,25188,0
2485538,27214,0
2485538,3728,0
2486976,18903,1
2486976,5163,0
2486976,5879,0
2486976,11775,0
2486976,11653,0
2487999,12251,1
2487999,9273,0
2487999,20539,0
2487999,7504,0
2487999,24734,0
2489311,27613,1
2489311,19635,0
2489311,11456,0
2489311,20928,0
2489311,21164,0
2490456,894,1
2490456,17421,0
2490456,1516,0
2490456,14683,0
2490456,27771,0
2491182,2816,1
2491182,27397,0
2491182,26519,0
2491182,12956,0
2491182,23256,0
2493512,2814,1
2493512,26172,0
2493512,11169,0
2493512,18156,0
2493512,21164,0
2494342,2389,1
2494342,21862,0
2494342,12996,0
2494342,12161,0
2494342,6599,0
2494434,26813,1
2494434,8320,0
2494434,1078,0
2494434,4285,0
2494434,4413,0
2495011,12140,1
2495011,13094,0
2495011,18217,0
2495011,7308,0
2495011,22206,0
2495829,23088,1
2495829,27024,0
2495829,15394,0
2495829,8025,0
2495829,16821,0
2496619,15403,1
2496619,22706,0
2496619,18292,0
2496619,27474,0
2496619,26439,0
2497723,8017,1
2497723,22244,0
2497723,15409,0
2497723,15887,0
2497723,17146,0
2500092,16947,1
2500092,8583,0
2500092,12186,0
2500092,18447,0
2500092,21538,0
2500305,24671,1
2500305,9367,0
2500305,202,0
2500305,8628,0
2500305,20736,0
2501141,23382,1
2501141,13202,0
2501141,5288,0
2501141,18222,0
2501141,12886,0
2502137,17431,1
2502137,16336,0
2502137,26605,0
2502137,18344,0
2502137,25093,0
2503488,3154,1
2503488,8806,0
2503488,11915,0
2503488,24838,0
2503488,24867,0
2504739,1659,1
2504739,11463,0
2504739,4884,0
2504739,15471,0
2504739,15715,0
2507869,26788,1
2507869,23802,0
2507869,22154,0
2507869,13352,0
2507869,9831,0
2507971,27331,1
2507971,1047,0
2507971,376,0
2507971,9674,0
2507971,8988,0
2509170,9375,1
2509170,10991,0
2509170,348,0
2509170,21639,0
2509170,7797,0
2510162,26510,1
2510162,25423,0
2510162,19131,0
2510162,4831,0
2510162,5320,0
2510510,15715,1
2510510,5979,0
2510510,20906,0
2510510,10793,0
2510510,19370,0
2510686,13900,1
2510686,5284,0
2510686,26613,0
2510686,20143,0
2510686,7870,0
2511331,6942,1
2511331,10474,0
2511331,10658,0
2511331,27929,0
2511331,5829,0
2512552,5669,1
2512552,25814,0
2512552,20542,0
2512552,18183,0
2512552,15004,0
2512868,27613,1
2512868,16538,0
2512868,24420,0
2512868,22489,0
2512868,11315,0
2515042,28133,1
2515042,8533,0
2515042,16156,0
2515042,5586,0
2515042,12423,0
2515206,25016,1
2515206,5034,0
2515206,19663,0
2515206,8880,0
2515206,15527,0
2516268,12845,1
2516268,24761,0
2516268,25091,0
2516268,1447,0
2516268,13247,0
2517721,18156,1
2517721,18240,0
2517721,15962,0
2517721,19739,0
2517721,16991,0
2524116,7176,1
2524116,1689,0
2524116,678,0
2524116,16468,0
2524116,20805,0
2524181,21775,1
2524181,3962,0
2524181,3954,0
2524181,9060,0
2524181,9095,0
2524277,14190,1
2524277,11741,0
2524277,2148,0
2524277,7863,0
2524277,12456,0
2525184,11397,1
2525184,18105,0
2525184,2764,0
2525184,17281,0
2525184,11534,0
2525458,18156,1
2525458,5972,0
2525458,21890,0
2525458,27823,0
2525458,18261,0
2525783,19529,1
2525783,10488,0
2525783,15756,0
2525783,8588,0
2525783,11071,0
2526708,18154,1
2526708,17683,0
2526708,19491,0
2526708,5315,0
2526708,13759,0
2527245,8622,1
2527245,4242,0
2527245,5310,0
2527245,14639,0
2527245,6081,0
2528198,4405,1
2528198,7110,0
2528198,17082,0
2528198,234,0
2528198,10581,0
2528251,26044,1
2528251,26287,0
2528251,24734,0
2528251,25780,0
2528251,26656,0
2528986,7640,1
2528986,12983,0
2528986,16205,0
2528986,5310,0
2528986,1080,0
2529631,8936,1
2529631,15877,0
2529631,9873,0
2529631,27403,0
2529631,6866,0
2529884,20037,1
2529884,17911,0
2529884,24903,0
2529884,10181,0
2529884,27198,0
2530490,20479,1
2530490,14010,0
2530490,7851,0
2530490,1885,0
2530490,5756,0
2530596,10198,1
2530596,15623,0
2530596,22425,0
2530596,6353,0
2530596,15324,0
2530665,4028,1
2530665,22704,0
2530665,26924,0
2530665,26853,0
2530665,25991,0
2531107,3107,1
2531107,15294,0
2531107,7968,0
2531107,26331,0
2531107,12615,0
2532345,27825,1
2532345,15761,0
2532345,22017,0
2532345,11446,0
2532345,8418,0
2532793,19510,1
2532793,24970,0
2532793,26688,0
2532793,21141,0
2532793,7868,0
2533299,21031,1
2533299,16610,0
2533299,23854,0
2533299,21504,0
2533299,18269,0
2533858,2969,1
2533858,2615,0
2533858,20300,0
2533858,17630,0
2533858,20203,0
2534671,27613,1
2534671,5747,0
2534671,7963,0
2534671,23088,0
2534671,8700,0
2535109,6321,1
2535109,7744,0
2535109,8076,0
2535109,6146,0
2535109,4250,0
2535800,8059,1
2535800,27846,0
2535800,18627,0
2535800,9943,0
2535800,13884,0
2536810,21783,1
2536810,4064,0
2536810,19609,0
2536810,12856,0
2536810,6445,0
2537843,11681,1
2537843,26572,0
2537843,2767,0
2537843,15587,0
2537843,27267,0
2537971,18626,1
2537971,452,0
2537971,2432,0
2537971,14907,0
2537971,10680,0
2538042,3767,1
2538042,6339,0
2538042,19663,0
2538042,27879,0
2538042,27746,0
2538102,20191,1
2538102,21478,0
2538102,26254,0
2538102,21771,0
2538102,17146,0
2538136,23957,1
2538136,3134,0
2538136,18996,0
2538136,1475,0
2538136,11965,0
2539452,7963,1
2539452,6817,0
2539452,1358,0
2539452,15157,0
2539452,18511,0
2539520,3363,1
2539520,20435,0
2539520,9357,0
2539520,7018,0
2539520,7155,0
2539686,26487,1
2539686,24459,0
2539686,27065,0
2539686,2139,0
2539686,19251,0
2540877,18696,1
2540877,14074,0
2540877,770,0
2540877,7106,0
2540877,27593,0
2541395,10395,1
2541395,27846,0
2541395,23771,0
2541395,20289,0
2541395,14808,0
2541517,12521,1
2541517,13269,0
2541517,14322,0
2541517,24648,0
2541517,16669,0
2543206,12603,1
2543206,10238,0
2543206,25922,0
2543206,10844,0
2543206,5412,0
2544129,18953,1
2544129,25901,0
2544129,12794,0
2544129,11995,0
2544129,1290,0
2545536,9986,1
2545536,16030,0
2545536,19510,0
2545536,16342,0
2545536,17698,0
2545680,11335,1
2545680,27299,0
2545680,15373,0
2545680,5303,0
2545680,10848,0
2549601,8060,1
2549601,2514,0
2549601,20867,0
2549601,14827,0
2549601,22447,0
2549730,16073,1
2549730,11063,0
2549730,24752,0
2549730,10405,0
2549730,1857,0
2552515,8988,1
2552515,2879,0
2552515,18719,0
2552515,15931,0
2552515,18534,0
2555634,13922,1
2555634,25007,0
2555634,22682,0
2555634,21706,0
2555634,27695,0
2555709,16542,1
2555709,25488,0
2555709,16016,0
2555709,3678,0
2555709,3442,0
2557404,28016,1
2557404,3896,0
2557404,22544,0
2557404,16607,0
2557404,12449,0
2557972,1644,1
2557972,9645,0
2557972,10417,0
2557972,8622,0
2557972,12615,0
2558504,6007,1
2558504,13897,0
2558504,5310,0
2558504,23013,0
2558504,2855,0
2559002,23847,1
2559002,2734,0
2559002,15752,0
2559002,27846,0
2559002,18971,0
2559115,7150,1
2559115,6885,0
2559115,22494,0
2559115,17358,0
2559115,27927,0
2559390,8443,1
2559390,21379,0
2559390,17640,0
2559390,21010,0
2559390,26875,0
2562133,22603,1
2562133,22313,0
2562133,15778,0
2562133,24400,0
2562133,24677,0
2563517,5559,1
2563517,6340,0
2563517,9567,0
2563517,10153,0
2563517,12928,0
2564099,17089,1
2564099,8514,0
2564099,16909,0
2564099,11456,0
2564099,5036,0
2564719,4028,1
2564719,18511,0
2564719,13469,0
2564719,9358,0
2564719,5439,0
2565448,8060,1
2565448,8776,0
2565448,16190,0
2565448,26628,0
2565448,27555,0
2566330,12560,1
2566330,23885,0
2566330,20432,0
2566330,14490,0
2566330,21245,0
2566340,18156,1
2566340,5243,0
2566340,6374,0
2566340,12176,0
2566340,5972,0
2566474,18156,1
2566474,10111,0
2566474,15904,0
2566474,15506,0
2566474,23419,0
2567469,9184,1
2567469,10731,0
2567469,21706,0
2567469,114,0
2567469,14820,0
2569268,27613,1
2569268,8487,0
2569268,17235,0
2569268,13766,0
2569268,27527,0
2569676,7640,1
2569676,14119,0
2569676,10640,0
2569676,13660,0
2569676,6374,0
2571540,21578,1
2571540,9254,0
2571540,19987,0
2571540,24051,0
2571540,8838,0
2571711,18156,1
2571711,11190,0
2571711,21089,0
2571711,13331,0
2571711,13495,0
2572095,12662,1
2572095,18997,0
2572095,25685,0
2572095,24374,0
2572095,26853,0
2572428,19510,1
2572428,11534,0
2572428,13818,0
2572428,24804,0
2572428,14148,0
2573934,26249,1
2573934,12810,0
2573934,22863,0
2573934,14433,0
2573934,14565,0
2575852,15540,1
2575852,11533,0
2575852,18275,0
2575852,3439,0
2575852,22342,0
2576113,14826,1
2576113,1046,0
2576113,15578,0
2576113,25465,0
2576113,24669,0
2576327,17106,1
2576327,10565,0
2576327,9986,0
2576327,18047,0
2576327,19783,0
2576990,8060,1
2576990,19761,0
2576990,26005,0
2576990,8136,0
2576990,9143,0
2577106,19370,1
2577106,20055,0
2577106,27482,0
2577106,23463,0
2577106,10182,0
2577940,28133,1
2577940,5996,0
2577940,15807,0
2577940,18183,0
2577940,7107,0
2578698,10565,1
2578698,494,0
2578698,4449,0
2578698,14181,0
2578698,4806,0
2580293,18156,1
2580293,2015,0
2580293,826,0
2580293,5310,0
2580293,27225,0
2581284,4405,1
2581284,13987,0
2581284,4603,0
2581284,26035,0
2581284,1948,0
2583521,18656,1
2583521,5875,0
2583521,2954,0
2583521,2639,0
2583521,1619,0
2584266,27613,1
2584266,1693,0
2584266,5036,0
2584266,15345,0
2584266,24355,0
2584938,6850,1
2584938,23129,0
2584938,25901,0
2584938,18225,0
2584938,5619,0
2585248,17764,1
2585248,9416,0
2585248,11863,0
2585248,16774,0
2585248,14825,0
2589684,18156,1
2589684,24209,0
2589684,10137,0
2589684,24851,0
2589684,24008,0
2589728,18156,1
2589728,6817,0
2589728,18320,0
2589728,2015,0
2589728,2605,0
2591483,8622,1
2591483,10077,0
2591483,14668,0
2591483,13560,0
2591483,5216,0
2592709,13922,1
2592709,24576,0
2592709,15090,0
2592709,26645,0
2592709,24421,0
2592855,19985,1
2592855,6467,0
2592855,18469,0
2592855,20655,0
2592855,23854,0
2594789,10834,1
2594789,10031,0
2594789,17585,0
2594789,2531,0
2594789,13844,0
2595655,16015,1
2595655,1720,0
2595655,9092,0
2595655,5612,0
2595655,13984,0
2596895,22752,1
2596895,21586,0
2596895,18612,0
2596895,6308,0
2596895,1850,0
2596921,800,1
2596921,1084,0
2596921,3604,0
2596921,347,0
2596921,18315,0
2597027,8425,1
2597027,15485,0
2597027,16258,0
2597027,25608,0
2597027,25772,0
2598610,15235,1
2598610,10431,0
2598610,2273,0
2598610,22327,0
2598610,4779,0
2598816,15510,1
2598816,27780,0
2598816,7279,0
2598816,1485,0
2598816,10142,0
2599332,16809,1
2599332,28016,0
2599332,4627,0
2599332,24395,0
2599332,9171,0
2599919,8622,1
2599919,26853,0
2599919,23419,0
2599919,2873,0
2599919,3644,0
2601944,4064,1
2601944,18922,0
2601944,16182,0
2601944,3392,0
2601944,19571,0
2602027,17416,1
2602027,9608,0
2602027,14148,0
2602027,11958,0
2602027,18846,0
2602567,25580,1
2602567,13860,0
2602567,23724,0
2602567,22427,0
2602567,14855,0
2606642,3481,1
2606642,23613,0
2606642,7758,0
2606642,23705,0
2606642,3426,0
2607358,19946,1
2607358,19993,0
2607358,17254,0
2607358,13086,0
2607358,25061,0
2608211,15626,1
2608211,16781,0
2608211,4255,0
2608211,21889,0
2608211,20123,0
2609029,19912,1
2609029,8060,0
2609029,20732,0
2609029,14180,0
2609029,2718,0
2610582,18138,1
2610582,8334,0
2610582,13091,0
2610582,1611,0
2610582,23058,0
2610663,3036,1
2610663,23839,0
2610663,258,0
2610663,19744,0
2610663,25732,0
2610862,2213,1
2610862,11490,0
2610862,8528,0
2610862,7774,0
2610862,18673,0
2611509,20509,1
2611509,14507,0
2611509,11009,0
2611509,12092,0
2611509,15264,0
2611716,24496,1
2611716,12180,0
2611716,19985,0
2611716,11636,0
2611716,22184,0
2612710,20468,1
2612710,22442,0
2612710,17320,0
2612710,23004,0
2612710,19416,0
2612935,11247,1
2612935,25215,0
2612935,10609,0
2612935,21464,0
2612935,13976,0
2616714,7587,1
2616714,3201,0
2616714,18303,0
2616714,661,0
2616714,14388,0
2616807,23724,1
2616807,5953,0
2616807,8154,0
2616807,27755,0
2616807,11063,0
2618255,16179,1
2618255,26448,0
2618255,10800,0
2618255,561,0
2618255,11908,0
2619610,22017,1
2619610,21365,0
2619610,20342,0
2619610,9247,0
2619610,25512,0
2621172,5182,1
2621172,20650,0
2621172,15619,0
2621172,14790,0
2621172,5666,0
2621278,4028,1
2621278,15294,0
2621278,27321,0
2621278,20400,0
2621278,7177,0
2622232,561,1
2622232,14240,0
2622232,24177,0
2622232,24462,0
2622232,11237,0
2623242,16589,1
2623242,11480,0
2623242,15737,0
2623242,26228,0
2623242,7924,0
2623247,3117,1
2623247,17911,0
2623247,25580,0
2623247,2848,0
2623247,15148,0
2623693,2942,1
2623693,21559,0
2623693,16177,0
2623693,9278,0
2623693,9045,0
2624899,20842,1
2624899,9978,0
2624899,25694,0
2624899,20613,0
2624899,4701,0
2625380,13922,1
2625380,24421,0
2625380,23088,0
2625380,21766,0
2625380,14715,0
2626379,28065,1
2626379,10875,0
2626379,1363,0
2626379,9341,0
2626379,13827,0
2626456,2447,1
2626456,17196,0
2626456,27204,0
2626456,23289,0
2626456,2969,0
2627892,17416,1
2627892,27942,0
2627892,18147,0
2627892,19080,0
2627892,17175,0
2628025,13266,1
2628025,13472,0
2628025,142,0
2628025,15247,0
2628025,10951,0
2628102,15188,1
2628102,11960,0
2628102,4534,0
2628102,10880,0
2628102,4004,0
2628342,18463,1
2628342,26234,0
2628342,26156,0
2628342,24525,0
2628342,1413,0
2628635,19882,1
2628635,16309,0
2628635,4902,0
2628635,8638,0
2628635,18896,0
2629265,26328,1
2629265,11255,0
2629265,1846,0
2629265,3772,0
2629265,5584,0
2629483,18156,1
2629483,21809,0
2629483,18240,0
2629483,13081,0
2629483,10111,0
2629856,12325,1
2629856,7013,0
2629856,307,0
2629856,28105,0
2629856,856,0
2630558,13481,1
2630558,2913,0
2630558,19993,0
2630558,25929,0
2630558,7995,0
2632052,1228,1
2632052,22244,0
2632052,17620,0
2632052,20461,0
2632052,11247,0
2632443,17977,1
2632443,14925,0
2632443,14549,0
2632443,10809,0
2632443,15503,0
2632552,27825,1
2632552,22342,0
2632552,2011,0
2632552,3642,0
2632552,8287,0
2633008,8060,1
2633008,16946,0
2633008,14461,0
2633008,26582,0
2633008,19127,0
2634002,19683,1
2634002,16496,0
2634002,16897,0
2634002,15163,0
2634002,20006,0
2634065,14702,1
2634065,534,0
2634065,11674,0
2634065,398,0
2634065,14037,0
2635058,28133,1
2635058,20916,0
2635058,9479,0
2635058,10915,0
2635058,11070,0
2636084,3021,1
2636084,7691,0
2636084,16235,0
2636084,27176,0
2636084,4797,0
2636243,8622,1
2636243,10979,0
2636243,19520,0
2636243,7042,0
2636243,15962,0
2636834,6548,1
2636834,27210,0
2636834,17911,0
2636834,23882,0
2636834,23933,0
2637749,15139,1
2637749,27242,0
2637749,9155,0
2637749,23814,0
2637749,8356,0
2637823,10245,1
2637823,27768,0
2637823,10436,0
2637823,12980,0
2637823,25614,0
2638133,1199,1
2638133,22114,0
2638133,11740,0
2638133,24389,0
2638133,5164,0
2639564,11247,1
2639564,17146,0
2639564,9061,0
2639564,17875,0
2639564,16536,0
2640696,18156,1
2640696,19393,0
2640696,19775,0
2640696,21283,0
2640696,5840,0
2644130,16536,1
2644130,18183,0
2644130,10514,0
2644130,452,0
2644130,20533,0
2644854,7640,1
2644854,390,0
2644854,8918,0
2644854,16205,0
2644854,12176,0
2645004,11691,1
2645004,26379,0
2645004,6494,0
2645004,21877,0
2645004,27213,0
2645742,26853,1
2645742,21835,0
2645742,11442,0
2645742,10917,0
2645742,10193,0
2646118,26328,1
2646118,6850,0
2646118,24860,0
2646118,19922,0
2646118,5775,0
2647732,6850,1
2647732,18903,0
2647732,24458,0
2647732,16375,0
2647732,25901,0
2648326,19745,1
2648326,21285,0
2648326,5524,0
2648326,24731,0
2648326,12127,0
2648706,15742,1
2648706,27165,0
2648706,23936,0
2648706,4444,0
2648706,26019,0
2648923,17778,1
2648923,13080,0
2648923,6346,0
2648923,14404,0
2648923,7373,0
2649188,7963,1
2649188,12815,0
2649188,25589,0
2649188,23013,0
2649188,4425,0
2649661,10696,1
2649661,20821,0
2649661,9172,0
2649661,26624,0
2649661,167,0
2650755,7412,1
2650755,6589,0
2650755,7018,0
2650755,18375,0
2650755,5506,0
2651031,17089,1
2651031,27652,0
2651031,14946,0
2651031,18025,0
2651031,8252,0
2651341,28133,1
2651341,2290,0
2651341,18183,0
2651341,12191,0
2651341,26363,0
2652171,23088,1
2652171,7802,0
2652171,26011,0
2652171,12812,0
2652171,9552,0
2652731,8775,1
2652731,22947,0
2652731,19864,0
2652731,5314,0
2652731,21636,0
2653099,17414,1
2653099,19449,0
2653099,9673,0
2653099,3034,0
2653099,4869,0
2653160,7811,1
2653160,1021,0
2653160,27627,0
2653160,12284,0
2653160,13164,0
2653441,18626,1
2653441,22442,0
2653441,399,0
2653441,5987,0
2653441,10680,0
2653520,8622,1
2653520,25589,0
2653520,15506,0
2653520,19393,0
2653520,6081,0
2654253,15424,1
2654253,26367,0
2654253,11931,0
2654253,27611,0
2654253,13836,0
2654926,2241,1
2654926,23309,0
2654926,9197,0
2654926,3169,0
2654926,24049,0
2655931,16950,1
2655931,9138,0
2655931,18411,0
2655931,22170,0
2655931,25281,0
2656122,4651,1
2656122,13463,0
2656122,10245,0
2656122,12927,0
2656122,9986,0
2656559,561,1
2656559,24177,0
2656559,19596,0
2656559,26875,0
2656559,11734,0
2656947,16529,1
2656947,8960,0
2656947,21603,0
2656947,16114,0
2656947,28115,0
2661962,15849,1
2661962,19611,0
2661962,14371,0
2661962,22502,0
2661962,4891,0
2662293,8059,1
2662293,2280,0
2662293,9580,0
2662293,5060,0
2662293,21520,0
2662427,26405,1
2662427,21730,0
2662427,16015,0
2662427,27043,0
2662427,13235,0
2663367,15579,1
2663367,5877,0
2663367,26049,0
2663367,1830,0
2663367,12561,0
2663795,2465,1
2663795,24668,0
2663795,26516,0
2663795,17671,0
2663795,13517,0
2664544,17089,1
2664544,16888,0
2664544,2447,0
2664544,14481,0
2664544,23088,0
2665373,18396,1
2665373,16948,0
2665373,12155,0
2665373,6872,0
2665373,2547,0
2665516,22231,1
2665516,7664,0
2665516,21465,0
2665516,13620,0
2665516,27460,0
2666561,24380,1
2666561,25183,0
2666561,17090,0
2666561,12901,0
2666561,8206,0
2666851,9184,1
2666851,8154,0
2666851,27613,0
2666851,6235,0
2666851,20309,0
2668204,4028,1
2668204,10148,0
2668204,21751,0
2668204,7252,0
2668204,26924,0
2668428,21070,1
2668428,3793,0
2668428,26818,0
2668428,13278,0
2668428,17426,0
2669460,23915,1
2669460,17173,0
2669460,5683,0
2669460,21942,0
2669460,19518,0
2669700,6889,1
2669700,14793,0
2669700,17307,0
2669700,1101,0
2669700,3136,0
2670184,15501,1
2670184,21439,0
2670184,25761,0
2670184,14994,0
2670184,7741,0
2670486,2447,1
2670486,24420,0
2670486,8737,0
2670486,18719,0
2670486,3061,0
2672667,24823,1
2672667,13287,0
2672667,4378,0
2672667,1141,0
2672667,21317,0
2673033,18156,1
2673033,8679,0
2673033,6041,0
2673033,19499,0
2673033,3469,0
2674361,27397,1
2674361,201,0
2674361,848,0
2674361,5352,0
2674361,13863,0
2676849,11587,1
2676849,10540,0
2676849,14911,0
2676849,23927,0
2676849,23350,0
2678666,5106,1
2678666,21929,0
2678666,3704,0
2678666,18517,0
2678666,5071,0
2679294,12317,1
2679294,12416,0
2679294,27403,0
2679294,20215,0
2679294,12149,0
2679554,13189,1
2679554,17727,0
2679554,13306,0
2679554,16952,0
2679554,4545,0
2680019,18156,1
2680019,14432,0
2680019,25589,0
2680019,7222,0
2680019,20457,0
2681198,8622,1
2681198,19520,0
2681198,21706,0
2681198,826,0
2681198,2605,0
2681758,15501,1
2681758,2220,0
2681758,8313,0
2681758,5299,0
2681758,1504,0
2687425,19882,1
2687425,8183,0
2687425,2963,0
2687425,21102,0
2687425,23029,0
2688859,18156,1
2688859,8621,0
2688859,21223,0
2688859,23493,0
2688859,6186,0
2689533,8059,1
2689533,14507,0
2689533,15877,0
2689533,1580,0
2689533,26178,0
2689570,18719,1
2689570,10027,0
2689570,23255,0
2689570,15247,0
2689570,11514,0
2689839,18156,1
2689839,12885,0
2689839,25589,0
2689839,8060,0
2689839,12906,0
2690373,3428,1
2690373,15638,0
2690373,27011,0
2690373,22527,0
2690373,23824,0
2690948,22752,1
2690948,19042,0
2690948,1780,0
2690948,22167,0
2690948,10348,0
2690991,21859,1
2690991,2567,0
2690991,25253,0
2690991,3288,0
2690991,13254,0
2691173,18981,1
2691173,26756,0
2691173,5178,0
2691173,6936,0
2691173,4252,0
2691755,19514,1
2691755,5652,0
2691755,10073,0
2691755,26062,0
2691755,4160,0
2693034,26083,1
2693034,26773,0
2693034,14665,0
2693034,2976,0
2693034,14974,0
2693611,17738,1
2693611,3376,0
2693611,2898,0
2693611,16751,0
2693611,23285,0
2695213,19912,1
2695213,3753,0
2695213,18156,0
2695213,13996,0
2695213,5367,0
2695958,8060,1
2695958,5308,0
2695958,19772,0
2695958,10990,0
2695958,19912,0
2698517,9772,1
2698517,27172,0
2698517,27041,0
2698517,20516,0
2698517,21397,0
2699942,23012,1
2699942,12984,0
2699942,12156,0
2699942,8670,0
2699942,19574,0
2700507,10014,1
2700507,12049,0
2700507,8317,0
2700507,7428,0
2700507,2383,0
2704907,1877,1
2704907,8548,0
2704907,10369,0
2704907,3309,0
2704907,4641,0
2705625,17475,1
2705625,16066,0
2705625,3425,0
2705625,2314,0
2705625,23080,0
2708500,19786,1
2708500,4565,0
2708500,16530,0
2708500,8798,0
2708500,23155,0
2710319,8959,1
2710319,17492,0
2710319,7687,0
2710319,10118,0
2710319,7925,0
2710926,11858,1
2710926,18677,0
2710926,7892,0
2710926,635,0
2710926,17693,0
2711151,9184,1
2711151,1693,0
2711151,26172,0
2711151,4981,0
2711151,17970,0
2711443,11401,1
2711443,7575,0
2711443,9896,0
2711443,16692,0
2711443,26919,0
2711563,26400,1
2711563,14786,0
2711563,20386,0
2711563,15015,0
2711563,15740,0
2713764,1018,1
2713764,20847,0
2713764,10291,0
2713764,22886,0
2713764,22364,0
2713856,3545,1
2713856,9004,0
2713856,16900,0
2713856,9718,0
2713856,24829,0
2714180,21578,1
2714180,19690,0
2714180,8951,0
2714180,26817,0
2714180,24051,0
2714251,13750,1
2714251,20721,0
2714251,16923,0
2714251,13699,0
2714251,23845,0
2716708,22753,1
2716708,2596,0
2716708,23724,0
2716708,15229,0
2716708,18877,0
2718376,11247,1
2718376,17515,0
2718376,5024,0
2718376,9273,0
2718376,6889,0
2720785,7412,1
2720785,27381,0
2720785,18217,0
2720785,21838,0
2720785,2211,0
2721869,4050,1
2721869,4762,0
2721869,12019,0
2721869,17191,0
2721869,24745,0
2722330,2730,1
2722330,1925,0
2722330,15184,0
2722330,14595,0
2722330,15029,0
2722365,17089,1
2722365,17235,0
2722365,1348,0
2722365,1811,0
2722365,19372,0
2722859,14896,1
2722859,8556,0
2722859,6836,0
2722859,5933,0
2722859,1066,0
2724055,11743,1
2724055,2515,0
2724055,20238,0
2724055,13574,0
2724055,7683,0
2724807,8575,1
2724807,10011,0
2724807,13687,0
2724807,24363,0
2724807,4899,0
2725354,222,1
2725354,12096,0
2725354,6595,0
2725354,18680,0
2725354,19849,0
2726226,8628,1
2726226,14834,0
2726226,1515,0
2726226,16056,0
2726226,4121,0
2730076,23088,1
2730076,26365,0
2730076,8288,0
2730076,1644,0
2730076,12812,0
2730420,2447,1
2730420,11822,0
2730420,27339,0
2730420,3129,0
2730420,1333,0
2731113,8060,1
2731113,27695,0
2731113,9842,0
2731113,597,0
2731113,6473,0
2731400,12491,1
2731400,24568,0
2731400,24646,0
2731400,3970,0
2731400,1966,0
2733190,16687,1
2733190,10522,0
2733190,4850,0
2733190,23391,0
2733190,8616,0
2734997,18156,1
2734997,23960,0
2734997,5560,0
2734997,18728,0
2734997,13495,0
2735775,18561,1
2735775,23930,0
2735775,21154,0
2735775,19731,0
2735775,23771,0
2735952,10163,1
2735952,7261,0
2735952,7014,0
2735952,3404,0
2735952,4657,0
2736040,1899,1
2736040,3174,0
2736040,26487,0
2736040,3027,0
2736040,11734,0
2736306,17648,1
2736306,12725,0
2736306,21487,0
2736306,21212,0
2736306,771,0
2736485,27613,1
2736485,24420,0
2736485,4981,0
2736485,2822,0
2736485,5886,0
2736771,8867,1
2736771,3920,0
2736771,24206,0
2736771,891,0
2736771,3772,0
2737162,9184,1
2737162,26172,0
2737162,2814,0
2737162,23451,0
2737162,11887,0
2737598,7963,1
2737598,22859,0
2737598,22886,0
2737598,17617,0
2737598,4193,0
2738647,14688,1
2738647,21862,0
2738647,9156,0
2738647,12221,0
2738647,5279,0
2739250,9046,1
2739250,23824,0
2739250,11129,0
2739250,9771,0
2739250,1797,0
2739585,17523,1
2739585,11263,0
2739585,2445,0
2739585,26558,0
2739585,8624,0
2739616,8622,1
2739616,3644,0
2739616,18208,0
2739616,9442,0
2739616,19775,0
2740313,2173,1
2740313,23235,0
2740313,15805,0
2740313,7425,0
2740313,21695,0
2741249,5367,1
2741249,21706,0
2741249,13660,0
2741249,14432,0
2741249,390,0
2741635,1662,1
2741635,27845,0
2741635,3036,0
2741635,2153,0
2741635,21191,0
2742761,25369,1
2742761,1271,0
2742761,17351,0
2742761,14970,0
2742761,1876,0
2743096,16114,1
2743096,27221,0
2743096,28065,0
2743096,6053,0
2743096,20620,0
2743366,27720,1
2743366,17894,0
2743366,4539,0
2743366,2219,0
2743366,14915,0
2743955,5006,1
2743955,14311,0
2743955,7697,0
2743955,3647,0
2743955,1355,0
2744137,5106,1
2744137,4782,0
2744137,19487,0
2744137,788,0
2744137,3704,0
2745290,8383,1
2745290,16186,0
2745290,23675,0
2745290,18378,0
2745290,4152,0
2745840,22378,1
2745840,4785,0
2745840,23114,0
2745840,1182,0
2745840,25225,0
2746041,15573,1
2746041,23000,0
2746041,25808,0
2746041,21833,0
2746041,5265,0
2746710,26710,1
2746710,14919,0
2746710,23605,0
2746710,23393,0
2746710,628,0
2746805,26212,1
2746805,2868,0
2746805,16440,0
2746805,12520,0
2746805,18632,0
2747279,20509,1
2747279,26507,0
2747279,24885,0
2747279,17105,0
2747279,120,0
2747780,14226,1
2747780,2954,0
2747780,2351,0
2747780,26886,0
2747780,18913,0
2750964,13218,1
2750964,11457,0
2750964,27118,0
2750964,3467,0
2750964,16429,0
2751383,5367,1
2751383,26353,0
2751383,26249,0
2751383,10456,0
2751383,13940,0
2751605,4028,1
2751605,9244,0
2751605,25076,0
2751605,19118,0
2751605,1430,0
2753478,8060,1
2753478,15010,0
2753478,15294,0
2753478,25991,0
2753478,23550,0
2753926,19540,1
2753926,18819,0
2753926,26187,0
2753926,990,0
2753926,27002,0
2754165,26674,1
2754165,8196,0
2754165,3196,0
2754165,14357,0
2754165,680,0
2754615,17416,1
2754615,3849,0
2754615,18420,0
2754615,13716,0
2754615,12892,0
2754821,22886,1
2754821,15758,0
2754821,17492,0
2754821,11118,0
2754821,9879,0
2754895,22206,1
2754895,231,0
2754895,14160,0
2754895,7358,0
2754895,22050,0
2755079,12317,1
2755079,18866,0
2755079,5835,0
2755079,3941,0
2755079,18779,0
2755268,8060,1
2755268,7139,0
2755268,1873,0
2755268,27225,0
2755268,26331,0
2756972,14907,1
2756972,10477,0
2756972,9028,0
2756972,834,0
2756972,14981,0
2757293,26085,1
2757293,1342,0
2757293,27685,0
2757293,25011,0
2757293,10564,0
2758143,20612,1
2758143,24180,0
2758143,20465,0
2758143,22947,0
2758143,14497,0
2758539,20629,1
2758539,18040,0
2758539,2283,0
2758539,1313,0
2758539,7082,0
2759809,14959,1
2759809,12211,0
2759809,22112,0
2759809,17616,0
2759809,27182,0
2760376,6012,1
2760376,21769,0
2760376,10581,0
2760376,11756,0
2760376,12325,0
2762098,18626,1
2762098,16589,0
2762098,1322,0
2762098,15756,0
2762098,4176,0
2762219,12460,1
2762219,15887,0
2762219,6808,0
2762219,21378,0
2762219,20398,0
2766045,16846,1
2766045,4772,0
2766045,3478,0
2766045,23749,0
2766045,954,0
2769361,11247,1
2769361,14184,0
2769361,6109,0
2769361,8761,0
2769361,11249,0
2769877,15600,1
2769877,7291,0
2769877,11463,0
2769877,22429,0
2769877,12834,0
2770846,3256,1
2770846,11843,0
2770846,165,0
2770846,27442,0
2770846,9038,0
2771601,7672,1
2771601,3970,0
2771601,13863,0
2771601,4386,0
2771601,17998,0
2771624,16687,1
2771624,6922,0
2771624,25739,0
2771624,13769,0
2771624,14319,0
2771872,8622,1
2771872,16205,0
2771872,6081,0
2771872,21809,0
2771872,23393,0
2771971,8251,1
2771971,5539,0
2771971,9788,0
2771971,14642,0
2771971,14197,0
2772007,26601,1
2772007,8576,0
2772007,7560,0
2772007,2932,0
2772007,7683,0
2772980,93,1
2772980,5549,0
2772980,23253,0
2772980,19040,0
2772980,1192,0
2773299,18156,1
2773299,7042,0
2773299,27199,0
2773299,23419,0
2773299,1789,0
2774150,26788,1
2774150,1640,0
2774150,13523,0
2774150,16900,0
2774150,5758,0
2775445,14959,1
2775445,16612,0
2775445,13651,0
2775445,23114,0
2775445,5877,0
2775677,2730,1
2775677,13544,0
2775677,8301,0
2775677,12813,0
2775677,16328,0
2777204,678,1
2777204,18092,0
2777204,4816,0
2777204,4752,0
2777204,24202,0
2777649,1018,1
2777649,15202,0
2777649,2277,0
2777649,8007,0
2777649,27225,0
2778911,26265,1
2778911,6707,0
2778911,8415,0
2778911,19267,0
2778911,6956,0
2779271,2465,1
2779271,15137,0
2779271,12250,0
2779271,24379,0
2779271,2882,0
2780323,1234,1
2780323,18650,0
2780323,19438,0
2780323,14197,0
2780323,24450,0
2780431,18156,1
2780431,13081,0
2780431,23419,0
2780431,15446,0
2780431,19775,0
2781556,18156,1
2781556,13933,0
2781556,5367,0
2781556,14549,0
2781556,2873,0
2782826,20612,1
2782826,21086,0
2782826,23345,0
2782826,20465,0
2782826,22065,0
2783500,4899,1
2783500,2780,0
2783500,9567,0
2783500,17453,0
2783500,24715,0
2784317,16963,1
2784317,6470,0
2784317,14928,0
2784317,20030,0
2784317,24120,0
2784544,5006,1
2784544,13860,0
2784544,8525,0
2784544,3065,0
2784544,20360,0
2785281,7977,1
2785281,10173,0
2785281,4583,0
2785281,23609,0
2785281,14554,0
2786720,8826,1
2786720,19385,0
2786720,7200,0
2786720,22206,0
2786720,12242,0
2786935,26370,1
2786935,27239,0
2786935,22539,0
2786935,25346,0
2786935,2112,0
2788095,4028,1
2788095,15157,0
2788095,10974,0
2788095,8810,0
2788095,2855,0
2788240,18156,1
2788240,26400,0
2788240,19499,0
2788240,24209,0
2788240,5619,0
2789082,14912,1
2789082,2022,0
2789082,18890,0
2789082,4401,0
2789082,19572,0
2789768,18145,1
2789768,267,0
2789768,9315,0
2789768,9276,0
2789768,14524,0
2789884,12502,1
2789884,13039,0
2789884,6922,0
2789884,12971,0
2789884,10781,0
2790405,182,1
2790405,21335,0
2790405,8162,0
2790405,9831,0
2790405,7044,0
2793324,21578,1
2793324,4538,0
2793324,7758,0
2793324,14527,0
2793324,21853,0
2793741,19912,1
2793741,24887,0
2793741,4516,0
2793741,5912,0
2793741,13922,0
2793860,28096,1
2793860,2380,0
2793860,16635,0
2793860,14465,0
2793860,8707,0
2794344,2628,1
2794344,26414,0
2794344,20896,0
2794344,22813,0
2794344,11085,0
2794628,22536,1
2794628,12308,0
2794628,24539,0
2794628,21777,0
2794628,21446,0
2797485,4028,1
2797485,20836,0
2797485,10273,0
2797485,27225,0
2797485,19050,0
2797578,18156,1
2797578,13331,0
2797578,4689,0
2797578,11428,0
2797578,27961,0
2799293,11923,1
2799293,4541,0
2799293,12547,0
2799293,2274,0
2799293,19768,0
2799944,5367,1
2799944,10640,0
2799944,27794,0
2799944,11894,0
2799944,19775,0
2801984,13149,1
2801984,1857,0
2801984,20916,0
2801984,7152,0
2801984,18388,0
2804818,7640,1
2804818,27823,0
2804818,27225,0
2804818,13996,0
2804818,22858,0
2805113,26838,1
2805113,19287,0
2805113,1542,0
2805113,23873,0
2805113,4325,0
2805468,18341,1
2805468,9957,0
2805468,12900,0
2805468,9756,0
2805468,20656,0
2805518,8060,1
2805518,911,0
2805518,6688,0
2805518,18699,0
2805518,9627,0
2805607,15501,1
2805607,5565,0
2805607,8019,0
2805607,16177,0
2805607,17243,0
2806704,5274,1
2806704,19018,0
2806704,4725,0
2806704,5565,0
2806704,19153,0
2808090,17351,1
2808090,6190,0
2808090,5473,0
2808090,22141,0
2808090,16114,0
2809121,19745,1
2809121,11515,0
2809121,4250,0
2809121,11600,0
2809121,7144,0
2809216,5367,1
2809216,27555,0
2809216,7640,0
2809216,21890,0
2809216,25562,0
2810585,4028,1
2810585,1257,0
2810585,21283,0
2810585,3107,0
2810585,5833,0
2810640,25389,1
2810640,17572,0
2810640,8626,0
2810640,750,0
2810640,20502,0
2810842,18156,1
2810842,25589,0
2810842,10640,0
2810842,155,0
2810842,10979,0
2811420,4679,1
2811420,21139,0
2811420,24112,0
2811420,1377,0
2811420,705,0
2812468,4028,1
2812468,13013,0
2812468,24794,0
2812468,5972,0
2812468,461,0
2812707,8060,1
2812707,25247,0
2812707,26440,0
2812707,14346,0
2812707,7475,0
2812790,1729,1
2812790,1171,0
2812790,27762,0
2812790,11463,0
2812790,26470,0
2812954,16361,1
2812954,812,0
2812954,4850,0
2812954,15247,0
2812954,2518,0
2813385,16952,1
2813385,9316,0
2813385,8521,0
2813385,19267,0
2813385,19871,0
2814634,18156,1
2814634,6817,0
2814634,11352,0
2814634,16205,0
2814634,21283,0
2816477,18156,1
2816477,3450,0
2816477,11190,0
2816477,6186,0
2816477,9686,0
2816623,9134,1
2816623,22909,0
2816623,21462,0
2816623,16114,0
2816623,7611,0
2816892,19510,1
2816892,1618,0
2816892,8876,0
2816892,17687,0
2816892,18304,0
2817083,148,1
2817083,27842,0
2817083,10160,0
2817083,8064,0
2817083,18182,0
2817299,1018,1
2817299,421,0
2817299,4433,0
2817299,19127,0
2817299,15644,0
2817842,18626,1
2817842,20192,0
2817842,21553,0
2817842,23490,0
2817842,1774,0
2818583,25145,1
2818583,13080,0
2818583,1073,0
2818583,12898,0
2818583,25982,0
2818859,4028,1
2818859,18981,0
2818859,10480,0
2818859,19763,0
2818859,16634,0
2818871,28096,1
2818871,23769,0
2818871,9287,0
2818871,17792,0
2818871,25309,0
2819747,8001,1
2819747,6252,0
2819747,5326,0
2819747,16552,0
2819747,20754,0
2820529,18156,1
2820529,13933,0
2820529,21809,0
2820529,22858,0
2820529,5310,0
2820646,971,1
2820646,9765,0
2820646,22284,0
2820646,2310,0
2820646,3795,0
2821082,28103,1
2821082,16429,0
2821082,25929,0
2821082,11641,0
2821082,18105,0
2821118,26853,1
2821118,7118,0
2821118,21835,0
2821118,4535,0
2821118,9323,0
2822579,3743,1
2822579,25675,0
2822579,9734,0
2822579,22922,0
2822579,12097,0
2822724,26249,1
2822724,22833,0
2822724,15249,0
2822724,24336,0
2822724,2498,0
2823362,5870,1
2823362,13265,0
2823362,27610,0
2823362,26941,0
2823362,17399,0
2828409,27613,1
2828409,5886,0
2828409,23088,0
2828409,13321,0
2828409,19372,0
2829328,5367,1
2829328,6984,0
2829328,26296,0
2829328,13922,0
2829328,6691,0
2829922,24194,1
2829922,18321,0
2829922,6438,0
2829922,18048,0
2829922,22114,0
2830739,13184,1
2830739,11488,0
2830739,11063,0
2830739,26113,0
2830739,23599,0
2831429,25601,1
2831429,23193,0
2831429,2672,0
2831429,16663,0
2831429,9497,0
2831493,8622,1
2831493,14639,0
2831493,14931,0
2831493,2873,0
2831493,7222,0
2833354,15249,1
2833354,27199,0
2833354,14639,0
2833354,18261,0
2833354,7222,0
2833711,20393,1
2833711,1729,0
2833711,17320,0
2833711,10073,0
2833711,27089,0
2833790,15502,1
2833790,4548,0
2833790,11533,0
2833790,13044,0
2833790,12156,0
2834528,15658,1
2834528,17695,0
2834528,16051,0
2834528,3955,0
2834528,1703,0
2834840,25158,1
2834840,17671,0
2834840,11552,0
2834840,4904,0
2834840,23433,0
2835125,10381,1
2835125,13986,0
2835125,19334,0
2835125,26306,0
2835125,21254,0
2835449,8820,1
2835449,18493,0
2835449,13744,0
2835449,7057,0
2835449,24035,0
2835524,15235,1
2835524,24349,0
2835524,1594,0
2835524,1991,0
2835524,10570,0
2835951,7963,1
2835951,26958,0
2835951,6817,0
2835951,5840,0
2835951,17093,0
2838530,26853,1
2838530,12413,0
2838530,7705,0
2838530,16392,0
2838530,5229,0
2839072,16114,1
2839072,24671,0
2839072,14430,0
2839072,24833,0
2839072,17882,0
2840503,4254,1
2840503,24611,0
2840503,22355,0
2840503,12807,0
2840503,5926,0
2841182,7640,1
2841182,23419,0
2841182,1085,0
2841182,13081,0
2841182,14931,0
2841564,9865,1
2841564,22020,0
2841564,9673,0
2841564,5484,0
2841564,15029,0
2842036,7640,1
2842036,15904,0
2842036,19775,0
2842036,19917,0
2842036,11352,0
2842318,1018,1
2842318,22951,0
2842318,14727,0
2842318,26628,0
2842318,24547,0
2842774,27225,1
2842774,8918,0
2842774,2605,0
2842774,21890,0
2842774,22974,0
2844574,20691,1
2844574,20467,0
2844574,27289,0
2844574,22098,0
2844574,3509,0
2844801,14725,1
2844801,27685,0
2844801,1966,0
2844801,18636,0
2844801,21169,0
2844845,4028,1
2844845,15714,0
2844845,19899,0
2844845,14975,0
2844845,27199,0
2845882,4028,1
2845882,6984,0
2845882,2453,0
2845882,13469,0
2845882,10273,0
2846434,5977,1
2846434,6520,0
2846434,16050,0
2846434,5774,0
2846434,4597,0
2846437,20612,1
2846437,26414,0
2846437,1076,0
2846437,23345,0
2846437,16756,0
2846695,23278,1
2846695,15581,0
2846695,24422,0
2846695,16529,0
2846695,9201,0
2846816,2969,1
2846816,11647,0
2846816,6038,0
2846816,13410,0
2846816,26538,0
2848826,3591,1
2848826,9905,0
2848826,17394,0
2848826,26587,0
2848826,21632,0
2849555,8205,1
2849555,21338,0
2849555,11377,0
2849555,2233,0
2849555,26184,0
2849716,18719,1
2849716,2060,0
2849716,15032,0
2849716,28121,0
2849716,7796,0
2851368,15501,1
2851368,9978,0
2851368,5612,0
2851368,5872,0
2851368,27029,0
2851984,18156,1
2851984,155,0
2851984,1085,0
2851984,21809,0
2851984,5840,0
2851992,9986,1
2851992,7371,0
2851992,1186,0
2851992,21287,0
2851992,18382,0
2853334,4806,1
2853334,24150,0
2853334,4281,0
2853334,4764,0
2853334,22570,0
2854869,3481,1
2854869,8508,0
2854869,4266,0
2854869,5800,0
2854869,6721,0
2854889,12409,1
2854889,9394,0
2854889,19703,0
2854889,7263,0
2854889,3413,0
2855055,27257,1
2855055,11510,0
2855055,11416,0
2855055,160,0
2855055,13136,0
2855473,20568,1
2855473,20919,0
2855473,7496,0
2855473,26554,0
2855473,7840,0
2855811,990,1
2855811,20970,0
2855811,3680,0
2855811,12962,0
2855811,18461,0
2856167,11335,1
2856167,2091,0
2856167,24445,0
2856167,27299,0
2856167,16707,0
2856756,2447,1
2856756,19912,0
2856756,22460,0
2856756,22182,0
2856756,22641,0
2856821,2814,1
2856821,2516,0
2856821,10610,0
2856821,12086,0
2856821,19232,0
2857549,4167,1
2857549,303,0
2857549,6722,0
2857549,26738,0
2857549,297,0
2859166,13130,1
2859166,3294,0
2859166,7261,0
2859166,2419,0
2859166,12295,0
2859955,16846,1
2859955,26094,0
2859955,10758,0
2859955,10343,0
2859955,23969,0
2863585,8060,1
2863585,26790,0
2863585,2598,0
2863585,16871,0
2863585,13801,0
2864164,20760,1
2864164,12470,0
2864164,5587,0
2864164,24540,0
2864164,4985,0
2865985,16809,1
2865985,11600,0
2865985,21694,0
2865985,9171,0
2865985,3880,0
2866436,14314,1
2866436,866,0
2866436,5553,0
2866436,24142,0
2866436,3238,0
2866443,263,1
2866443,2833,0
2866443,17760,0
2866443,17069,0
2866443,981,0
2867515,13944,1
2867515,15887,0
2867515,4861,0
2867515,26074,0
2867515,19029,0
2867782,2447,1
2867782,1986,0
2867782,880,0
2867782,21595,0
2867782,16765,0
2868832,27795,1
2868832,8950,0
2868832,5506,0
2868832,4976,0
2868832,13069,0
2869031,11446,1
2869031,17062,0
2869031,150,0
2869031,26532,0
2869031,2134,0
2869233,4605,1
2869233,1500,0
2869233,18929,0
2869233,4985,0
2869233,4168,0
2869648,8448,1
2869648,16229,0
2869648,2310,0
2869648,14766,0
2869648,26968,0
2869997,14927,1
2869997,24829,0
2869997,9127,0
2869997,13218,0
2869997,17773,0
2871397,18156,1
2871397,19739,0
2871397,27794,0
2871397,16205,0
2871397,21283,0
2872636,26674,1
2872636,27295,0
2872636,23408,0
2872636,7741,0
2872636,15278,0
2872733,17089,1
2872733,9301,0
2872733,6235,0
2872733,2447,0
2872733,11315,0
2872985,11335,1
2872985,8356,0
2872985,19256,0
2872985,17351,0
2872985,27828,0
2873162,22393,1
2873162,3818,0
2873162,25601,0
2873162,10609,0
2873162,19279,0
2873216,18156,1
2873216,26853,0
2873216,27823,0
2873216,22797,0
2873216,22974,0
2873666,16631,1
2873666,25809,0
2873666,13988,0
2873666,3407,0
2873666,24150,0
2875026,18626,1
2875026,13949,0
2875026,15386,0
2875026,8684,0
2875026,20808,0
2875133,5881,1
2875133,347,0
2875133,12104,0
2875133,23883,0
2875133,1447,0
2876076,2991,1
2876076,891,0
2876076,22612,0
2876076,7311,0
2876076,26816,0
2877812,16631,1
2877812,25168,0
2877812,21936,0
2877812,10026,0
2877812,9046,0
2878662,8060,1
2878662,8288,0
2878662,23288,0
2878662,8700,0
2878662,3836,0
2878672,1877,1
2878672,8348,0
2878672,6113,0
2878672,4565,0
2878672,539,0
2878825,15029,1
2878825,1238,0
2878825,6722,0
2878825,12394,0
2878825,22626,0
2879102,1954,1
2879102,20633,0
2879102,1668,0
2879102,21257,0
2879102,8024,0
2880445,15501,1
2880445,8790,0
2880445,18286,0
2880445,9588,0
2880445,27300,0
2882828,18626,1
2882828,19515,0
2882828,13873,0
2882828,2121,0
2882828,16879,0
2884458,3931,1
2884458,5951,0
2884458,12297,0
2884458,13924,0
2884458,18161,0
2884804,9663,1
2884804,23116,0
2884804,4806,0
2884804,20711,0
2884804,18270,0
2885360,15403,1
2885360,16536,0
2885360,18657,0
2885360,26826,0
2885360,22706,0
2885779,9184,1
2885779,11315,0
2885779,28003,0
2885779,19372,0
2885779,17970,0
2886113,7152,1
2886113,26474,0
2886113,1553,0
2886113,24619,0
2886113,9570,0
2886456,27613,1
2886456,21944,0
2886456,1811,0
2886456,11169,0
2886456,2822,0
2887405,19895,1
2887405,20917,0
2887405,24681,0
2887405,9797,0
2887405,1516,0
2888086,18156,1
2888086,12983,0
2888086,11894,0
2888086,19393,0
2888086,15962,0
2888088,27768,1
2888088,6411,0
2888088,2780,0
2888088,3335,0
2888088,17552,0
2888190,9804,1
2888190,4319,0
2888190,2997,0
2888190,10300,0
2888190,3915,0
2888290,24466,1
2888290,1147,0
2888290,25069,0
2888290,9516,0
2888290,16689,0
2889589,8575,1
2889589,20544,0
2889589,6649,0
2889589,22898,0
2889589,340,0
2890070,11923,1
2890070,354,0
2890070,8285,0
2890070,15140,0
2890070,22704,0
2890719,27613,1
2890719,15445,0
2890719,1348,0
2890719,12913,0
2890719,10731,0
2892155,4028,1
2892155,13940,0
2892155,6691,0
2892155,5310,0
2892155,22472,0
2894972,17089,1
2894972,13940,0
2894972,11719,0
2894972,21383,0
2894972,25401,0
2895218,8622,1
2895218,3644,0
2895218,7042,0
2895218,27225,0
2895218,8060,0
2895277,21930,1
2895277,8383,0
2895277,13052,0
2895277,4171,0
2895277,18695,0
2897126,25299,1
2897126,18256,0
2897126,15009,0
2897126,5338,0
2897126,19036,0
2897260,9706,1
2897260,15127,0
2897260,3736,0
2897260,26104,0
2897260,24693,0
2897814,14454,1
2897814,18335,0
2897814,26175,0
2897814,19203,0
2897814,1374,0
2897954,18156,1
2897954,26884,0
2897954,27794,0
2897954,8918,0
2897954,22858,0
2898677,7640,1
2898677,2605,0
2898677,21706,0
2898677,15446,0
2898677,4242,0
2900093,5106,1
2900093,19800,0
2900093,959,0
2900093,23180,0
2900093,5359,0
2900867,8060,1
2900867,19204,0
2900867,5840,0
2900867,5943,0
2900867,13081,0
2903293,2850,1
2903293,6292,0
2903293,25226,0
2903293,22748,0
2903293,1719,0
2903507,17089,1
2903507,27527,0
2903507,2695,0
2903507,28003,0
2903507,11887,0
2904022,10474,1
2904022,26207,0
2904022,13763,0
2904022,27251,0
2904022,25367,0
2905692,21625,1
2905692,6573,0
2905692,24616,0
2905692,23250,0
2905692,20129,0
2906404,11923,1
2906404,15246,0
2906404,13969,0
2906404,19897,0
2906404,14668,0
2906643,12603,1
2906643,11530,0
2906643,2762,0
2906643,1150,0
2906643,16576,0
2907401,2447,1
2907401,22302,0
2907401,11315,0
2907401,5036,0
2907401,27613,0
2907724,16262,1
2907724,17161,0
2907724,16190,0
2907724,23032,0
2907724,22220,0
2908860,2479,1
2908860,26428,0
2908860,17431,0
2908860,13714,0
2908860,1443,0
2912555,9914,1
2912555,20474,0
2912555,6254,0
2912555,14509,0
2912555,19054,0
2912614,9580,1
2912614,20117,0
2912614,26853,0
2912614,15298,0
2912614,21902,0
2912709,5693,1
2912709,24230,0
2912709,24400,0
2912709,13020,0
2912709,1928,0
2913411,13987,1
2913411,18117,0
2913411,20917,0
2913411,18604,0
2913411,2168,0
2913892,8060,1
2913892,21162,0
2913892,23713,0
2913892,4748,0
2913892,26642,0
2915862,11384,1
2915862,2839,0
2915862,22394,0
2915862,15264,0
2915862,26093,0
2917966,6856,1
2917966,22635,0
2917966,9287,0
2917966,21543,0
2917966,13261,0
2918714,13085,1
2918714,19985,0
2918714,26424,0
2918714,26713,0
2918714,265,0
2919532,7963,1
2919532,13897,0
2919532,21890,0
2919532,10291,0
2919532,23036,0
2920182,14959,1
2920182,1877,0
2920182,13285,0
2920182,12211,0
2920182,7243,0
2920192,6850,1
2920192,14871,0
2920192,23454,0
2920192,18225,0
2920192,12052,0
2921600,2173,1
2921600,16635,0
2921600,11247,0
2921600,6685,0
2921600,25021,0
2921987,8060,1
2921987,11513,0
2921987,3591,0
2921987,13015,0
2921987,24762,0
2922829,3272,1
2922829,24167,0
2922829,10495,0
2922829,19349,0
2922829,12980,0
2923084,4064,1
2923084,8789,0
2923084,2507,0
2923084,8588,0
2923084,713,0
2923526,3736,1
2923526,20399,0
2923526,14300,0
2923526,6353,0
2923526,11379,0
2925033,4167,1
2925033,4200,0
2925033,24887,0
2925033,13416,0
2925033,3278,0
2926315,24671,1
2926315,25428,0
2926315,27799,0
2926315,5344,0
2926315,20736,0
2928678,8060,1
2928678,100,0
2928678,1542,0
2928678,9931,0
2928678,8121,0
2930710,18156,1
2930710,12906,0
2930710,26884,0
2930710,27794,0
2930710,16991,0
2932225,20147,1
2932225,20362,0
2932225,18003,0
2932225,12696,0
2932225,15609,0
2933134,18156,1
2933134,2015,0
2933134,19393,0
2933134,21706,0
2933134,19917,0
2933350,18156,1
2933350,15506,0
2933350,3709,0
2933350,826,0
2933350,390,0
2933855,23088,1
2933855,22682,0
2933855,27695,0
2933855,26249,0
2933855,21162,0
2934152,4392,1
2934152,14698,0
2934152,20007,0
2934152,22485,0
2934152,23981,0
2935282,27768,1
2935282,20027,0
2935282,697,0
2935282,27028,0
2935282,25929,0
2935724,18156,1
2935724,18240,0
2935724,7640,0
2935724,12885,0
2935724,21706,0
2935913,800,1
2935913,17959,0
2935913,9772,0
2935913,2541,0
2935913,9586,0
2936043,15501,1
2936043,2336,0
2936043,12301,0
2936043,593,0
2936043,26496,0
2936216,10852,1
2936216,13756,0
2936216,4468,0
2936216,15740,0
2936216,333,0
2936748,10398,1
2936748,6744,0
2936748,16016,0
2936748,6289,0
2936748,16624,0
2936792,2358,1
2936792,17740,0
2936792,19554,0
2936792,7572,0
2936792,21467,0
2937163,10228,1
2937163,20204,0
2937163,6306,0
2937163,17496,0
2937163,1750,0
2937953,7640,1
2937953,10979,0
2937953,12885,0
2937953,23419,0
2937953,27695,0
2938533,5006,1
2938533,207,0
2938533,14311,0
2938533,6721,0
2938533,23909,0
2939395,8622,1
2939395,18320,0
2939395,25855,0
2939395,7640,0
2939395,5439,0
2939463,800,1
2939463,9534,0
2939463,17942,0
2939463,21802,0
2939463,7763,0
2941498,19607,1
2941498,10971,0
2941498,10549,0
2941498,3677,0
2941498,5389,0
2943251,26592,1
2943251,24648,0
2943251,18004,0
2943251,2676,0
2943251,21720,0
2943999,18218,1
2943999,12879,0
2943999,23175,0
2943999,2564,0
2943999,27868,0
2944082,10052,1
2944082,24291,0
2944082,15638,0
2944082,7059,0
2944082,14267,0
2945583,5870,1
2945583,18111,0
2945583,5524,0
2945583,1564,0
2945583,545,0
2945802,18156,1
2945802,27225,0
2945802,8248,0
2945802,4242,0
2945802,2506,0
2945956,5295,1
2945956,24723,0
2945956,11906,0
2945956,2668,0
2945956,9572,0
2946368,5579,1
2946368,9563,0
2946368,9948,0
2946368,8368,0
2946368,17773,0
2946372,7327,1
2946372,24671,0
2946372,19454,0
2946372,12146,0
2946372,21544,0
2947468,17693,1
2947468,7838,0
2947468,23860,0
2947468,1623,0
2947468,1857,0
2947732,1018,1
2947732,20366,0
2947732,19912,0
2947732,4989,0
2947732,16731,0
2949414,18626,1
2949414,3561,0
2949414,24842,0
2949414,4235,0
2949414,25755,0
2949701,26044,1
2949701,26512,0
2949701,6829,0
2949701,18035,0
2949701,18979,0
2950107,6158,1
2950107,25971,0
2950107,6885,0
2950107,3283,0
2950107,13437,0
2950485,1992,1
2950485,22896,0
2950485,11853,0
2950485,26303,0
2950485,26367,0
2950525,9184,1
2950525,23245,0
2950525,8514,0
2950525,20307,0
2950525,513,0
2951144,13787,1
2951144,606,0
2951144,5415,0
2951144,5006,0
2951144,7958,0
2951363,18156,1
2951363,14529,0
2951363,18492,0
2951363,3591,0
2951363,3654,0
2951670,18361,1
2951670,11987,0
2951670,27014,0
2951670,1846,0
2951670,6885,0
2952550,25467,1
2952550,25031,0
2952550,17105,0
2952550,9521,0
2952550,17020,0
2953321,5006,1
2953321,12817,0
2953321,16758,0
2953321,17188,0
2953321,23909,0
2955027,10026,1
2955027,3450,0
2955027,24550,0
2955027,2863,0
2955027,14189,0
2955534,18156,1
2955534,8622,0
2955534,15506,0
2955534,13933,0
2955534,19739,0
2956703,18156,1
2956703,6674,0
2956703,12527,0
2956703,16765,0
2956703,992,0
2959877,8060,1
2959877,25247,0
2959877,1598,0
2959877,21766,0
2959877,23088,0
2960139,15501,1
2960139,17027,0
2960139,174,0
2960139,2205,0
2960139,914,0
2960435,3154,1
2960435,15386,0
2960435,5875,0
2960435,17312,0
2960435,231,0
2960785,18156,1
2960785,8362,0
2960785,5972,0
2960785,8918,0
2960785,3709,0
2961701,27613,1
2961701,26172,0
2961701,16888,0
2961701,6817,0
2961701,20309,0
2962633,11240,1
2962633,4772,0
2962633,16114,0
2962633,11934,0
2962633,20263,0
2963331,23088,1
2963331,3856,0
2963331,27455,0
2963331,15140,0
2963331,8288,0
2964648,999,1
2964648,3550,0
2964648,24032,0
2964648,18495,0
2964648,19946,0
2964948,8959,1
2964948,2778,0
2964948,23573,0
2964948,7530,0
2964948,4082,0
2965935,11975,1
2965935,13759,0
2965935,24526,0
2965935,16020,0
2965935,14324,0
2966925,3697,1
2966925,11301,0
2966925,8205,0
2966925,11210,0
2966925,19843,0
2967344,8060,1
2967344,4123,0
2967344,8622,0
2967344,25982,0
2967344,17676,0
2967356,15055,1
2967356,4899,0
2967356,27028,0
2967356,7704,0
2967356,20705,0
2969593,8060,1
2969593,16560,0
2969593,508,0
2969593,25155,0
2969593,911,0
2971261,17089,1
2971261,16909,0
2971261,1348,0
2971261,14820,0
2971261,2688,0
2971315,7640,1
2971315,13996,0
2971315,12983,0
2971315,2506,0
2971315,14432,0
2972475,4028,1
2972475,12829,0
2972475,12615,0
2972475,7193,0
2972475,11719,0
2972940,10126,1
2972940,3862,0
2972940,14330,0
2972940,9128,0
2972940,14174,0
2973263,5622,1
2973263,6832,0
2973263,17466,0
2973263,19424,0
2973263,17309,0
2973817,2447,1
2973817,2527,0
2973817,11315,0
2973817,3549,0
2973817,12749,0
2973867,8060,1
2973867,14159,0
2973867,14727,0
2973867,9627,0
2973867,26628,0
2975599,21107,1
2975599,15698,0
2975599,9737,0
2975599,20360,0
2975599,6447,0
2976146,15501,1
2976146,25591,0
2976146,23488,0
2976146,18265,0
2976146,604,0
2976273,26083,1
2976273,27861,0
2976273,1668,0
2976273,13719,0
2976273,23084,0
2976338,26853,1
2976338,20303,0
2976338,21693,0
2976338,11996,0
2976338,7348,0
2976547,9184,1
2976547,22395,0
2976547,1609,0
2976547,19044,0
2976547,14479,0
2978202,3481,1
2978202,10125,0
2978202,17202,0
2978202,2944,0
2978202,7450,0
2978607,18953,1
2978607,8232,0
2978607,25901,0
2978607,21112,0
2978607,22919,0
2981060,17452,1
2981060,16120,0
2981060,14314,0
2981060,7858,0
2981060,23139,0
2981524,23116,1
2981524,14465,0
2981524,5960,0
2981524,13481,0
2981524,7176,0
2983959,7192,1
2983959,27379,0
2983959,23753,0
2983959,23269,0
2983959,21777,0
2984151,12555,1
2984151,25777,0
2984151,8009,0
2984151,17650,0
2984151,22724,0
2986616,27198,1
2986616,15902,0
2986616,2027,0
2986616,8413,0
2986616,6467,0
2990079,8060,1
2990079,508,0
2990079,25982,0
2990079,26472,0
2990079,911,0
2990687,18953,1
2990687,4132,0
2990687,20668,0
2990687,25376,0
2990687,3272,0
2992937,8060,1
2992937,8457,0
2992937,1081,0
2992937,16701,0
2992937,6891,0
2993174,26897,1
2993174,6870,0
2993174,26183,0
2993174,1318,0
2993174,20618,0
2993834,18953,1
2993834,8232,0
2993834,1943,0
2993834,1694,0
2993834,15047,0
2994296,18156,1
2994296,15904,0
2994296,17217,0
2994296,13660,0
2994296,10979,0
2994415,1750,1
2994415,25449,0
2994415,20855,0
2994415,24916,0
2994415,13559,0
2994827,21738,1
2994827,15910,0
2994827,16658,0
2994827,7661,0
2994827,15172,0
2996843,8455,1
2996843,6890,0
2996843,20892,0
2996843,15326,0
2996843,23084,0
2998729,18626,1
2998729,24986,0
2998729,2121,0
2998729,399,0
2998729,19427,0
2998740,9454,1
2998740,16224,0
2998740,7797,0
2998740,26767,0
2998740,11517,0
3000112,5612,1
3000112,17251,0
3000112,19828,0
3000112,22098,0
3000112,19090,0
3001329,1317,1
3001329,22182,0
3001329,26808,0
3001329,22469,0
3001329,6640,0
3002904,3914,1
3002904,430,0
3002904,13080,0
3002904,1718,0
3002904,17138,0
3003496,26956,1
3003496,13316,0
3003496,12672,0
3003496,15699,0
3003496,1948,0
3005564,15426,1
3005564,17398,0
3005564,11335,0
3005564,25735,0
3005564,19943,0
3006714,23952,1
3006714,12130,0
3006714,17014,0
3006714,15257,0
3006714,6285,0
3010108,20933,1
3010108,22160,0
3010108,16200,0
3010108,23886,0
3010108,10360,0
3012974,27192,1
3012974,17459,0
3012974,16429,0
3012974,20143,0
3012974,2036,0
3013021,14699,1
3013021,18323,0
3013021,15180,0
3013021,3413,0
3013021,5473,0
3013276,26249,1
3013276,4397,0
3013276,944,0
3013276,7558,0
3013276,16172,0
3013476,15903,1
3013476,24032,0
3013476,19514,0
3013476,1850,0
3013476,11002,0
3014953,18156,1
3014953,4401,0
3014953,8679,0
3014953,14529,0
3014953,19669,0
3015373,19945,1
3015373,15389,0
3015373,27557,0
3015373,12845,0
3015373,17408,0
3015844,24051,1
3015844,21838,0
3015844,9750,0
3015844,17140,0
3015844,13332,0
3017363,5106,1
3017363,2514,0
3017363,23180,0
3017363,22291,0
3017363,27685,0
3019042,8060,1
3019042,1343,0
3019042,8121,0
3019042,14869,0
3019042,3334,0
3020969,21451,1
3020969,4150,0
3020969,24719,0
3020969,2590,0
3020969,1618,0
3024640,5407,1
3024640,23504,0
3024640,15139,0
3024640,12387,0
3024640,19014,0
3024779,24243,1
3024779,8620,0
3024779,20640,0
3024779,25901,0
3024779,12484,0
3025481,2814,1
3025481,4981,0
3025481,26291,0
3025481,13942,0
3025481,1811,0
3026699,8060,1
3026699,23713,0
3026699,22886,0
3026699,8700,0
3026699,9842,0
3026723,18936,1
3026723,5511,0
3026723,3361,0
3026723,27283,0
3026723,24032,0
3026879,17113,1
3026879,5990,0
3026879,23407,0
3026879,19410,0
3026879,24785,0
3028579,2730,1
3028579,23309,0
3028579,10382,0
3028579,21290,0
3028579,7303,0
3029474,19195,1
3029474,1186,0
3029474,17875,0
3029474,14535,0
3029474,16439,0
3031379,9936,1
3031379,15266,0
3031379,12282,0
3031379,18283,0
3031379,17911,0
3031706,12555,1
3031706,11955,0
3031706,12684,0
3031706,27861,0
3031706,15699,0
3031820,23789,1
3031820,8806,0
3031820,22623,0
3031820,24829,0
3031820,19655,0
3032868,23088,1
3032868,9510,0
3032868,10587,0
3032868,27375,0
3032868,23713,0
3033865,26699,1
3033865,17585,0
3033865,13568,0
3033865,25083,0
3033865,25177,0
3034054,18705,1
3034054,5004,0
3034054,18333,0
3034054,11510,0
3034054,20030,0
3034475,6850,1
3034475,20204,0
3034475,12120,0
3034475,11228,0
3034475,21994,0
3034676,11528,1
3034676,21224,0
3034676,26651,0
3034676,27009,0
3034676,20903,0
3035307,18156,1
3035307,5439,0
3035307,8918,0
3035307,27794,0
3035307,18320,0
3035480,19409,1
3035480,1021,0
3035480,9193,0
3035480,20691,0
3035480,9796,0
3035847,4028,1
3035847,13660,0
3035847,23875,0
3035847,8469,0
3035847,25589,0
3038554,6251,1
3038554,1105,0
3038554,2444,0
3038554,15036,0
3038554,13987,0
3039476,5870,1
3039476,14725,0
3039476,19642,0
3039476,19445,0
3039476,24230,0
3039569,20417,1
3039569,6867,0
3039569,18697,0
3039569,25158,0
3039569,19711,0
3040582,26083,1
3040582,23103,0
3040582,7642,0
3040582,6964,0
3040582,7356,0
3041044,5441,1
3041044,22532,0
3041044,17894,0
3041044,6721,0
3041044,8983,0
3041342,12317,1
3041342,17382,0
3041342,6721,0
3041342,1127,0
3041342,12735,0
3041506,23819,1
3041506,7401,0
3041506,26487,0
3041506,22955,0
3041506,12473,0
3042317,12260,1
3042317,21695,0
3042317,27679,0
3042317,2887,0
3042317,4145,0
3043149,14556,1
3043149,6278,0
3043149,18773,0
3043149,1877,0
3043149,14545,0
3043648,7483,1
3043648,27158,0
3043648,17452,0
3043648,17229,0
3043648,15800,0
3046673,18947,1
3046673,7017,0
3046673,22087,0
3046673,14912,0
3046673,15724,0
3046751,4611,1
3046751,16771,0
3046751,882,0
3046751,26914,0
3046751,27844,0
3046877,7640,1
3046877,27794,0
3046877,16205,0
3046877,18523,0
3046877,19912,0
3047554,8455,1
3047554,17746,0
3047554,16900,0
3047554,17935,0
3047554,7080,0
3048954,27665,1
3048954,2560,0
3048954,22359,0
3048954,8462,0
3048954,25676,0
3048970,26083,1
3048970,10285,0
3048970,8371,0
3048970,788,0
3048970,10971,0
3052309,9744,1
3052309,534,0
3052309,11255,0
3052309,18188,0
3052309,10791,0
3052448,26249,1
3052448,19217,0
3052448,20437,0
3052448,22832,0
3052448,14565,0
3053964,3679,1
3053964,15779,0
3053964,13077,0
3053964,7855,0
3053964,5490,0
3054371,11175,1
3054371,13749,0
3054371,14945,0
3054371,20512,0
3054371,18650,0
3054607,15501,1
3054607,22608,0
3054607,46,0
3054607,21695,0
3054607,13269,0
3054874,4979,1
3054874,14493,0
3054874,11892,0
3054874,4619,0
3054874,11747,0
3056354,22167,1
3056354,14709,0
3056354,16706,0
3056354,5377,0
3056354,18178,0
3056595,27613,1
3056595,26172,0
3056595,10641,0
3056595,7011,0
3056595,17814,0
3057693,14004,1
3057693,19750,0
3057693,20156,0
3057693,2599,0
3057693,9308,0
3059167,13098,1
3059167,23502,0
3059167,26662,0
3059167,18529,0
3059167,14181,0
3062076,4013,1
3062076,18627,0
3062076,13279,0
3062076,3865,0
3062076,20484,0
3062688,8060,1
3062688,835,0
3062688,7640,0
3062688,27455,0
3062688,4243,0
3063289,18947,1
3063289,16058,0
3063289,7496,0
3063289,14911,0
3063289,23459,0
3063633,4075,1
3063633,22205,0
3063633,24276,0
3063633,19126,0
3063633,7980,0
3063654,1644,1
3063654,20635,0
3063654,13897,0
3063654,23179,0
3063654,17255,0
3064631,27754,1
3064631,3330,0
3064631,14342,0
3064631,11854,0
3064631,20055,0
3065933,15140,1
3065933,20366,0
3065933,27199,0
3065933,8285,0
3065933,22182,0
3066036,8060,1
3066036,13081,0
3066036,9627,0
3066036,217,0
3066036,6363,0
3066101,15317,1
3066101,1488,0
3066101,9579,0
3066101,3164,0
3066101,11756,0
3066571,23088,1
3066571,1059,0
3066571,447,0
3066571,19657,0
3066571,10294,0
3066782,24098,1
3066782,25955,0
3066782,1811,0
3066782,25991,0
3066782,7091,0
3067068,4028,1
3067068,26853,0
3067068,19768,0
3067068,15140,0
3067068,15294,0
3073905,2525,1
3073905,15781,0
3073905,14074,0
3073905,5110,0
3073905,17214,0
3075237,6589,1
3075237,7480,0
3075237,15816,0
3075237,3363,0
3075237,1903,0
3076353,8060,1
3076353,4338,0
3076353,25007,0
3076353,20290,0
3076353,3591,0
3077131,8622,1
3077131,25007,0
3077131,8918,0
3077131,27199,0
3077131,18240,0
3077900,1373,1
3077900,19944,0
3077900,22476,0
3077900,23689,0
3077900,27509,0
3079857,18626,1
3079857,5639,0
3079857,6931,0
3079857,452,0
3079857,19585,0
3079877,8132,1
3079877,14931,0
3079877,568,0
3079877,18432,0
3079877,12827,0
3080739,678,1
3080739,23555,0
3080739,15286,0
3080739,27453,0
3080739,16192,0
3081588,18156,1
3081588,25855,0
3081588,12983,0
3081588,8918,0
3081588,26322,0
3081749,27500,1
3081749,3678,0
3081749,10939,0
3081749,12415,0
3081749,7203,0
3082585,21451,1
3082585,13238,0
3082585,3467,0
3082585,10782,0
3082585,19017,0
3083257,25821,1
3083257,27057,0
3083257,25513,0
3083257,4565,0
3083257,15587,0
3084144,18798,1
3084144,2482,0
3084144,125,0
3084144,27627,0
3084144,9206,0
3084647,8060,1
3084647,1809,0
3084647,421,0
3084647,18699,0
3084647,508,0
3084840,4405,1
3084840,10415,0
3084840,6653,0
3084840,2440,0
3084840,8072,0
3084981,17793,1
3084981,9831,0
3084981,18025,0
3084981,4636,0
3084981,18592,0
3085135,18626,1
3085135,12228,0
3085135,18719,0
3085135,3306,0
3085135,15386,0
3085632,13144,1
3085632,9248,0
3085632,9206,0
3085632,3275,0
3085632,6787,0
3086033,167,1
3086033,28115,0
3086033,19085,0
3086033,5946,0
3086033,3311,0
3090124,27831,1
3090124,22287,0
3090124,18222,0
3090124,25105,0
3090124,20726,0
3092479,6721,1
3092479,6920,0
3092479,17281,0
3092479,1764,0
3092479,4371,0
3092967,10390,1
3092967,11863,0
3092967,948,0
3092967,9873,0
3092967,22311,0
3095001,13363,1
3095001,15426,0
3095001,1668,0
3095001,12302,0
3095001,13438,0
3095596,18947,1
3095596,13688,0
3095596,22853,0
3095596,24630,0
3095596,4266,0
3097319,2814,1
3097319,16765,0
3097319,992,0
3097319,21944,0
3097319,19372,0
3098091,17417,1
3098091,10062,0
3098091,24291,0
3098091,15658,0
3098091,23918,0
3098840,2499,1
3098840,5163,0
3098840,307,0
3098840,25019,0
3098840,12136,0
3099196,8825,1
3099196,17298,0
3099196,18183,0
3099196,16190,0
3099196,12282,0
3100806,3883,1
3100806,18972,0
3100806,16631,0
3100806,697,0
3100806,23493,0
3101025,22273,1
3101025,5612,0
3101025,3392,0
3101025,10870,0
3101025,20075,0
3101399,5106,1
3101399,18593,0
3101399,20762,0
3101399,12499,0
3101399,18016,0
3101745,26405,1
3101745,9751,0
3101745,4162,0
3101745,11775,0
3101745,3683,0
3101820,2008,1
3101820,25963,0
3101820,9926,0
3101820,16127,0
3101820,26512,0
3102336,27754,1
3102336,10701,0
3102336,6391,0
3102336,25252,0
3102336,5661,0
3102944,5075,1
3102944,14830,0
3102944,7500,0
3102944,26178,0
3102944,17182,0
3103458,11975,1
3103458,16361,0
3103458,14957,0
3103458,5226,0
3103458,11934,0
3103583,18156,1
3103583,2273,0
3103583,19327,0
3103583,13922,0
3103583,11742,0
3103799,4064,1
3103799,16742,0
3103799,18922,0
3103799,23604,0
3103799,19108,0
3105907,8826,1
3105907,27923,0
3105907,15332,0
3105907,12899,0
3105907,24990,0
3106170,8060,1
3106170,2870,0
3106170,9184,0
3106170,15246,0
3106170,1811,0
3108240,23088,1
3108240,25451,0
3108240,21706,0
3108240,19657,0
3108240,13081,0
3109666,7018,1
3109666,4132,0
3109666,347,0
3109666,20194,0
3109666,10848,0
3109996,17452,1
3109996,18342,0
3109996,19373,0
3109996,14614,0
3109996,24065,0
3110088,13078,1
3110088,9953,0
3110088,26477,0
3110088,8345,0
3110088,21605,0
3110338,26853,1
3110338,826,0
3110338,2506,0
3110338,8918,0
3110338,13081,0
3110434,26328,1
3110434,7152,0
3110434,9443,0
3110434,18855,0
3110434,12348,0
3110547,10782,1
3110547,27907,0
3110547,16342,0
3110547,20495,0
3110547,19201,0
3112019,1644,1
3112019,25589,0
3112019,22719,0
3112019,11240,0
3112019,8773,0
3112038,434,1
3112038,18205,0
3112038,12044,0
3112038,11896,0
3112038,4530,0
3113482,26853,1
3113482,15202,0
3113482,22447,0
3113482,26958,0
3113482,21691,0
3113956,2447,1
3113956,18719,0
3113956,11315,0
3113956,12427,0
3113956,2969,0
3116141,18953,1
3116141,11043,0
3116141,20521,0
3116141,13854,0
3116141,2515,0
3116510,8060,1
3116510,11060,0
3116510,3334,0
3116510,217,0
3116510,6339,0
3117836,4028,1
3117836,15777,0
3117836,1358,0
3117836,7539,0
3117836,27555,0
3117884,23088,1
3117884,8288,0
3117884,8119,0
3117884,23301,0
3117884,3659,0
3118953,26077,1
3118953,19716,0
3118953,16635,0
3118953,16872,0
3118953,21356,0
3119688,8060,1
3119688,26384,0
3119688,2218,0
3119688,27321,0
3119688,10923,0
3120371,5367,1
3120371,26322,0
3120371,23393,0
3120371,21706,0
3120371,19775,0
3121943,7963,1
3121943,13897,0
3121943,2605,0
3121943,23013,0
3121943,22886,0
3122010,8060,1
3122010,911,0
3122010,21890,0
3122010,26628,0
3122010,16130,0
3122905,4806,1
3122905,8973,0
3122905,23724,0
3122905,5195,0
3122905,566,0
3123035,2217,1
3123035,13550,0
3123035,17773,0
3123035,27333,0
3123035,20958,0
3124364,18947,1
3124364,23267,0
3124364,24266,0
3124364,4861,0
3124364,12325,0
3124398,16476,1
3124398,24785,0
3124398,13965,0
3124398,13614,0
3124398,2911,0
3124935,28065,1
3124935,17811,0
3124935,15286,0
3124935,3139,0
3124935,16592,0
3125488,12946,1
3125488,20658,0
3125488,15205,0
3125488,10052,0
3125488,18256,0
3127124,8060,1
3127124,25870,0
3127124,10479,0
3127124,11191,0
3127124,15140,0
3127797,11053,1
3127797,24964,0
3127797,3163,0
3127797,3654,0
3127797,24008,0
3128141,2083,1
3128141,7912,0
3128141,13286,0
3128141,18853,0
3128141,12857,0
3129687,2814,1
3129687,11315,0
3129687,26958,0
3129687,13321,0
3129687,11742,0
3130051,5203,1
3130051,21606,0
3130051,3357,0
3130051,11980,0
3130051,13054,0
3131240,12946,1
3131240,19114,0
3131240,15545,0
3131240,19342,0
3131240,15831,0
3132568,4028,1
3132568,13081,0
3132568,7177,0
3132568,15140,0
3132568,10324,0
3132726,10870,1
3132726,1214,0
3132726,12353,0
3132726,26636,0
3132726,21454,0
3134016,22025,1
3134016,8275,0
3134016,667,0
3134016,24633,0
3134016,19036,0
3134174,21578,1
3134174,9254,0
3134174,13717,0
3134174,3637,0
3134174,1561,0
3134880,18953,1
3134880,9832,0
3134880,6070,0
3134880,6158,0
3134880,25376,0
3135649,18156,1
3135649,18208,0
3135649,19775,0
3135649,15249,0
3135649,12615,0
3137463,26836,1
3137463,2911,0
3137463,19020,0
3137463,9368,0
3137463,10258,0
3138660,26156,1
3138660,14639,0
3138660,24291,0
3138660,25042,0
3138660,11211,0
3138722,5846,1
3138722,8610,0
3138722,24319,0
3138722,13222,0
3138722,8373,0
3139192,13922,1
3139192,1430,0
3139192,13081,0
3139192,1873,0
3139192,11990,0
3139756,13922,1
3139756,21802,0
3139756,26249,0
3139756,27375,0
3139756,18755,0
3140465,13922,1
3140465,21721,0
3140465,19899,0
3140465,24973,0
3140465,3389,0
3141271,2499,1
3141271,23346,0
3141271,17371,0
3141271,5163,0
3141271,12151,0
3141425,14827,1
3141425,2251,0
3141425,21971,0
3141425,7299,0
3141425,2447,0
3141525,8060,1
3141525,26642,0
3141525,12340,0
3141525,19470,0
3141525,5422,0
3141631,6721,1
3141631,25474,0
3141631,1626,0
3141631,11357,0
3141631,21384,0
3142130,9153,1
3142130,7134,0
3142130,20670,0
3142130,14144,0
3142130,2354,0
3143695,13447,1
3143695,23593,0
3143695,10261,0
3143695,12348,0
3143695,1679,0
3144307,15033,1
3144307,5775,0
3144307,18806,0
3144307,19142,0
3144307,11266,0
3145126,23570,1
3145126,23587,0
3145126,21769,0
3145126,18748,0
3145126,21395,0
3145200,1679,1
3145200,10296,0
3145200,23120,0
3145200,1050,0
3145200,3426,0
3145673,3932,1
3145673,12203,0
3145673,23509,0
3145673,23202,0
3145673,9479,0
3145819,18156,1
3145819,5972,0
3145819,4242,0
3145819,10111,0
3145819,16991,0
3147756,2173,1
3147756,21137,0
3147756,19340,0
3147756,11222,0
3147756,13285,0
3148775,25145,1
3148775,14216,0
3148775,6149,0
3148775,8157,0
3148775,10990,0
3148791,7792,1
3148791,14881,0
3148791,22070,0
3148791,7198,0
3148791,24693,0
3150315,8313,1
3150315,22826,0
3150315,20916,0
3150315,22947,0
3150315,3757,0
3151362,6786,1
3151362,1392,0
3151362,3169,0
3151362,22610,0
3151362,18650,0
3151556,2447,1
3151556,14553,0
3151556,24636,0
3151556,3438,0
3151556,17311,0
3151793,26853,1
3151793,27712,0
3151793,5439,0
3151793,18523,0
3151793,2681,0
3152905,24367,1
3152905,19880,0
3152905,25901,0
3152905,3509,0
3152905,27752,0
3153376,18388,1
3153376,14023,0
3153376,27742,0
3153376,7152,0
3153376,606,0
3153765,6529,1
3153765,9787,0
3153765,3398,0
3153765,17668,0
3153765,19114,0
3154017,6120,1
3154017,12915,0
3154017,9547,0
3154017,10552,0
3154017,13135,0
3154407,9773,1
3154407,20264,0
3154407,23526,0
3154407,3969,0
3154407,7744,0
3155751,1640,1
3155751,2405,0
3155751,445,0
3155751,13676,0
3155751,9692,0
3155986,28133,1
3155986,27005,0
3155986,11070,0
3155986,3494,0
3155986,22947,0
3156747,18156,1
3156747,8248,0
3156747,23419,0
3156747,19739,0
3156747,5310,0
3157211,27500,1
3157211,21586,0
3157211,15033,0
3157211,14683,0
3157211,15638,0
3158475,9184,1
3158475,12913,0
3158475,5747,0
3158475,9301,0
3158475,21164,0
3160271,7640,1
3160271,14549,0
3160271,2015,0
3160271,11894,0
3160271,14931,0
3160286,23852,1
3160286,11783,0
3160286,25051,0
3160286,23611,0
3160286,24459,0
3160425,6983,1
3160425,19192,0
3160425,2558,0
3160425,14420,0
3160425,25010,0
3160459,26783,1
3160459,27732,0
3160459,24522,0
3160459,15369,0
3160459,4095,0
3160827,26651,1
3160827,1977,0
3160827,25611,0
3160827,65,0
3160827,5840,0
3160914,628,1
3160914,23091,0
3160914,18838,0
3160914,9957,0
3160914,21169,0
3164205,5844,1
3164205,20934,0
3164205,3237,0
3164205,23713,0
3164205,3683,0
3164274,18156,1
3164274,8060,0
3164274,22963,0
3164274,10979,0
3164274,7042,0
3165497,18156,1
3165497,21706,0
3165497,21283,0
3165497,26719,0
3165497,5367,0
3167160,6889,1
3167160,13526,0
3167160,28115,0
3167160,14036,0
3167160,15756,0
3168363,24671,1
3168363,8668,0
3168363,26303,0
3168363,6304,0
3168363,12124,0
3169323,26853,1
3169323,15506,0
3169323,1080,0
3169323,25007,0
3169323,23393,0
3170231,434,1
3170231,27843,0
3170231,26636,0
3170231,2836,0
3170231,12423,0
3171269,9692,1
3171269,10541,0
3171269,9891,0
3171269,21176,0
3171269,5895,0
3171899,9184,1
3171899,10641,0
3171899,8514,0
3171899,513,0
3171899,19372,0
3172062,18733,1
3172062,26218,0
3172062,6956,0
3172062,8214,0
3172062,20080,0
3174225,5350,1
3174225,1485,0
3174225,14616,0
3174225,3385,0
3174225,15035,0
3174711,15266,1
3174711,24419,0
3174711,14219,0
3174711,10855,0
3174711,13881,0
3175235,21168,1
3175235,6070,0
3175235,15943,0
3175235,7512,0
3175235,25576,0
3175957,23792,1
3175957,25901,0
3175957,8959,0
3175957,8761,0
3175957,8292,0
3176458,8060,1
3176458,10291,0
3176458,2892,0
3176458,22302,0
3176458,21812,0
3176523,6998,1
3176523,12215,0
3176523,5711,0
3176523,12161,0
3176523,10261,0
3177082,23619,1
3177082,3719,0
3177082,23116,0
3177082,21928,0
3177082,16287,0
3177418,13674,1
3177418,2359,0
3177418,14181,0
3177418,15887,0
3177418,13987,0
3178602,10946,1
3178602,26778,0
3178602,14403,0
3178602,10413,0
3178602,9962,0
3178970,8157,1
3178970,13349,0
3178970,17483,0
3178970,26837,0
3178970,27541,0
3179904,27615,1
3179904,4008,0
3179904,20207,0
3179904,15968,0
3179904,14837,0
3181269,14181,1
3181269,6152,0
3181269,10314,0
3181269,8445,0
3181269,8813,0
3181360,19454,1
3181360,8410,0
3181360,21353,0
3181360,1009,0
3181360,25668,0
3182018,24921,1
3182018,205,0
3182018,5808,0
3182018,4250,0
3182018,19655,0
3182130,19985,1
3182130,2488,0
3182130,14699,0
3182130,16349,0
3182130,27768,0
3184469,18829,1
3184469,3324,0
3184469,15567,0
3184469,8296,0
3184469,18348,0
3184476,18878,1
3184476,6145,0
3184476,17580,0
3184476,24964,0
3184476,18782,0
3184939,8535,1
3184939,19655,0
3184939,10369,0
3184939,153,0
3184939,8318,0
3185119,21903,1
3185119,15761,0
3185119,17044,0
3185119,26604,0
3185119,17229,0
3185791,13084,1
3185791,12306,0
3185791,13759,0
3185791,15593,0
3185791,8117,0
3186446,9102,1
3186446,9368,0
3186446,4499,0
3186446,7405,0
3186446,28060,0
3190464,18861,1
3190464,18618,0
3190464,20395,0
3190464,16028,0
3190464,22017,0
3191207,2447,1
3191207,1486,0
3191207,8737,0
3191207,25229,0
3191207,7601,0
3191529,18626,1
3191529,21897,0
3191529,14839,0
3191529,26218,0
3191529,23637,0
3191679,11757,1
3191679,24197,0
3191679,7465,0
3191679,3905,0
3191679,14830,0
3192625,2499,1
3192625,8425,0
3192625,24595,0
3192625,16337,0
3192625,5914,0
3194130,2942,1
3194130,13620,0
3194130,23304,0
3194130,26085,0
3194130,24969,0
3196289,22167,1
3196289,20522,0
3196289,2746,0
3196289,10935,0
3196289,25224,0
3197069,8060,1
3197069,6363,0
3197069,1809,0
3197069,421,0
3197069,14461,0
3197646,15427,1
3197646,10458,0
3197646,546,0
3197646,27869,0
3197646,11013,0
3198177,6850,1
3198177,2134,0
3198177,11113,0
3198177,19641,0
3198177,15089,0
3198214,7483,1
3198214,7106,0
3198214,15523,0
3198214,19185,0
3198214,8214,0
3199163,8867,1
3199163,21859,0
3199163,21041,0
3199163,16032,0
3199163,15221,0
3199203,16429,1
3199203,27604,0
3199203,19963,0
3199203,14957,0
3199203,4188,0
3200073,21005,1
3200073,23840,0
3200073,7583,0
3200073,25135,0
3200073,2998,0
3200294,648,1
3200294,22773,0
3200294,10519,0
3200294,6324,0
3200294,26405,0
3200597,27969,1
3200597,23814,0
3200597,20414,0
3200597,7009,0
3200597,10868,0
3201079,18520,1
3201079,14392,0
3201079,12424,0
3201079,12978,0
3201079,5928,0
3205189,2847,1
3205189,18726,0
3205189,5188,0
3205189,26237,0
3205189,17144,0
3206751,7229,1
3206751,25010,0
3206751,17437,0
3206751,13457,0
3206751,21182,0
3207776,27225,1
3207776,19520,0
3207776,17217,0
3207776,3644,0
3207776,14119,0
3208536,17089,1
3208536,22302,0
3208536,1473,0
3208536,21944,0
3208536,2447,0
3208841,4679,1
3208841,27948,0
3208841,11398,0
3208841,1846,0
3208841,13186,0
3209178,9359,1
3209178,4168,0
3209178,17382,0
3209178,16223,0
3209178,26650,0
3209686,21868,1
3209686,20003,0
3209686,2027,0
3209686,4910,0
3209686,25397,0
3209965,18156,1
3209965,27695,0
3209965,21283,0
3209965,826,0
3209965,8248,0
3215372,2160,1
3215372,8394,0
3215372,10824,0
3215372,3163,0
3215372,13078,0
3216723,2606,1
3216723,12639,0
3216723,8961,0
3216723,7314,0
3216723,15264,0
3217146,18156,1
3217146,17217,0
3217146,15446,0
3217146,6081,0
3217146,3709,0
3217877,11247,1
3217877,9061,0
3217877,11950,0
3217877,10382,0
3217877,10609,0
3218479,7892,1
3218479,25559,0
3218479,22893,0
3218479,1045,0
3218479,19778,0
3219429,21578,1
3219429,7531,0
3219429,6902,0
3219429,8130,0
3219429,3988,0
3221765,23631,1
3221765,11619,0
3221765,2660,0
3221765,20361,0
3221765,11085,0
3224510,12139,1
3224510,19402,0
3224510,25993,0
3224510,16773,0
3224510,27239,0
3225257,678,1
3225257,14336,0
3225257,20521,0
3225257,18819,0
3225257,4369,0
3225386,18156,1
3225386,1811,0
3225386,21595,0
3225386,22302,0
3225386,24227,0
3226300,13922,1
3226300,27275,0
3226300,3389,0
3226300,21283,0
3226300,19768,0
3227118,17406,1
3227118,871,0
3227118,9816,0
3227118,21397,0
3227118,17757,0
3228194,2447,1
3228194,9168,0
3228194,8934,0
3228194,24149,0
3228194,2527,0
3228332,7545,1
3228332,24697,0
3228332,9633,0
3228332,7591,0
3228332,7607,0
3228872,20346,1
3228872,24633,0
3228872,21209,0
3228872,2503,0
3228872,9959,0
3229342,28133,1
3229342,16846,0
3229342,20061,0
3229342,26574,0
3229342,6059,0
3229840,5106,1
3229840,9001,0
3229840,1757,0
3229840,24496,0
3229840,1769,0
3230329,18156,1
3230329,9442,0
3230329,19775,0
3230329,13933,0
3230329,13996,0
3231056,24422,1
3231056,7525,0
3231056,16411,0
3231056,17031,0
3231056,14726,0
3232454,18156,1
3232454,19739,0
3232454,19775,0
3232454,8060,0
3232454,15962,0
3232827,10935,1
3232827,4639,0
3232827,23952,0
3232827,12320,0
3232827,6164,0
3234705,8060,1
3234705,5291,0
3234705,21618,0
3234705,13081,0
3234705,18798,0
3238478,13676,1
3238478,11542,0
3238478,13574,0
3238478,2626,0
3238478,26622,0
3240936,12945,1
3240936,16582,0
3240936,21555,0
3240936,24810,0
3240936,21454,0
3241630,4590,1
3241630,27416,0
3241630,13083,0
3241630,27636,0
3241630,10031,0
3244815,14143,1
3244815,10052,0
3244815,14653,0
3244815,27818,0
3244815,27843,0
3244828,13447,1
3244828,5301,0
3244828,14741,0
3244828,21022,0
3244828,10329,0
3245656,18156,1
3245656,5300,0
3245656,21761,0
3245656,23960,0
3245656,5560,0
3246181,2845,1
3246181,5017,0
3246181,8732,0
3246181,13189,0
3246181,10935,0
3247159,17089,1
3247159,10731,0
3247159,6235,0
3247159,880,0
3247159,21944,0
3250510,23088,1
3250510,25007,0
3250510,8119,0
3250510,8060,0
3250510,5840,0
3251447,18626,1
3251447,19398,0
3251447,800,0
3251447,526,0
3251447,5210,0
3251733,27613,1
3251733,26011,0
3251733,5886,0
3251733,23666,0
3251733,20307,0
3252137,13130,1
3252137,2419,0
3252137,2184,0
3252137,27975,0
3252137,21304,0
3252504,21783,1
3252504,5552,0
3252504,24128,0
3252504,4391,0
3252504,23114,0
3253032,9046,1
3253032,7505,0
3253032,22167,0
3253032,7910,0
3253032,20719,0
3253326,25772,1
3253326,3862,0
3253326,24600,0
3253326,4237,0
3253326,21747,0
3253522,7963,1
3253522,26958,0
3253522,15870,0
3253522,7640,0
3253522,23965,0
3255144,27225,1
3255144,22974,0
3255144,20457,0
3255144,14119,0
3255144,17217,0
3255677,6821,1
3255677,5722,0
3255677,6721,0
3255677,14455,0
3255677,24285,0
3257074,27395,1
3257074,25405,0
3257074,3536,0
3257074,23309,0
3257074,5320,0
3259080,21070,1
3259080,21538,0
3259080,14799,0
3259080,15967,0
3259080,11600,0
3259240,28096,1
3259240,800,0
3259240,9249,0
3259240,17792,0
3259240,14184,0
3259958,10850,1
3259958,7549,0
3259958,24291,0
3259958,434,0
3259958,16464,0
3261601,17089,1
3261601,14813,0
3261601,6235,0
3261601,16888,0
3261601,23245,0
3263319,921,1
3263319,8978,0
3263319,21180,0
3263319,2246,0
3263319,8214,0
3263824,18156,1
3263824,18240,0
3263824,26719,0
3263824,21890,0
3263824,12615,0
3264538,18953,1
3264538,12704,0
3264538,7079,0
3264538,4132,0
3264538,15125,0
3264874,22730,1
3264874,4037,0
3264874,21810,0
3264874,16254,0
3264874,1792,0
3264883,2447,1
3264883,14481,0
3264883,27527,0
3264883,513,0
3264883,19372,0
3266073,9184,1
3266073,6817,0
3266073,8487,0
3266073,26038,0
3266073,23451,0
3267282,26674,1
3267282,5284,0
3267282,7974,0
3267282,3563,0
3267282,9316,0
3267465,17089,1
3267465,11098,0
3267465,5439,0
3267465,12705,0
3267465,2435,0
3267901,14699,1
3267901,13260,0
3267901,10581,0
3267901,5011,0
3267901,5996,0
3268186,16073,1
3268186,13600,0
3268186,10216,0
3268186,15614,0
3268186,19497,0
3269852,5106,1
3269852,23358,0
3269852,3994,0
3269852,20525,0
3269852,24297,0
3270412,21701,1
3270412,6501,0
3270412,13839,0
3270412,18619,0
3270412,18526,0
3271115,9816,1
3271115,17399,0
3271115,5867,0
3271115,28115,0
3271115,13902,0
3273370,17768,1
3273370,13029,0
3273370,21625,0
3273370,7018,0
3273370,14037,0
3274486,15548,1
3274486,4785,0
3274486,8838,0
3274486,19675,0
3274486,24214,0
3274805,14959,1
3274805,14907,0
3274805,1342,0
3274805,26656,0
3274805,8064,0
3275846,18156,1
3275846,10979,0
3275846,19775,0
3275846,155,0
3275846,5439,0
3277294,1018,1
3277294,22302,0
3277294,19763,0
3277294,18511,0
3277294,8406,0
3277715,11905,1
3277715,5006,0
3277715,678,0
3277715,25222,0
3277715,729,0
3277999,7640,1
3277999,26322,0
3277999,25855,0
3277999,1080,0
3277999,8362,0
3278302,2730,1
3278302,25981,0
3278302,13544,0
3278302,5033,0
3278302,22575,0
3278542,19487,1
3278542,10552,0
3278542,10390,0
3278542,10782,0
3278542,14465,0
3278775,11376,1
3278775,3548,0
3278775,17585,0
3278775,25243,0
3278775,19975,0
3279035,5350,1
3279035,26899,0
3279035,8252,0
3279035,20889,0
3279035,8800,0
3279895,11624,1
3279895,9471,0
3279895,8400,0
3279895,21578,0
3279895,14290,0
3280282,14799,1
3280282,17052,0
3280282,8999,0
3280282,26496,0
3280282,26911,0
3280807,17889,1
3280807,5877,0
3280807,27034,0
3280807,14086,0
3280807,5060,0
3282346,6856,1
3282346,27594,0
3282346,4195,0
3282346,15615,0
3282346,6449,0
3283812,5927,1
3283812,15731,0
3283812,20885,0
3283812,27611,0
3283812,22334,0
3285208,12372,1
3285208,20736,0
3285208,27855,0
3285208,28134,0
3285208,4092,0
3286101,7150,1
3286101,16900,0
3286101,972,0
3286101,22046,0
3286101,23359,0
3287305,7327,1
3287305,22017,0
3287305,22941,0
3287305,24065,0
3287305,8962,0
3287488,22886,1
3287488,22732,0
3287488,18511,0
3287488,27347,0
3287488,11666,0
3288044,24400,1
3288044,2625,0
3288044,1717,0
3288044,18562,0
3288044,10379,0
3288600,18953,1
3288600,15361,0
3288600,7179,0
3288600,25090,0
3288600,16448,0
3288788,27613,1
3288788,28003,0
3288788,1986,0
3288788,5655,0
3288788,14481,0
3289008,4028,1
3289008,3322,0
3289008,6076,0
3289008,20867,0
3289008,26853,0
3289996,18156,1
3289996,6817,0
3289996,3709,0
3289996,5840,0
3289996,23419,0
3293208,745,1
3293208,3615,0
3293208,1633,0
3293208,11080,0
3293208,26343,0
3293353,730,1
3293353,16756,0
3293353,479,0
3293353,3673,0
3293353,4545,0
3293432,8622,1
3293432,3753,0
3293432,14931,0
3293432,6081,0
3293432,15962,0
3293481,7096,1
3293481,12616,0
3293481,6388,0
3293481,2954,0
3293481,5275,0
3295538,5778,1
3295538,6181,0
3295538,1781,0
3295538,16609,0
3295538,11349,0
3295875,17048,1
3295875,8935,0
3295875,14482,0
3295875,11584,0
3295875,17486,0
3297591,24496,1
3297591,23048,0
3297591,5070,0
3297591,26525,0
3297591,2358,0
3298044,13622,1
3298044,6396,0
3298044,24044,0
3298044,23994,0
3298044,3098,0
3298989,15479,1
3298989,23637,0
3298989,1972,0
3298989,4811,0
3298989,26415,0
3299154,3412,1
3299154,4657,0
3299154,800,0
3299154,842,0
3299154,24215,0
3299244,3168,1
3299244,18617,0
3299244,25227,0
3299244,19510,0
3299244,26396,0
3299473,3233,1
3299473,15790,0
3299473,2606,0
3299473,13162,0
3299473,12097,0
3300067,8499,1
3300067,21766,0
3300067,23939,0
3300067,2809,0
3300067,10238,0
3300140,1640,1
3300140,13151,0
3300140,10841,0
3300140,6410,0
3300140,25449,0
3300954,13130,1
3300954,9332,0
3300954,23932,0
3300954,15807,0
3300954,19434,0
3301256,4806,1
3301256,19565,0
3301256,5511,0
3301256,21126,0
3301256,8941,0
3302342,14144,1
3302342,24968,0
3302342,13999,0
3302342,17679,0
3302342,14121,0
3303700,4028,1
3303700,9124,0
3303700,14975,0
3303700,14155,0
3303700,17653,0
3305932,7963,1
3305932,8060,0
3305932,1350,0
3305932,17588,0
3305932,1018,0
3306109,3091,1
3306109,15567,0
3306109,3503,0
3306109,17390,0
3306109,18303,0
3306624,18511,1
3306624,24038,0
3306624,10390,0
3306624,11352,0
3306624,11923,0
3307539,13676,1
3307539,27854,0
3307539,11799,0
3307539,9665,0
3307539,23724,0
3308187,5243,1
3308187,27621,0
3308187,5372,0
3308187,5980,0
3308187,8014,0
3308399,27225,1
3308399,26353,0
3308399,4578,0
3308399,17089,0
3308399,12556,0
3308654,20805,1
3308654,12427,0
3308654,11330,0
3308654,25601,0
3308654,26266,0
3308850,26674,1
3308850,17671,0
3308850,20340,0
3308850,4960,0
3308850,20970,0
3309253,3045,1
3309253,3525,0
3309253,27032,0
3309253,16915,0
3309253,27374,0
3309731,7600,1
3309731,15975,0
3309731,24903,0
3309731,12284,0
3309731,3101,0
3309738,3561,1
3309738,1778,0
3309738,24491,0
3309738,22308,0
3309738,27911,0
3310095,10163,1
3310095,22527,0
3310095,19655,0
3310095,14628,0
3310095,24645,0
3312423,6552,1
3312423,8530,0
3312423,15409,0
3312423,15573,0
3312423,1935,0
3313855,15501,1
3313855,26130,0
3313855,6722,0
3313855,12766,0
3313855,23847,0
3315725,6510,1
3315725,1547,0
3315725,17080,0
3315725,5588,0
3315725,16561,0
3317039,26853,1
3317039,5605,0
3317039,4561,0
3317039,19326,0
3317039,11790,0
3317751,8060,1
3317751,26958,0
3317751,22447,0
3317751,15714,0
3317751,5310,0
3317999,11114,1
3317999,23173,0
3317999,24666,0
3317999,3327,0
3317999,23440,0
3318485,18156,1
3318485,22880,0
3318485,22302,0
3318485,8251,0
3318485,4395,0
3320657,8060,1
3320657,26297,0
3320657,14461,0
3320657,26260,0
3320657,14159,0
3320731,27416,1
3320731,14351,0
3320731,27969,0
3320731,3509,0
3320731,22807,0
3322019,22902,1
3322019,26495,0
3322019,20191,0
3322019,5484,0
3322019,17969,0
3322262,13622,1
3322262,23994,0
3322262,13438,0
3322262,5301,0
3322262,11479,0
3325018,1373,1
3325018,6541,0
3325018,19767,0
3325018,20411,0
3325018,18656,0
3326615,17239,1
3326615,26335,0
3326615,25347,0
3326615,15184,0
3326615,2025,0
3327971,15740,1
3327971,1591,0
3327971,7260,0
3327971,4823,0
3327971,17182,0
3328667,7963,1
3328667,4243,0
3328667,23451,0
3328667,23036,0
3328667,13081,0
3330455,8060,1
3330455,24318,0
3330455,13969,0
3330455,2855,0
3330455,4338,0
3330933,8060,1
3330933,27225,0
3330933,21866,0
3330933,13488,0
3330933,19897,0
3332416,5106,1
3332416,959,0
3332416,4084,0
3332416,22168,0
3332416,2514,0
3332437,21229,1
3332437,16550,0
3332437,21599,0
3332437,27284,0
3332437,21741,0
3332481,18156,1
3332481,18832,0
3332481,3709,0
3332481,13660,0
3332481,17217,0
3333313,318,1
3333313,15614,0
3333313,21048,0
3333313,27846,0
3333313,12157,0
3334057,8060,1
3334057,10990,0
3334057,4694,0
3334057,8776,0
3334057,25070,0
3336755,20732,1
3336755,27577,0
3336755,11822,0
3336755,27321,0
3336755,2274,0
3337185,16809,1
3337185,17746,0
3337185,22914,0
3337185,21926,0
3337185,27751,0
3337491,7963,1
3337491,5932,0
3337491,1811,0
3337491,13081,0
3337491,4193,0
3337973,5870,1
3337973,22065,0
3337973,18111,0
3337973,13401,0
3337973,23196,0
3339996,13622,1
3339996,18798,0
3339996,11846,0
3339996,22400,0
3339996,24291,0
3340326,8845,1
3340326,26720,0
3340326,9043,0
3340326,2967,0
3340326,9658,0
3340885,1992,1
3340885,17414,0
3340885,24637,0
3340885,4914,0
3340885,12111,0
3341415,18626,1
3341415,10047,0
3341415,8806,0
3341415,3306,0
3341415,24842,0
3342005,20745,1
3342005,14683,0
3342005,16136,0
3342005,23774,0
3342005,25258,0
3343343,22719,1
3343343,18557,0
3343343,10136,0
3343343,24745,0
3343343,11377,0
3345631,18834,1
3345631,16622,0
3345631,12833,0
3345631,26335,0
3345631,27460,0
3346747,19912,1
3346747,9801,0
3346747,25714,0
3346747,3469,0
3346747,13495,0
3346794,7261,1
3346794,4650,0
3346794,2408,0
3346794,257,0
3346794,11571,0
3349960,11563,1
3349960,15661,0
3349960,20255,0
3349960,2006,0
3349960,21687,0
3350453,8622,1
3350453,14931,0
3350453,3709,0
3350453,14432,0
3350453,26719,0
3351704,5932,1
3351704,17588,0
3351704,3388,0
3351704,6500,0
3351704,26958,0
3352528,11649,1
3352528,17465,0
3352528,27353,0
3352528,19484,0
3352528,20014,0
3353789,18953,1
3353789,9825,0
3353789,1769,0
3353789,7079,0
3353789,12821,0
3355581,28133,1
3355581,1951,0
3355581,5586,0
3355581,21645,0
3355581,4663,0
3355610,26651,1
3355610,17731,0
3355610,26587,0
3355610,7539,0
3355610,7269,0
3355699,18951,1
3355699,3347,0
3355699,21593,0
3355699,15626,0
3355699,6340,0
3356246,18626,1
3356246,2730,0
3356246,7728,0
3356246,8806,0
3356246,22442,0
3358317,14558,1
3358317,6494,0
3358317,15331,0
3358317,8287,0
3358317,21481,0
3359408,11271,1
3359408,19837,0
3359408,5071,0
3359408,8152,0
3359408,852,0
3359597,27225,1
3359597,3644,0
3359597,8248,0
3359597,2506,0
3359597,10640,0
3360557,18626,1
3360557,19125,0
3360557,13949,0
3360557,18736,0
3360557,19800,0
3361410,24906,1
3361410,3005,0
3361410,4621,0
3361410,21631,0
3361410,10519,0
3361788,24495,1
3361788,24735,0
3361788,22530,0
3361788,14912,0
3361788,2888,0
3361828,17106,1
3361828,17247,0
3361828,8684,0
3361828,10800,0
3361828,15798,0
3362162,5370,1
3362162,21724,0
3362162,6186,0
3362162,8014,0
3362162,8750,0
3365642,9307,1
3365642,18877,0
3365642,705,0
3365642,1650,0
3365642,20715,0
3365852,2814,1
3365852,14813,0
3365852,16909,0
3365852,11169,0
3365852,23245,0
3366926,18156,1
3366926,19912,0
3366926,5840,0
3366926,12176,0
3366926,15904,0
3367703,19912,1
3367703,5619,0
3367703,12425,0
3367703,26526,0
3367703,24964,0
3368234,8609,1
3368234,15264,0
3368234,5652,0
3368234,21626,0
3368234,6592,0
3368268,7327,1
3368268,1866,0
3368268,25536,0
3368268,13426,0
3368268,9153,0
3368522,22612,1
3368522,4080,0
3368522,3195,0
3368522,25596,0
3368522,4939,0
3368608,569,1
3368608,11966,0
3368608,11183,0
3368608,26056,0
3368608,25422,0
3369256,9184,1
3369256,26172,0
3369256,6674,0
3369256,2447,0
3369256,2814,0
3369292,9663,1
3369292,19108,0
3369292,20251,0
3369292,4628,0
3369292,10519,0
3370524,4377,1
3370524,13986,0
3370524,8533,0
3370524,23991,0
3370524,22178,0
3370885,13218,1
3370885,16347,0
3370885,3112,0
3370885,15313,0
3370885,12560,0
3375164,27397,1
3375164,9206,0
3375164,11644,0
3375164,24453,0
3375164,22914,0
3375168,2855,1
3375168,22983,0
3375168,23288,0
3375168,5422,0
3375168,23451,0
3375620,26651,1
3375620,18167,0
3375620,22263,0
3375620,21632,0
3375620,18851,0
3376492,26249,1
3376492,9471,0
3376492,11742,0
3376492,9260,0
3376492,8456,0
3376568,842,1
3376568,27717,0
3376568,18420,0
3376568,16129,0
3376568,24253,0
3376679,5203,1
3376679,20300,0
3376679,6919,0
3376679,13189,0
3376679,16243,0
3377121,18212,1
3377121,18329,0
3377121,13310,0
3377121,26701,0
3377121,321,0
3380699,9184,1
3380699,16829,0
3380699,9234,0
3380699,15870,0
3380699,2569,0
3383866,17889,1
3383866,17698,0
3383866,6462,0
3383866,1621,0
3383866,5254,0
3384359,8258,1
3384359,17044,0
3384359,8574,0
3384359,16900,0
3384359,244,0
3385104,13994,1
3385104,17395,0
3385104,25494,0
3385104,26302,0
3385104,18639,0
3386661,4623,1
3386661,22205,0
3386661,22768,0
3386661,6202,0
3386661,1430,0
3388187,15501,1
3388187,20804,0
3388187,7608,0
3388187,25363,0
3388187,22812,0
3390476,17106,1
3390476,8959,0
3390476,26302,0
3390476,17553,0
3390476,18047,0
3391841,5334,1
3391841,25216,0
3391841,11960,0
3391841,18838,0
3391841,1563,0
3392022,27851,1
3392022,19515,0
3392022,17969,0
3392022,4833,0
3392022,4280,0
3392217,7963,1
3392217,3591,0
3392217,508,0
3392217,21890,0
3392217,17588,0
3393021,27225,1
3393021,18208,0
3393021,5972,0
3393021,3709,0
3393021,19912,0
3393759,8622,1
3393759,18981,0
3393759,5367,0
3393759,18832,0
3393759,18208,0
3393760,5367,1
3393760,2605,0
3393760,19775,0
3393760,18523,0
3393760,19393,0
3393780,15242,1
3393780,3631,0
3393780,16280,0
3393780,13940,0
3393780,21695,0
3396027,19372,1
3396027,20718,0
3396027,17598,0
3396027,2532,0
3396027,10563,0
3397119,27613,1
3397119,13321,0
3397119,23451,0
3397119,1811,0
3397119,1693,0
3397358,17089,1
3397358,7011,0
3397358,2695,0
3397358,24355,0
3397358,24420,0
3397392,3965,1
3397392,20227,0
3397392,4243,0
3397392,2782,0
3397392,11412,0
3398612,10748,1
3398612,25324,0
3398612,4835,0
3398612,22998,0
3398612,22638,0
3398740,20393,1
3398740,17671,0
3398740,16077,0
3398740,13987,0
3398740,25606,0
3399200,9184,1
3399200,5036,0
3399200,12527,0
3399200,24586,0
3399200,3204,0
3399617,17740,1
3399617,18323,0
3399617,13258,0
3399617,7505,0
3399617,8310,0
3400215,24671,1
3400215,10612,0
3400215,498,0
3400215,18533,0
3400215,2646,0
3401239,3561,1
3401239,11073,0
3401239,22284,0
3401239,1356,0
3401239,22308,0
3401474,18156,1
3401474,8248,0
3401474,3709,0
3401474,7640,0
3401474,8362,0
3402238,16821,1
3402238,24968,0
3402238,22224,0
3402238,16240,0
3402238,27397,0
3402881,15403,1
3402881,23360,0
3402881,2520,0
3402881,27397,0
3402881,24780,0
3403344,17019,1
3403344,13574,0
3403344,2354,0
3403344,16934,0
3403344,4815,0
3403753,4028,1
3403753,19899,0
3403753,2814,0
3403753,1233,0
3403753,7968,0
3403972,18156,1
3403972,27823,0
3403972,6081,0
3403972,18523,0
3403972,5310,0
3405808,5106,1
3405808,284,0
3405808,6885,0
3405808,26796,0
3405808,788,0
3407282,25681,1
3407282,26448,0
3407282,25967,0
3407282,11508,0
3407282,4179,0
3407764,14556,1
3407764,19655,0
3407764,10097,0
3407764,7219,0
3407764,17944,0
3408484,3392,1
3408484,3019,0
3408484,5947,0
3408484,10188,0
3408484,8147,0
3409055,17089,1
3409055,12524,0
3409055,17300,0
3409055,17147,0
3409055,2363,0
3409339,4028,1
3409339,13922,0
3409339,4846,0
3409339,21882,0
3409339,25076,0
3410460,26853,1
3410460,13081,0
3410460,27086,0
3410460,18981,0
3410460,1085,0
3411197,1712,1
3411197,2900,0
3411197,23535,0
3411197,5021,0
3411197,7566,0
3411710,18329,1
3411710,10398,0
3411710,13641,0
3411710,867,0
3411710,7878,0
3412092,8502,1
3412092,18831,0
3412092,23437,0
3412092,14846,0
3412092,5388,0
3412253,10026,1
3412253,10855,0
3412253,27293,0
3412253,9077,0
3412253,18129,0
3412815,18156,1
3412815,12176,0
3412815,14119,0
3412815,22963,0
3412815,8362,0
3414367,15370,1
3414367,7018,0
3414367,8365,0
3414367,5264,0
3414367,16326,0
3414502,22238,1
3414502,15990,0
3414502,11112,0
3414502,4367,0
3414502,2401,0
3415062,23731,1
3415062,3595,0
3415062,18903,0
3415062,28025,0
3415062,228,0
3415643,2447,1
3415643,22679,0
3415643,23289,0
3415643,3061,0
3415643,28058,0
3415710,167,1
3415710,23142,0
3415710,499,0
3415710,19998,0
3415710,3311,0
3416360,8060,1
3416360,16560,0
3416360,16331,0
3416360,11834,0
3416360,1204,0
3416725,19617,1
3416725,4560,0
3416725,17812,0
3416725,26277,0
3416725,27875,0
3417172,20286,1
3417172,21134,0
3417172,13928,0
3417172,23824,0
3417172,667,0
3417659,5203,1
3417659,12958,0
3417659,19597,0
3417659,10390,0
3417659,27844,0
3417661,8935,1
3417661,18179,0
3417661,25914,0
3417661,23382,0
3417661,11480,0
3417726,21903,1
3417726,24934,0
3417726,3793,0
3417726,19752,0
3417726,19281,0
3418127,18788,1
3418127,1604,0
3418127,2788,0
3418127,9403,0
3418127,20553,0
3419691,8622,1
3419691,27086,0
3419691,8060,0
3419691,26884,0
3419691,18261,0
3419996,3462,1
3419996,1570,0
3419996,24291,0
3419996,17325,0
3419996,7924,0
3420623,8060,1
3420623,18511,0
3420623,22983,0
3420623,26958,0
3420623,11776,0
3421371,971,1
3421371,26074,0
3421371,19720,0
3421371,4595,0
3421371,18157,0
3423227,4028,1
3423227,8026,0
3423227,7980,0
3423227,5421,0
3423227,24814,0
3423654,893,1
3423654,25576,0
3423654,15501,0
3423654,21478,0
3423654,26814,0
3423847,20829,1
3423847,27283,0
3423847,16556,0
3423847,23915,0
3423847,24783,0
3424072,27416,1
3424072,8189,0
3424072,17103,0
3424072,25100,0
3424072,6747,0
3424530,4028,1
3424530,20867,0
3424530,1257,0
3424530,22704,0
3424530,20400,0
3425570,8060,1
3425570,26260,0
3425570,22833,0
3425570,15374,0
3425570,16130,0
3426274,18156,1
3426274,8918,0
3426274,6500,0
3426274,11894,0
3426274,18320,0
3426423,18156,1
3426423,8691,0
3426423,5098,0
3426423,14596,0
3426423,14866,0
3427197,15249,1
3427197,5972,0
3427197,21706,0
3427197,168,0
3427197,14866,0
3427670,9264,1
3427670,18541,0
3427670,7460,0
3427670,913,0
3427670,4955,0
3429245,6850,1
3429245,25929,0
3429245,5612,0
3429245,3183,0
3429245,17426,0
3429563,27225,1
3429563,18156,0
3429563,15904,0
3429563,13081,0
3429563,6500,0
3430164,1636,1
3430164,16370,0
3430164,8425,0
3430164,23553,0
3430164,3725,0
3430623,15403,1
3430623,23845,0
3430623,6494,0
3430623,16176,0
3430623,21687,0
3431764,23675,1
3431764,10205,0
3431764,3348,0
3431764,12541,0
3431764,6392,0
3431869,27500,1
3431869,13759,0
3431869,12415,0
3431869,27109,0
3431869,22838,0
3434201,25127,1
3434201,21956,0
3434201,24734,0
3434201,22402,0
3434201,5388,0
3434397,1607,1
3434397,1068,0
3434397,4285,0
3434397,140,0
3434397,10861,0
3436615,17089,1
3436615,21944,0
3436615,21706,0
3436615,7963,0
3436615,26958,0
3439248,27613,1
3439248,2605,0
3439248,23666,0
3439248,1765,0
3439248,20928,0
3441039,23619,1
3441039,16309,0
3441039,4549,0
3441039,24497,0
3441039,16877,0
3441903,2238,1
3441903,24271,0
3441903,24367,0
3441903,12383,0
3441903,20670,0
3442310,3610,1
3442310,10429,0
3442310,3449,0
3442310,12149,0
3442310,2860,0
3442789,2808,1
3442789,1948,0
3442789,20730,0
3442789,5962,0
3442789,20104,0
3443674,25632,1
3443674,17128,0
3443674,1885,0
3443674,1247,0
3443674,5774,0
3445161,18156,1
3445161,19520,0
3445161,15249,0
3445161,18523,0
3445161,9442,0
3445619,3423,1
3445619,13995,0
3445619,25714,0
3445619,1516,0
3445619,27706,0
3445856,18626,1
3445856,18736,0
3445856,21553,0
3445856,5767,0
3445856,3320,0
3445989,12958,1
3445989,247,0
3445989,26956,0
3445989,23545,0
3445989,10175,0
3448267,27852,1
3448267,25209,0
3448267,13106,0
3448267,12938,0
3448267,13023,0
3448337,15742,1
3448337,13052,0
3448337,13622,0
3448337,20917,0
3448337,26872,0
3449030,18156,1
3449030,21089,0
3449030,19912,0
3449030,5619,0
3449030,4516,0
3449179,2447,1
3449179,16309,0
3449179,18403,0
3449179,25850,0
3449179,25374,0
3450227,23428,1
3450227,7537,0
3450227,6076,0
3450227,9153,0
3450227,22020,0
3450377,4028,1
3450377,14627,0
3450377,12669,0
3450377,9805,0
3450377,21626,0
3451312,21775,1
3451312,14889,0
3451312,1717,0
3451312,23681,0
3451312,16072,0
3451327,18156,1
3451327,1789,0
3451327,22963,0
3451327,26719,0
3451327,16991,0
3452592,15140,1
3452592,9862,0
3452592,354,0
3452592,11166,0
3452592,8285,0
3452831,18040,1
3452831,3962,0
3452831,15152,0
3452831,6803,0
3452831,5930,0
3453441,24889,1
3453441,635,0
3453441,19351,0
3453441,17471,0
3453441,14545,0
3456564,16915,1
3456564,17437,0
3456564,3921,0
3456564,16536,0
3456564,13339,0
3460082,7963,1
3460082,16437,0
3460082,4425,0
3460082,23451,0
3460082,21812,0
3460228,8060,1
3460228,11060,0
3460228,26005,0
3460228,16638,0
3460228,100,0
3460569,1644,1
3460569,27555,0
3460569,11950,0
3460569,26631,0
3460569,8060,0
3460983,4193,1
3460983,20026,0
3460983,13897,0
3460983,15157,0
3460983,8622,0
3463143,7643,1
3463143,19205,0
3463143,15204,0
3463143,6760,0
3463143,19638,0
3464178,26612,1
3464178,5566,0
3464178,358,0
3464178,6714,0
3464178,21620,0
3464651,24960,1
3464651,14805,0
3464651,25971,0
3464651,18721,0
3464651,21695,0
3467626,26900,1
3467626,3948,0
3467626,8684,0
3467626,8241,0
3467626,23981,0
3467997,648,1
3467997,9557,0
3467997,26348,0
3467997,25743,0
3467997,18183,0
3468061,19412,1
3468061,27441,0
3468061,10703,0
3468061,6697,0
3468061,19393,0
3468562,14959,1
3468562,10852,0
3468562,20934,0
3468562,9718,0
3468562,3206,0
3469602,27613,1
3469602,26871,0
3469602,21164,0
3469602,11456,0
3469602,14141,0
3469743,7640,1
3469743,11894,0
3469743,2605,0
3469743,10640,0
3469743,15446,0
3470964,18156,1
3470964,6081,0
3470964,26853,0
3470964,5310,0
3470964,26884,0
3471328,7102,1
3471328,8097,0
3471328,7524,0
3471328,21783,0
3471328,26572,0
3472553,26532,1
3472553,15887,0
3472553,8348,0
3472553,18879,0
3472553,8450,0
3473093,24671,1
3473093,9367,0
3473093,20413,0
3473093,5533,0
3473093,2860,0
3474381,20612,1
3474381,15430,0
3474381,7458,0
3474381,8844,0
3474381,499,0
3475533,16915,1
3475533,19090,0
3475533,11300,0
3475533,12683,0
3475533,8450,0
3476085,5870,1
3476085,17210,0
3476085,13401,0
3476085,20521,0
3476085,5397,0
3478363,28133,1
3478363,2290,0
3478363,20916,0
3478363,21831,0
3478363,2901,0
3478887,14398,1
3478887,27032,0
3478887,11862,0
3478887,887,0
3478887,8157,0
3479440,2447,1
3479440,12320,0
3479440,26007,0
3479440,2235,0
3479440,25012,0
3482086,7673,1
3482086,3989,0
3482086,11608,0
3482086,9092,0
3482086,11783,0
3482195,7327,1
3482195,7572,0
3482195,23850,0
3482195,12545,0
3482195,27357,0
3482952,26798,1
3482952,12469,0
3482952,9847,0
3482952,21857,0
3482952,18600,0
3483308,23785,1
3483308,16387,0
3483308,24174,0
3483308,20321,0
3483308,25105,0
3484207,23724,1
3484207,19555,0
3484207,19663,0
3484207,27442,0
3484207,19192,0
3489351,8033,1
3489351,18370,0
3489351,24060,0
3489351,6115,0
3489351,23017,0
3489474,2021,1
3489474,7096,0
3489474,12429,0
3489474,18426,0
3489474,15340,0
3491119,18626,1
3491119,2408,0
3491119,19588,0
3491119,16016,0
3491119,452,0
3491128,6806,1
3491128,18782,0
3491128,12131,0
3491128,13526,0
3491128,326,0
3491939,3406,1
3491939,17289,0
3491939,546,0
3491939,26303,0
3491939,24150,0
3493247,17889,1
3493247,4974,0
3493247,18016,0
3493247,2053,0
3493247,15355,0
3494032,15538,1
3494032,1951,0
3494032,19029,0
3494032,2619,0
3494032,2474,0
3494711,7640,1
3494711,26719,0
3494711,13660,0
3494711,26853,0
3494711,11894,0
3494780,15403,1
3494780,23116,0
3494780,26188,0
3494780,12773,0
3494780,22914,0
3494956,4996,1
3494956,1764,0
3494956,1640,0
3494956,15759,0
3494956,18622,0
3495604,8060,1
3495604,9931,0
3495604,26472,0
3495604,25838,0
3495604,8622,0
3495927,18626,1
3495927,16589,0
3495927,14839,0
3495927,959,0
3495927,10882,0
3496509,17106,1
3496509,13538,0
3496509,952,0
3496509,22927,0
3496509,26837,0
3497204,25389,1
3497204,8693,0
3497204,26953,0
3497204,26786,0
3497204,4731,0
3497665,9772,1
3497665,16635,0
3497665,17671,0
3497665,16442,0
3497665,14872,0
3498780,18981,1
3498780,14931,0
3498780,1080,0
3498780,18832,0
3498780,2506,0
3498968,1562,1
3498968,16287,0
3498968,20063,0
3498968,11227,0
3498968,5528,0
3499143,9663,1
3499143,2205,0
3499143,16785,0
3499143,6650,0
3499143,24769,0
3499692,11515,1
3499692,22866,0
3499692,20321,0
3499692,26141,0
3499692,24081,0
3500220,9914,1
3500220,1643,0
3500220,2246,0
3500220,25716,0
3500220,11474,0
3500954,8060,1
3500954,24098,0
3500954,27048,0
3500954,15246,0
3500954,27107,0
3501397,18040,1
3501397,18087,0
3501397,13559,0
3501397,1513,0
3501397,4325,0
3501463,26853,1
3501463,15904,0
3501463,10979,0
3501463,10640,0
3501463,1080,0
3501950,19882,1
3501950,22098,0
3501950,23448,0
3501950,12622,0
3501950,3121,0
3502714,18953,1
3502714,9528,0
3502714,9832,0
3502714,21470,0
3502714,12704,0
3503222,21862,1
3503222,10549,0
3503222,26448,0
3503222,27511,0
3503222,2890,0
3503407,21625,1
3503407,26089,0
3503407,8824,0
3503407,2011,0
3503407,17619,0
3504421,26249,1
3504421,26989,0
3504421,2498,0
3504421,21170,0
3504421,6071,0
3506590,9184,1
3506590,9568,0
3506590,12263,0
3506590,7963,0
3506590,11742,0
3506802,3846,1
3506802,21601,0
3506802,14873,0
3506802,8787,0
3506802,7548,0
3506822,11619,1
3506822,17553,0
3506822,7049,0
3506822,13490,0
3506822,27013,0
3506896,10281,1
3506896,15887,0
3506896,23865,0
3506896,3133,0
3506896,16482,0
3507288,6625,1
3507288,21620,0
3507288,13937,0
3507288,8586,0
3507288,1626,0
3511296,3333,1
3511296,19653,0
3511296,17363,0
3511296,15278,0
3511296,16161,0
3513009,23196,1
3513009,4563,0
3513009,25202,0
3513009,22590,0
3513009,6254,0
3514193,7963,1
3514193,1350,0
3514193,13081,0
3514193,2855,0
3514193,2911,0
3514735,5203,1
3514735,20903,0
3514735,14735,0
3514735,16378,0
3514735,13218,0
3515243,8060,1
3515243,6688,0
3515243,789,0
3515243,5972,0
3515243,18798,0
3515300,13900,1
3515300,22584,0
3515300,8030,0
3515300,17814,0
3515300,3549,0
3516306,5693,1
3516306,20808,0
3516306,19078,0
3516306,2310,0
3516306,10855,0
3521977,27613,1
3521977,8154,0
3521977,26172,0
3521977,24227,0
3521977,1473,0
3522057,4028,1
3522057,10148,0
3522057,22447,0
3522057,8060,0
3522057,20400,0
3523640,9012,1
3523640,881,0
3523640,20030,0
3523640,21695,0
3523640,15790,0
3524810,18156,1
3524810,22858,0
3524810,10111,0
3524810,15249,0
3524810,7222,0
3525469,24884,1
3525469,5570,0
3525469,10293,0
3525469,20620,0
3525469,347,0
3525851,5106,1
3525851,18138,0
3525851,18960,0
3525851,8347,0
3525851,19487,0
3526094,5846,1
3526094,23917,0
3526094,15718,0
3526094,14871,0
3526094,14068,0
3528635,11109,1
3528635,10848,0
3528635,8056,0
3528635,14808,0
3528635,7781,0
3530762,10388,1
3530762,2417,0
3530762,16709,0
3530762,21857,0
3530762,23265,0
3531236,20346,1
3531236,22287,0
3531236,6850,0
3531236,24437,0
3531236,25192,0
3531361,18626,1
3531361,22442,0
3531361,16879,0
3531361,14839,0
3531361,15756,0
3531401,7096,1
3531401,6707,0
3531401,16886,0
3531401,11058,0
3531401,18329,0
3531565,13107,1
3531565,576,0
3531565,10603,0
3531565,13535,0
3531565,26622,0
3531633,15356,1
3531633,20376,0
3531633,8403,0
3531633,9153,0
3531633,24370,0
3532966,9206,1
3532966,4750,0
3532966,27106,0
3532966,1925,0
3532966,10735,0
3534373,7999,1
3534373,1770,0
3534373,26084,0
3534373,15111,0
3534373,27439,0
3537779,15227,1
3537779,89,0
3537779,12802,0
3537779,18984,0
3537779,15464,0
3537910,12796,1
3537910,18055,0
3537910,11453,0
3537910,929,0
3537910,9333,0
3539000,13643,1
3539000,9857,0
3539000,4565,0
3539000,1961,0
3539000,26968,0
3540648,26842,1
3540648,5870,0
3540648,4094,0
3540648,10352,0
3540648,3374,0
3540774,3021,1
3540774,2679,0
3540774,14482,0
3540774,24211,0
3540774,23994,0
3544183,5870,1
3544183,18661,0
3544183,20413,0
3544183,10498,0
3544183,28077,0
3544629,5106,1
3544629,23728,0
3544629,23980,0
3544629,20525,0
3544629,4248,0
3545094,4125,1
3545094,11490,0
3545094,9342,0
3545094,12996,0
3545094,1679,0
3547852,25389,1
3547852,22263,0
3547852,26953,0
3547852,26290,0
3547852,9491,0
3548316,8511,1
3548316,25,0
3548316,4759,0
3548316,12236,0
3548316,20262,0
3548834,2160,1
3548834,10801,0
3548834,18947,0
3548834,12394,0
3548834,5011,0
3548977,21903,1
3548977,18013,0
3548977,8174,0
3548977,13029,0
3548977,20328,0
3549267,17055,1
3549267,25513,0
3549267,20917,0
3549267,188,0
3549267,21366,0
3550909,8060,1
3550909,11465,0
3550909,18981,0
3550909,16521,0
3550909,13015,0
3551296,26294,1
3551296,12136,0
3551296,6590,0
3551296,8614,0
3551296,27171,0
3552196,4028,1
3552196,4692,0
3552196,8026,0
3552196,13558,0
3552196,18511,0
3552439,8732,1
3552439,18890,0
3552439,15752,0
3552439,1021,0
3552439,16316,0
3552653,2942,1
3552653,12793,0
3552653,24969,0
3552653,20628,0
3552653,10902,0
3553664,20240,1
3553664,15670,0
3553664,14269,0
3553664,10364,0
3553664,14949,0
3553719,8186,1
3553719,4757,0
3553719,2908,0
3553719,2256,0
3553719,6780,0
3553735,22402,1
3553735,12794,0
3553735,12942,0
3553735,7297,0
3553735,14428,0
3556912,19583,1
3556912,7115,0
3556912,6098,0
3556912,25965,0
3556912,21384,0
3557503,24818,1
3557503,18170,0
3557503,10893,0
3557503,6211,0
3557503,9564,0
3557607,26853,1
3557607,1467,0
3557607,4464,0
3557607,25483,0
3557607,10193,0
3557657,15740,1
3557657,9740,0
3557657,16345,0
3557657,26178,0
3557657,14761,0
3558153,27225,1
3558153,18156,0
3558153,13660,0
3558153,25007,0
3558153,5439,0
3558845,22840,1
3558845,14023,0
3558845,19261,0
3558845,16502,0
3558845,2944,0
3562457,12708,1
3562457,2757,0
3562457,12551,0
3562457,6427,0
3562457,13352,0
3562985,5071,1
3562985,9568,0
3562985,3893,0
3562985,9923,0
3562985,4238,0
3563772,17239,1
3563772,9848,0
3563772,10212,0
3563772,22402,0
3563772,23622,0
3564110,14799,1
3564110,116,0
3564110,12234,0
3564110,23045,0
3564110,4677,0
3565779,9782,1
3565779,5924,0
3565779,26676,0
3565779,21918,0
3565779,7407,0
3566001,22273,1
3566001,21169,0
3566001,23480,0
3566001,24150,0
3566001,27784,0
3567935,24984,1
3567935,17742,0
3567935,14643,0
3567935,8060,0
3567935,21971,0
3568345,18156,1
3568345,18320,0
3568345,25007,0
3568345,7042,0
3568345,27086,0
3568616,26409,1
3568616,2122,0
3568616,16444,0
3568616,27306,0
3568616,6850,0
3568720,16051,1
3568720,17910,0
3568720,22943,0
3568720,8116,0
3568720,10753,0
3568873,15980,1
3568873,4121,0
3568873,11964,0
3568873,9425,0
3568873,5714,0
3569209,13922,1
3569209,18845,0
3569209,14502,0
3569209,15140,0
3569209,25451,0
3569803,26674,1
3569803,9394,0
3569803,4932,0
3569803,18394,0
3569803,27771,0
3570112,18040,1
3570112,9782,0
3570112,5135,0
3570112,14792,0
3570112,25988,0
3570116,24243,1
3570116,230,0
3570116,17808,0
3570116,4829,0
3570116,10405,0
3570603,6786,1
3570603,8695,0
3570603,27644,0
3570603,21263,0
3570603,24747,0
3571174,13877,1
3571174,24841,0
3571174,10768,0
3571174,8,0
3571174,20080,0
3574350,25920,1
3574350,6058,0
3574350,23999,0
3574350,19489,0
3574350,6906,0
3574892,14435,1
3574892,8973,0
3574892,11910,0
3574892,26811,0
3574892,21008,0
3575145,10717,1
3575145,13256,0
3575145,644,0
3575145,21289,0
3575145,18449,0
3576699,25389,1
3576699,10473,0
3576699,14732,0
3576699,914,0
3576699,19334,0
3578006,15140,1
3578006,16731,0
3578006,1790,0
3578006,13438,0
3578006,22833,0
3579831,21687,1
3579831,1799,0
3579831,3736,0
3579831,25889,0
3579831,11043,0
3580603,18156,1
3580603,826,0
3580603,7222,0
3580603,16205,0
3580603,6374,0
3580890,27292,1
3580890,10053,0
3580890,357,0
3580890,23895,0
3580890,21097,0
3582045,1241,1
3582045,26262,0
3582045,13987,0
3582045,1294,0
3582045,13800,0
3583117,8060,1
3583117,21890,0
3583117,16638,0
3583117,27555,0
3583117,5958,0
3585146,17089,1
3585146,2855,0
3585146,17503,0
3585146,21283,0
3585146,8060,0
3585369,2499,1
3585369,23346,0
3585369,2211,0
3585369,21271,0
3585369,17500,0
3587298,3911,1
3587298,1711,0
3587298,1068,0
3587298,7942,0
3587298,12263,0
3589043,23457,1
3589043,14488,0
3589043,10285,0
3589043,20718,0
3589043,14205,0
3589392,8060,1
3589392,22081,0
3589392,19127,0
3589392,1809,0
3589392,26011,0
3590160,4075,1
3590160,18596,0
3590160,27280,0
3590160,8453,0
3590160,24604,0
3591042,18156,1
3591042,14549,0
3591042,16991,0
3591042,13933,0
3591042,2873,0
3591660,26986,1
3591660,25027,0
3591660,10282,0
3591660,12295,0
3591660,8941,0
3591823,2447,1
3591823,1486,0
3591823,25668,0
3591823,1645,0
3591823,8737,0
3591907,150,1
3591907,22054,0
3591907,14912,0
3591907,18719,0
3591907,7018,0
3593271,18156,1
3593271,27479,0
3593271,10840,0
3593271,6369,0
3593271,18009,0
3598387,18511,1
3598387,2330,0
3598387,14436,0
3598387,7967,0
3598387,10983,0
3601703,1877,1
3601703,5338,0
3601703,7155,0
3601703,9122,0
3601703,1679,0
3602369,5367,1
3602369,102,0
3602369,15249,0
3602369,11082,0
3602369,22828,0
3603643,18626,1
3603643,14839,0
3603643,26415,0
3603643,2730,0
3603643,15423,0
3603647,9184,1
3603647,14481,0
3603647,11169,0
3603647,8154,0
3603647,10879,0
3603949,11446,1
3603949,234,0
3603949,11481,0
3603949,23591,0
3603949,21861,0
3603983,21423,1
3603983,21618,0
3603983,23847,0
3603983,26949,0
3603983,2408,0
3603999,26265,1
3603999,25928,0
3603999,9724,0
3603999,9020,0
3603999,18580,0
3604689,27613,1
3604689,20309,0
3604689,992,0
3604689,26958,0
3604689,10731,0
3604838,1636,1
3604838,21859,0
3604838,25608,0
3604838,15485,0
3604838,25772,0
3605713,990,1
3605713,19336,0
3605713,22199,0
3605713,17450,0
3605713,17057,0
3607089,17851,1
3607089,17553,0
3607089,14804,0
3607089,1388,0
3607089,2991,0
3607345,13023,1
3607345,22054,0
3607345,9225,0
3607345,23681,0
3607345,7643,0
3608311,9184,1
3608311,23965,0
3608311,18981,0
3608311,21812,0
3608311,23147,0
3608489,24311,1
3608489,3980,0
3608489,7479,0
3608489,18396,0
3608489,23902,0
3608714,9690,1
3608714,20063,0
3608714,10396,0
3608714,3107,0
3608714,13200,0
3610127,8622,1
3610127,19775,0
3610127,13996,0
3610127,16476,0
3610127,7042,0
3610708,3970,1
3610708,6744,0
3610708,19598,0
3610708,2652,0
3610708,11552,0
3610819,8525,1
3610819,20030,0
3610819,22551,0
3610819,19655,0
3610819,4281,0
3612327,18626,1
3612327,14237,0
3612327,21897,0
3612327,2446,0
3612327,2640,0
3612811,6187,1
3612811,17277,0
3612811,24379,0
3612811,13271,0
3612811,9028,0
3613701,10997,1
3613701,5815,0
3613701,15778,0
3613701,9480,0
3613701,19812,0
3618818,22209,1
3618818,1379,0
3618818,14359,0
3618818,3988,0
3618818,16670,0
3620487,10617,1
3620487,8090,0
3620487,1218,0
3620487,2244,0
3620487,27153,0
3620583,2850,1
3620583,22908,0
3620583,21295,0
3620583,25082,0
3620583,7457,0
3621408,26391,1
3621408,20039,0
3621408,5213,0
3621408,13773,0
3621408,3107,0
3621856,12055,1
3621856,3871,0
3621856,27219,0
3621856,22804,0
3621856,24664,0
3622608,20353,1
3622608,24762,0
3622608,9686,0
3622608,1759,0
3622608,22710,0
3626023,20168,1
3626023,3680,0
3626023,4877,0
3626023,20497,0
3626023,23530,0
3626510,21616,1
3626510,2154,0
3626510,9794,0
3626510,5877,0
3626510,18395,0
3626620,2499,1
3626620,5763,0
3626620,21271,0
3626620,17890,0
3626620,17500,0
3626749,17182,1
3626749,8128,0
3626749,17846,0
3626749,12577,0
3626749,10421,0
3627345,6607,1
3627345,25744,0
3627345,21754,0
3627345,13524,0
3627345,15409,0
3627742,8060,1
3627742,22966,0
3627742,2904,0
3627742,19787,0
3627742,27712,0
3628533,24820,1
3628533,9092,0
3628533,22199,0
3628533,24319,0
3628533,6123,0
3629632,24648,1
3629632,7425,0
3629632,11958,0
3629632,26991,0
3629632,12965,0
3630865,7640,1
3630865,9742,0
3630865,12615,0
3630865,13933,0
3630865,27225,0
3631840,11981,1
3631840,15606,0
3631840,14632,0
3631840,9690,0
3631840,1877,0
3631867,26605,1
3631867,9306,0
3631867,8143,0
3631867,17363,0
3631867,23981,0
3633408,5066,1
3633408,16877,0
3633408,17252,0
3633408,19814,0
3633408,21721,0
3633896,18626,1
3633896,21469,0
3633896,20687,0
3633896,6708,0
3633896,7054,0
3636296,13922,1
3636296,9842,0
3636296,8060,0
3636296,8288,0
3636296,21706,0
3637987,842,1
3637987,14163,0
3637987,2048,0
3637987,11849,0
3637987,25873,0
3639108,13410,1
3639108,1072,0
3639108,21041,0
3639108,22291,0
3639108,18623,0
3639409,2447,1
3639409,19721,0
3639409,21064,0
3639409,2969,0
3639409,25668,0
3639952,8060,1
3639952,17676,0
3639952,217,0
3639952,6363,0
3639952,26472,0
3641193,142,1
3641193,18004,0
3641193,22238,0
3641193,2720,0
3641193,25896,0
3641337,4364,1
3641337,5932,0
3641337,17716,0
3641337,6832,0
3641337,13505,0
3641396,13622,1
3641396,26074,0
3641396,15317,0
3641396,20758,0
3641396,18157,0
3642115,2499,1
3642115,2600,0
3642115,22170,0
3642115,25547,0
3642115,22213,0
3642447,18145,1
3642447,1558,0
3642447,6948,0
3642447,24667,0
3642447,15275,0
3642691,651,1
3642691,11638,0
3642691,1193,0
3642691,4364,0
3642691,10703,0
3643082,3772,1
3643082,22580,0
3643082,6832,0
3643082,2705,0
3643082,6895,0
3643287,12317,1
3643287,27403,0
3643287,27609,0
3643287,20653,0
3643287,23027,0
3644043,25522,1
3644043,11678,0
3644043,22401,0
3644043,11348,0
3644043,21508,0
3644244,20804,1
3644244,26736,0
3644244,27153,0
3644244,15974,0
3644244,14776,0
3644393,1018,1
3644393,13925,0
3644393,5221,0
3644393,18184,0
3644393,5457,0
3644666,17089,1
3644666,3204,0
3644666,24227,0
3644666,16765,0
3644666,11456,0
3645402,15541,1
3645402,20636,0
3645402,25883,0
3645402,9740,0
3645402,6398,0
3645864,4870,1
3645864,5275,0
3645864,2772,0
3645864,9345,0
3645864,16186,0
3647183,16963,1
3647183,25047,0
3647183,16756,0
3647183,10340,0
3647183,2377,0
3647335,18626,1
3647335,17023,0
3647335,10680,0
3647335,25804,0
3647335,1774,0
3649750,2447,1
3649750,425,0
3649750,19106,0
3649750,12623,0
3649750,22517,0
3650721,11304,1
3650721,8266,0
3650721,1658,0
3650721,1303,0
3650721,24821,0
3651849,4028,1
3651849,19763,0
3651849,6500,0
3651849,1085,0
3651849,23451,0
3652010,8060,1
3652010,9891,0
3652010,26637,0
3652010,22968,0
3652010,26644,0
3652090,9046,1
3652090,26998,0
3652090,12578,0
3652090,19565,0
3652090,18180,0
3652720,22722,1
3652720,24556,0
3652720,10245,0
3652720,6233,0
3652720,10039,0
3652939,893,1
3652939,25158,0
3652939,22017,0
3652939,23339,0
3652939,27656,0
3653099,1661,1
3653099,10338,0
3653099,23698,0
3653099,5980,0
3653099,2791,0
3653320,18650,1
3653320,9617,0
3653320,18323,0
3653320,8450,0
3653320,4129,0
3653792,14959,1
3653792,15624,0
3653792,25420,0
3653792,5123,0
3653792,4679,0
3654083,24496,1
3654083,17492,0
3654083,265,0
3654083,16775,0
3654083,9291,0
3654568,26719,1
3654568,27228,0
3654568,9210,0
3654568,27603,0
3654568,15369,0
3654694,25405,1
3654694,4872,0
3654694,23182,0
3654694,6460,0
3654694,15403,0
3655457,18923,1
3655457,16704,0
3655457,23587,0
3655457,11683,0
3655457,21,0
3655918,9578,1
3655918,4565,0
3655918,5220,0
3655918,23471,0
3655918,1344,0
3656010,2616,1
3656010,4133,0
3656010,10136,0
3656010,17109,0
3656010,4458,0
3660006,21630,1
3660006,5141,0
3660006,23064,0
3660006,21298,0
3660006,10395,0
3661067,11923,1
3661067,13922,0
3661067,2855,0
3661067,4256,0
3661067,27225,0
3661131,17599,1
3661131,12163,0
3661131,17743,0
3661131,9264,0
3661131,25957,0
3664479,12708,1
3664479,670,0
3664479,1221,0
3664479,14542,0
3664479,19112,0
3664866,12524,1
3664866,11330,0
3664866,21966,0
3664866,20156,0
3664866,11457,0
3665130,18156,1
3665130,15904,0
3665130,27794,0
3665130,15249,0
3665130,14119,0
3665411,18953,1
3665411,11995,0
3665411,7079,0
3665411,21470,0
3665411,6446,0
3665867,8060,1
3665867,7963,0
3665867,6007,0
3665867,27412,0
3665867,13897,0
3666842,8622,1
3666842,19917,0
3666842,13933,0
3666842,13660,0
3666842,23393,0
3667221,18806,1
3667221,3094,0
3667221,8645,0
3667221,22610,0
3667221,1671,0
3668133,18156,1
3668133,13996,0
3668133,14432,0
3668133,5972,0
3668133,12906,0
3669446,685,1
3669446,9609,0
3669446,1928,0
3669446,9873,0
3669446,13169,0
3670718,20156,1
3670718,8214,0
3670718,27758,0
3670718,18336,0
3670718,9081,0
3671033,11381,1
3671033,10820,0
3671033,22109,0
3671033,1797,0
3671033,15938,0
3671513,23854,1
3671513,24294,0
3671513,20406,0
3671513,15310,0
3671513,19110,0
3673921,7317,1
3673921,3416,0
3673921,7491,0
3673921,16932,0
3673921,24757,0
3675558,2730,1
3675558,19642,0
3675558,22575,0
3675558,23532,0
3675558,2513,0
3678362,8060,1
3678362,5840,0
3678362,7539,0
3678362,15138,0
3678362,835,0
3678750,11619,1
3678750,23284,0
3678750,14257,0
3678750,22943,0
3678750,20973,0
3679224,4554,1
3679224,10735,0
3679224,4523,0
3679224,9750,0
3679224,7106,0
3681199,27613,1
3681199,880,0
3681199,24420,0
3681199,16538,0
3681199,11456,0
3682471,13922,1
3682471,4998,0
3682471,22682,0
3682471,21005,0
3682471,18981,0
3683472,10014,1
3683472,20375,0
3683472,2211,0
3683472,15589,0
3683472,11247,0
3684587,9184,1
3684587,20939,0
3684587,11315,0
3684587,17681,0
3684587,10879,0
3689144,9046,1
3689144,22466,0
3689144,23839,0
3689144,20719,0
3689144,10991,0
3689684,3558,1
3689684,23874,0
3689684,21645,0
3689684,14144,0
3689684,21862,0
3694515,4782,1
3694515,16292,0
3694515,9204,0
3694515,19005,0
3694515,6707,0
3696313,4155,1
3696313,9281,0
3696313,3722,0
3696313,20336,0
3696313,6649,0
3697764,9184,1
3697764,17093,0
3697764,4243,0
3697764,16829,0
3697764,27870,0
3697982,4428,1
3697982,5974,0
3697982,8300,0
3697982,12698,0
3697982,3176,0
3698324,9956,1
3698324,23377,0
3698324,6891,0
3698324,9674,0
3698324,16347,0
3699090,8678,1
3699090,248,0
3699090,13217,0
3699090,26367,0
3699090,22702,0
3699991,2122,1
3699991,606,0
3699991,5924,0
3699991,5786,0
3699991,12922,0
3702282,16821,1
3702282,8693,0
3702282,1457,0
3702282,27278,0
3702282,19709,0
3703700,16522,1
3703700,19038,0
3703700,24370,0
3703700,18885,0
3703700,25018,0
3704037,9184,1
3704037,10641,0
3704037,7963,0
3704037,15445,0
3704037,6235,0
3706516,18626,1
3706516,3306,0
3706516,10047,0
3706516,19241,0
3706516,2942,0
3706789,15403,1
3706789,26826,0
3706789,21897,0
3706789,14216,0
3706789,1345,0
3706835,8060,1
3706835,9879,0
3706835,7052,0
3706835,27199,0
3706835,26793,0
3707009,27613,1
3707009,26038,0
3707009,5036,0
3707009,15445,0
3707009,11169,0
3707032,21353,1
3707032,21874,0
3707032,12921,0
3707032,21907,0
3707032,10694,0
3707642,16017,1
3707642,18814,0
3707642,24963,0
3707642,17428,0
3707642,8433,0
3708813,10237,1
3708813,22032,0
3708813,20646,0
3708813,15614,0
3708813,3020,0
3708822,6136,1
3708822,13182,0
3708822,7203,0
3708822,23283,0
3708822,27332,0
3709036,651,1
3709036,18325,0
3709036,16588,0
3709036,6514,0
3709036,25792,0
3709054,27613,1
3709054,9184,0
3709054,24355,0
3709054,2822,0
3709054,12263,0
3709764,18156,1
3709764,3644,0
3709764,26853,0
3709764,1080,0
3709764,12983,0
3709795,2672,1
3709795,161,0
3709795,10173,0
3709795,14229,0
3709795,6427,0
3710749,15976,1
3710749,12783,0
3710749,16707,0
3710749,22390,0
3710749,6408,0
3711000,9184,1
3711000,8514,0
3711000,24355,0
3711000,13766,0
3711000,22489,0
3711065,24874,1
3711065,21605,0
3711065,4713,0
3711065,11180,0
3711065,6249,0
3712639,13922,1
3712639,19895,0
3712639,6007,0
3712639,835,0
3712639,16634,0
3713186,26362,1
3713186,16812,0
3713186,21127,0
3713186,21562,0
3713186,7488,0
3713909,18156,1
3713909,18261,0
3713909,21283,0
3713909,1080,0
3713909,2506,0
3714865,21070,1
3714865,25221,0
3714865,7054,0
3714865,20306,0
3714865,24043,0
3715097,5191,1
3715097,403,0
3715097,22154,0
3715097,4904,0
3715097,17585,0
3718166,18156,1
3718166,21890,0
3718166,6374,0
3718166,27199,0
3718166,27794,0
3719087,4772,1
3719087,18576,0
3719087,18881,0
3719087,23724,0
3719087,1207,0
3719090,26278,1
3719090,14784,0
3719090,2354,0
3719090,27466,0
3719090,8009,0
3719749,26532,1
3719749,15775,0
3719749,14616,0
3719749,3147,0
3719749,3002,0
3721066,8279,1
3721066,11641,0
3721066,24852,0
3721066,13708,0
3721066,23213,0
3721239,18156,1
3721239,19669,0
3721239,4403,0
3721239,14529,0
3721239,18009,0
3721534,28133,1
3721534,5184,0
3721534,17550,0
3721534,11849,0
3721534,22947,0
3723235,123,1
3723235,9572,0
3723235,3257,0
3723235,24367,0
3723235,21578,0
3723733,18156,1
3723733,12983,0
3723733,17217,0
3723733,2506,0
3723733,5840,0
3724301,293,1
3724301,9744,0
3724301,17382,0
3724301,3509,0
3724301,8273,0
3725226,9184,1
3725226,10879,0
3725226,11887,0
3725226,20928,0
3725226,1811,0
3727646,23313,1
3727646,25659,0
3727646,1654,0
3727646,10526,0
3727646,9759,0
3728141,18156,1
3728141,6817,0
3728141,26719,0
3728141,2506,0
3728141,19393,0
3729045,18953,1
3729045,10293,0
3729045,6070,0
3729045,15790,0
3729045,13258,0
3729198,6697,1
3729198,7168,0
3729198,27543,0
3729198,23309,0
3729198,16529,0
3730119,1018,1
3730119,6500,0
3730119,8406,0
3730119,21750,0
3730119,15870,0
3731233,8805,1
3731233,11536,0
3731233,20801,0
3731233,26272,0
3731233,20533,0
3731268,8060,1
3731268,7341,0
3731268,11923,0
3731268,1416,0
3731268,21866,0
3732718,7963,1
3732718,15138,0
3732718,15870,0
3732718,27455,0
3732718,803,0
3732816,4028,1
3732816,22447,0
3732816,20867,0
3732816,26853,0
3732816,15294,0
3732844,18156,1
3732844,3753,0
3732844,826,0
3732844,5367,0
3732844,1080,0
3733588,990,1
3733588,14030,0
3733588,24491,0
3733588,1072,0
3733588,6109,0
3734606,15715,1
3734606,5265,0
3734606,26719,0
3734606,23681,0
3734606,27851,0
3736033,26876,1
3736033,27137,0
3736033,23435,0
3736033,13956,0
3736033,20484,0
3737814,12325,1
3737814,17637,0
3737814,16735,0
3737814,5061,0
3737814,4150,0
3737903,9046,1
3737903,21154,0
3737903,26400,0
3737903,20122,0
3737903,52,0
3739733,24965,1
3739733,21492,0
3739733,27283,0
3739733,5928,0
3739733,3378,0
3740464,18156,1
3740464,25714,0
3740464,24209,0
3740464,13636,0
3740464,13922,0
3740796,12245,1
3740796,24910,0
3740796,9327,0
3740796,7046,0
3740796,11646,0
3741117,9744,1
3741117,909,0
3741117,16676,0
3741117,19418,0
3741117,16107,0
3741228,9242,1
3741228,27557,0
3741228,10136,0
3741228,22196,0
3741228,27394,0
3743119,13438,1
3743119,19985,0
3743119,12003,0
3743119,25227,0
3743119,19448,0
3743993,21630,1
3743993,5524,0
3743993,24015,0
3743993,12994,0
3743993,10026,0
3745439,2883,1
3745439,15847,0
3745439,13759,0
3745439,2011,0
3745439,22775,0
3745924,1515,1
3745924,1326,0
3745924,16239,0
3745924,13021,0
3745924,641,0
3747063,6069,1
3747063,27051,0
3747063,17329,0
3747063,1225,0
3747063,6034,0
3748415,13081,1
3748415,4425,0
3748415,26958,0
3748415,4193,0
3748415,18981,0
3749719,8060,1
3749719,22081,0
3749719,23722,0
3749719,22951,0
3749719,5668,0
3750262,22025,1
3750262,8805,0
3750262,15247,0
3750262,15587,0
3750262,9659,0
3752906,1611,1
3752906,24327,0
3752906,18814,0
3752906,13226,0
3752906,2925,0
3753172,22402,1
3753172,13135,0
3753172,11949,0
3753172,1581,0
3753172,8936,0
3753811,5870,1
3753811,17399,0
3753811,11542,0
3753811,26265,0
3753811,3342,0
3755310,18156,1
3755310,5840,0
3755310,7640,0
3755310,2506,0
3755310,21706,0
3755439,3809,1
3755439,17851,0
3755439,8664,0
3755439,14148,0
3755439,1036,0
3757098,12492,1
3757098,11559,0
3757098,4586,0
3757098,4638,0
3757098,5283,0
3757622,26328,1
3757622,5584,0
3757622,10136,0
3757622,13759,0
3757622,25889,0
3762086,28133,1
3762086,2290,0
3762086,2901,0
3762086,12149,0
3762086,21956,0
3762373,27306,1
3762373,11530,0
3762373,13157,0
3762373,10117,0
3762373,22866,0
3762964,27613,1
3762964,12263,0
3762964,11315,0
3762964,21944,0
3762964,11169,0
3763781,1102,1
3763781,16536,0
3763781,9825,0
3763781,167,0
3763781,2993,0
3765378,9184,1
3765378,20939,0
3765378,2695,0
3765378,1348,0
3765378,26172,0
3765402,21939,1
3765402,6721,0
3765402,16785,0
3765402,20970,0
3765402,1910,0
3767415,24671,1
3767415,26401,0
3767415,27799,0
3767415,12954,0
3767415,5763,0
3767866,17020,1
3767866,4176,0
3767866,19800,0
3767866,15392,0
3767866,17573,0
3771291,1877,1
3771291,1245,0
3771291,14157,0
3771291,11397,0
3771291,11991,0
3771862,15403,1
3771862,1249,0
3771862,15982,0
3771862,19219,0
3771862,21862,0
3772442,26788,1
3772442,17332,0
3772442,18498,0
3772442,5229,0
3772442,8904,0
3774409,4064,1
3774409,11284,0
3774409,24058,0
3774409,8453,0
3774409,19416,0
3774838,21762,1
3774838,16900,0
3774838,14872,0
3774838,1103,0
3774838,17911,0
3775922,13738,1
3775922,4611,0
3775922,5244,0
3775922,6735,0
3775922,13726,0
3775985,9921,1
3775985,2569,0
3775985,27954,0
3775985,16112,0
3775985,17289,0
3776368,19882,1
3776368,26234,0
3776368,10664,0
3776368,23223,0
3776368,25598,0
3776462,15140,1
3776462,2447,0
3776462,12547,0
3776462,25810,0
3776462,8511,0
3779997,26074,1
3779997,18045,0
3779997,27173,0
3779997,831,0
3779997,10055,0
3780917,6196,1
3780917,8214,0
3780917,12920,0
3780917,12117,0
3780917,7425,0
3781122,1789,1
3781122,19393,0
3781122,2873,0
3781122,22974,0
3781122,27695,0
3781949,23570,1
3781949,4483,0
3781949,3846,0
3781949,20567,0
3781949,12590,0
3782792,5877,1
3782792,24305,0
3782792,9012,0
3782792,24431,0
3782792,234,0
3783524,13674,1
3783524,6789,0
3783524,21254,0
3783524,26766,0
3783524,23787,0
3785284,9153,1
3785284,22167,0
3785284,21333,0
3785284,20522,0
3785284,13589,0
3788218,4044,1
3788218,19079,0
3788218,13652,0
3788218,15883,0
3788218,15967,0
3788254,5730,1
3788254,15506,0
3788254,20975,0
3788254,8858,0
3788254,15938,0
3789098,24030,1
3789098,1103,0
3789098,16507,0
3789098,3275,0
3789098,19575,0
3790025,9284,1
3790025,1679,0
3790025,6196,0
3790025,9214,0
3790025,17040,0
3790638,27884,1
3790638,5304,0
3790638,11675,0
3790638,5079,0
3790638,20321,0
3791108,24507,1
3791108,11410,0
3791108,4069,0
3791108,9533,0
3791108,7037,0
3791961,7640,1
3791961,8060,0
3791961,5243,0
3791961,15962,0
3791961,1085,0
3792667,20198,1
3792667,24500,0
3792667,8273,0
3792667,24054,0
3792667,22733,0
3792751,19868,1
3792751,13076,0
3792751,8315,0
3792751,14115,0
3792751,10077,0
3793187,14840,1
3793187,22768,0
3793187,11831,0
3793187,12683,0
3793187,26335,0
3793422,24357,1
3793422,27803,0
3793422,2762,0
3793422,13644,0
3793422,13759,0
3793769,13457,1
3793769,3680,0
3793769,8258,0
3793769,18687,0
3793769,4092,0
3794471,10581,1
3794471,7059,0
3794471,13029,0
3794471,3841,0
3794471,24526,0
3796395,8060,1
3796395,24186,0
3796395,20449,0
3796395,3591,0
3796395,7963,0
3796442,8313,1
3796442,19808,0
3796442,7899,0
3796442,10628,0
3796442,11528,0
3796782,7359,1
3796782,10692,0
3796782,5473,0
3796782,7357,0
3796782,22026,0
3796801,8060,1
3796801,15294,0
3796801,22785,0
3796801,7139,0
3796801,14975,0
3797563,8205,1
3797563,4667,0
3797563,27224,0
3797563,20103,0
3797563,22954,0
3799634,26788,1
3799634,8183,0
3799634,5144,0
3799634,1778,0
3799634,4542,0
3800311,12846,1
3800311,12446,0
3800311,12403,0
3800311,9281,0
3800311,4141,0
3800570,2639,1
3800570,5579,0
3800570,20344,0
3800570,13463,0
3800570,27198,0
3801345,8060,1
3801345,26472,0
3801345,4123,0
3801345,19761,0
3801345,4501,0
3801468,10383,1
3801468,15920,0
3801468,2120,0
3801468,24718,0
3801468,25166,0
3801814,24671,1
3801814,15156,0
3801814,6249,0
3801814,16814,0
3801814,9953,0
3801825,19454,1
3801825,4861,0
3801825,1101,0
3801825,2583,0
3801825,17298,0
3804809,7640,1
3804809,5439,0
3804809,21809,0
3804809,8060,0
3804809,21890,0
3808160,9722,1
3808160,7811,0
3808160,16354,0
3808160,10064,0
3808160,23787,0
3809094,18156,1
3809094,7042,0
3809094,15904,0
3809094,5310,0
3809094,8362,0
3809708,25389,1
3809708,2401,0
3809708,4483,0
3809708,25391,0
3809708,17572,0
3810751,8861,1
3810751,23507,0
3810751,5367,0
3810751,4186,0
3810751,5495,0
3811020,7144,1
3811020,10844,0
3811020,17098,0
3811020,2211,0
3811020,14775,0
3811536,2898,1
3811536,12952,0
3811536,4378,0
3811536,14698,0
3811536,20571,0
3812707,7043,1
3812707,19848,0
3812707,20161,0
3812707,23722,0
3812707,18538,0
3813033,15139,1
3813033,26429,0
3813033,20646,0
3813033,27502,0
3813033,18684,0
3813083,15500,1
3813083,23637,0
3813083,18831,0
3813083,11669,0
3813083,19018,0
3813898,16782,1
3813898,25270,0
3813898,26725,0
3813898,25030,0
3813898,23103,0
3814384,18951,1
3814384,4628,0
3814384,17414,0
3814384,18219,0
3814384,16198,0
3814443,9772,1
3814443,8952,0
3814443,8996,0
3814443,20639,0
3814443,21397,0
3814999,11788,1
3814999,21537,0
3814999,9108,0
3814999,5164,0
3814999,5100,0
3815098,8060,1
3815098,22682,0
3815098,19768,0
3815098,8288,0
3815098,5422,0
3816150,8356,1
3816150,7301,0
3816150,19510,0
3816150,12237,0
3816150,14957,0
3816587,26788,1
3816587,6322,0
3816587,17277,0
3816587,3392,0
3816587,175,0
3816763,28133,1
3816763,11039,0
3816763,20260,0
3816763,13586,0
3816763,20916,0
3816920,1644,1
3816920,22764,0
3816920,4561,0
3816920,1018,0
3816920,14702,0
3816938,16930,1
3816938,13131,0
3816938,20639,0
3816938,11687,0
3816938,8258,0
3818519,15573,1
3818519,5390,0
3818519,4159,0
3818519,21143,0
3818519,25608,0
3818727,9046,1
3818727,5743,0
3818727,23839,0
3818727,10997,0
3818727,11129,0
3819275,10084,1
3819275,19903,0
3819275,1947,0
3819275,6161,0
3819275,16730,0
3819558,8157,1
3819558,849,0
3819558,10539,0
3819558,22162,0
3819558,16432,0
3819757,21353,1
3819757,8133,0
3819757,3452,0
3819757,10257,0
3819757,3502,0
3819942,1272,1
3819942,18243,0
3819942,10261,0
3819942,12652,0
3819942,25192,0
3822360,18156,1
3822360,3644,0
3822360,12176,0
3822360,15506,0
3822360,826,0
3822989,9076,1
3822989,2501,0
3822989,2006,0
3822989,2974,0
3822989,21778,0
3823033,17243,1
3823033,11216,0
3823033,18108,0
3823033,20162,0
3823033,5998,0
3823080,2499,1
3823080,17471,0
3823080,16024,0
3823080,23433,0
3823080,6001,0
3826933,7107,1
3826933,11758,0
3826933,8322,0
3826933,9826,0
3826933,3021,0
3828886,15897,1
3828886,25405,0
3828886,20472,0
3828886,1533,0
3828886,4671,0
3830556,27106,1
3830556,4627,0
3830556,9139,0
3830556,6397,0
3830556,14584,0
3831562,12379,1
3831562,19682,0
3831562,8620,0
3831562,23324,0
3831562,8624,0
3831698,3705,1
3831698,133,0
3831698,4361,0
3831698,25077,0
3831698,20122,0
3832144,10390,1
3832144,24820,0
3832144,3522,0
3832144,22546,0
3832144,11462,0
3833592,2845,1
3833592,18514,0
3833592,21808,0
3833592,8416,0
3833592,6707,0
3834544,3020,1
3834544,19509,0
3834544,7605,0
3834544,22637,0
3834544,3581,0
3836325,3511,1
3836325,14371,0
3836325,17515,0
3836325,21077,0
3836325,9862,0
3836507,28133,1
3836507,2290,0
3836507,7277,0
3836507,16156,0
3836507,12753,0
3837452,15140,1
3837452,7540,0
3837452,27577,0
3837452,2274,0
3837452,9628,0
3837825,19224,1
3837825,11783,0
3837825,16143,0
3837825,8573,0
3837825,13091,0
3839040,8622,1
3839040,22797,0
3839040,155,0
3839040,18832,0
3839040,3644,0
3839573,19985,1
3839573,13928,0
3839573,6405,0
3839573,27710,0
3839573,8611,0
3840507,25782,1
3840507,18792,0
3840507,22425,0
3840507,21727,0
3840507,7308,0
3841174,9700,1
3841174,1303,0
3841174,23969,0
3841174,8973,0
3841174,17182,0
3841964,2969,1
3841964,14403,0
3841964,2615,0
3841964,18755,0
3841964,9585,0
3842455,24051,1
3842455,2473,0
3842455,22775,0
3842455,2089,0
3842455,19218,0
3843772,9184,1
3843772,1350,0
3843772,27034,0
3843772,27455,0
3843772,23288,0
3844096,8628,1
3844096,687,0
3844096,19170,0
3844096,3771,0
3844096,16676,0
3844834,20662,1
3844834,17616,0
3844834,13144,0
3844834,8489,0
3844834,10177,0
3846603,2447,1
3846603,20082,0
3846603,12159,0
3846603,3129,0
3846603,299,0
3847264,16179,1
3847264,20458,0
3847264,14735,0
3847264,10800,0
3847264,1009,0
3847886,8060,1
3847886,483,0
3847886,26011,0
3847886,13081,0
3847886,19470,0
3849919,24051,1
3849919,19803,0
3849919,19410,0
3849919,12651,0
3849919,13358,0
3850014,9921,1
3850014,22816,0
3850014,27854,0
3850014,9316,0
3850014,6548,0
3850101,8622,1
3850101,27275,0
3850101,5972,0
3850101,1350,0
3850101,24244,0
3850519,14959,1
3850519,22112,0
3850519,4806,0
3850519,13297,0
3850519,27600,0
3852534,12603,1
3852534,2375,0
3852534,23061,0
3852534,15453,0
3852534,16430,0
3853225,4806,1
3853225,26622,0
3853225,24291,0
3853225,3994,0
3853225,19800,0
3853237,26011,1
3853237,25982,0
3853237,15374,0
3853237,5291,0
3853237,1343,0
3853324,26920,1
3853324,17596,0
3853324,7664,0
3853324,2764,0
3853324,3,0
3854413,12428,1
3854413,6191,0
3854413,21040,0
3854413,25460,0
3854413,27803,0
3854583,12090,1
3854583,25658,0
3854583,10703,0
3854583,20794,0
3854583,16785,0
3855725,9772,1
3855725,19718,0
3855725,18834,0
3855725,2105,0
3855725,17769,0
3855932,1241,1
3855932,27214,0
3855932,21464,0
3855932,1916,0
3855932,20639,0
3856222,26674,1
3856222,6790,0
3856222,4872,0
3856222,7998,0
3856222,4121,0
3857648,24671,1
3857648,13837,0
3857648,13974,0
3857648,38,0
3857648,23744,0
3858709,9046,1
3858709,26035,0
3858709,17629,0
3858709,7910,0
3858709,10052,0
3858909,10056,1
3858909,22485,0
3858909,28026,0
3858909,25847,0
3858909,5571,0
3859906,7545,1
3859906,15413,0
3859906,6135,0
3859906,12409,0
3859906,24334,0
3860041,20760,1
3860041,13901,0
3860041,1822,0
3860041,5370,0
3860041,25290,0
3860508,18156,1
3860508,5840,0
3860508,14432,0
3860508,11894,0
3860508,390,0
3860688,2672,1
3860688,2120,0
3860688,6708,0
3860688,19843,0
3860688,27432,0
3860805,15140,1
3860805,27108,0
3860805,10445,0
3860805,7299,0
3860805,11357,0
3861467,12725,1
3861467,12063,0
3861467,4266,0
3861467,22864,0
3861467,264,0
3863889,18156,1
3863889,826,0
3863889,18320,0
3863889,22797,0
3863889,3709,0
3864193,26836,1
3864193,25210,0
3864193,650,0
3864193,24095,0
3864193,28115,0
3866327,14392,1
3866327,14761,0
3866327,8398,0
3866327,6782,0
3866327,3055,0
3866953,2447,1
3866953,11315,0
3866953,3549,0
3866953,25668,0
3866953,2675,0
3868715,12989,1
3868715,9486,0
3868715,11175,0
3868715,18697,0
3868715,22768,0
3868745,18156,1
3868745,8362,0
3868745,21809,0
3868745,8060,0
3868745,7042,0
3870083,16463,1
3870083,7738,0
3870083,2320,0
3870083,10003,0
3870083,17507,0
3870261,18626,1
3870261,1322,0
3870261,6956,0
3870261,959,0
3870261,11192,0
3871521,11759,1
3871521,15779,0
3871521,18092,0
3871521,15404,0
3871521,10194,0
3871776,23088,1
3871776,23451,0
3871776,21802,0
3871776,27455,0
3871776,8060,0
3872456,3598,1
3872456,11381,0
3872456,18156,0
3872456,10387,0
3872456,11652,0
3872578,27225,1
3872578,14931,0
3872578,14119,0
3872578,25855,0
3872578,11894,0
3874580,15166,1
3874580,19868,0
3874580,13399,0
3874580,22103,0
3874580,17399,0
3875098,7327,1
3875098,26512,0
3875098,1836,0
3875098,22361,0
3875098,12628,0
3875398,2672,1
3875398,17923,0
3875398,6427,0
3875398,1763,0
3875398,5846,0
3875677,4064,1
3875677,948,0
3875677,5960,0
3875677,5279,0
3875677,22582,0
3877173,24921,1
3877173,12014,0
3877173,14556,0
3877173,19693,0
3877173,8913,0
3877476,22273,1
3877476,1754,0
3877476,8961,0
3877476,3874,0
3877476,17671,0
3877639,19985,1
3877639,26976,0
3877639,12964,0
3877639,9019,0
3877639,22527,0
3878318,16822,1
3878318,22399,0
3878318,18804,0
3878318,18541,0
3878318,19491,0
3879509,11033,1
3879509,22563,0
3879509,22247,0
3879509,21942,0
3879509,9521,0
3879734,22752,1
3879734,9376,0
3879734,15242,0
3879734,22037,0
3879734,18483,0
3880099,8622,1
3880099,5367,0
3880099,19768,0
3880099,1350,0
3880099,22302,0
3880581,4028,1
3880581,22704,0
3880581,7252,0
3880581,20388,0
3880581,15140,0
3880843,21432,1
3880843,10509,0
3880843,20148,0
3880843,22638,0
3880843,8162,0
3881117,25019,1
3881117,14469,0
3881117,18350,0
3881117,13154,0
3881117,17937,0
3881856,10017,1
3881856,1652,0
3881856,15849,0
3881856,22516,0
3881856,13709,0
3882039,12464,1
3882039,24452,0
3882039,12503,0
3882039,23957,0
3882039,4563,0
3884313,22866,1
3884313,8585,0
3884313,16781,0
3884313,5458,0
3884313,23375,0
3885510,11135,1
3885510,26294,0
3885510,23800,0
3885510,15286,0
3885510,23684,0
3885963,8271,1
3885963,1442,0
3885963,4121,0
3885963,2600,0
3885963,12101,0
3886237,9722,1
3886237,1579,0
3886237,21687,0
3886237,3896,0
3886237,23807,0
3887164,8622,1
3887164,22364,0
3887164,22918,0
3887164,4243,0
3887164,27870,0
3887402,4891,1
3887402,12814,0
3887402,17146,0
3887402,23911,0
3887402,14848,0
3888202,5367,1
3888202,11352,0
3888202,12176,0
3888202,26322,0
3888202,3753,0
3888232,4028,1
3888232,6007,0
3888232,4334,0
3888232,13897,0
3888232,7963,0
3888409,2447,1
3888409,22679,0
3888409,8934,0
3888409,22517,0
3888409,26653,0
3888823,5106,1
3888823,3704,0
3888823,8347,0
3888823,18517,0
3888823,18612,0
3889479,27610,1
3889479,27954,0
3889479,1654,0
3889479,12263,0
3889479,23835,0
3889587,16633,1
3889587,2048,0
3889587,1231,0
3889587,16642,0
3889587,3513,0
3889780,16142,1
3889780,918,0
3889780,10369,0
3889780,24766,0
3889780,4904,0
3889974,1644,1
3889974,6619,0
3889974,10648,0
3889974,1350,0
3889974,8060,0
3892011,6158,1
3892011,26357,0
3892011,9010,0
3892011,15593,0
3892011,19803,0
3892281,17315,1
3892281,13759,0
3892281,22922,0
3892281,20918,0
3892281,161,0
3892825,8060,1
3892825,1350,0
3892825,20161,0
3892825,10896,0
3892825,22951,0
3893025,11619,1
3893025,638,0
3893025,22943,0
3893025,26159,0
3893025,7403,0
3893598,12971,1
3893598,9825,0
3893598,4473,0
3893598,20137,0
3893598,9729,0
3893739,5490,1
3893739,7450,0
3893739,27610,0
3893739,6721,0
3893739,4254,0
3895385,9881,1
3895385,11063,0
3895385,1710,0
3895385,22610,0
3895385,26988,0
3897014,25971,1
3897014,5163,0
3897014,2109,0
3897014,22079,0
3897014,23976,0
3897083,9184,1
3897083,8487,0
3897083,11887,0
3897083,5036,0
3897083,10879,0
3898189,1654,1
3898189,3018,0
3898189,15931,0
3898189,7144,0
3898189,3366,0
3899813,6786,1
3899813,5687,0
3899813,23981,0
3899813,4713,0
3899813,20061,0
3900994,8060,1
3900994,20161,0
3900994,26472,0
3900994,2593,0
3900994,4446,0
3901317,4035,1
3901317,13919,0
3901317,8776,0
3901317,4694,0
3901317,8885,0
3901409,8665,1
3901409,4689,0
3901409,24120,0
3901409,185,0
3901409,18712,0
3903902,27555,1
3903902,17093,0
3903902,6817,0
3903902,19895,0
3903902,3553,0
3906849,13589,1
3906849,18272,0
3906849,8259,0
3906849,13106,0
3906849,1417,0
3906953,1644,1
3906953,4425,0
3906953,15249,0
3906953,23950,0
3906953,7963,0
3907103,4028,1
3907103,11834,0
3907103,24973,0
3907103,5972,0
3907103,495,0
3907242,8622,1
3907242,15446,0
3907242,390,0
3907242,22797,0
3907242,23419,0
3907792,7081,1
3907792,23433,0
3907792,12343,0
3907792,7008,0
3907792,14052,0
3908195,18156,1
3908195,8060,0
3908195,8362,0
3908195,5439,0
3908195,5840,0
3910329,5106,1
3910329,14363,0
3910329,959,0
3910329,23854,0
3910329,18980,0
3910626,17599,1
3910626,25525,0
3910626,2195,0
3910626,18748,0
3910626,10217,0
3910681,20092,1
3910681,18209,0
3910681,17716,0
3910681,15051,0
3910681,17725,0
3911218,18156,1
3911218,19600,0
3911218,3654,0
3911218,19768,0
3911218,5539,0
3913620,10690,1
3913620,24773,0
3913620,26969,0
3913620,3632,0
3913620,2827,0
3914725,9184,1
3914725,14481,0
3914725,21595,0
3914725,5036,0
3914725,26011,0
3915465,7963,1
3915465,23036,0
3915465,803,0
3915465,21750,0
3915465,5310,0
3915542,8622,1
3915542,8248,0
3915542,19917,0
3915542,25855,0
3915542,7640,0
3916515,19099,1
3916515,3576,0
3916515,8140,0
3916515,4679,0
3916515,23116,0
3917279,8060,1
3917279,5972,0
3917279,10345,0
3917279,26628,0
3917279,1350,0
3917525,651,1
3917525,22313,0
3917525,14931,0
3917525,15778,0
3917525,18290,0
3918666,28133,1
3918666,6059,0
3918666,16846,0
3918666,26363,0
3918666,27761,0
3920178,18084,1
3920178,10468,0
3920178,1705,0
3920178,14144,0
3920178,8183,0
3920812,14219,1
3920812,19708,0
3920812,12879,0
3920812,26713,0
3920812,24457,0
3921121,22273,1
3921121,20916,0
3921121,25469,0
3921121,15796,0
3921121,12449,0
3921830,24830,1
3921830,9049,0
3921830,11726,0
3921830,16607,0
3921830,13767,0
3921881,27225,1
3921881,6374,0
3921881,19917,0
3921881,19739,0
3921881,13660,0
3922750,1373,1
3922750,25683,0
3922750,14817,0
3922750,24747,0
3922750,5652,0
3923990,21630,1
3923990,5141,0
3923990,12459,0
3923990,22397,0
3923990,16464,0
3924906,20346,1
3924906,26246,0
3924906,19459,0
3924906,26882,0
3924906,27589,0
3925225,17315,1
3925225,12800,0
3925225,6042,0
3925225,6908,0
3925225,16377,0
3926718,19882,1
3926718,24291,0
3926718,3121,0
3926718,20092,0
3926718,14958,0
3927182,2814,1
3927182,14978,0
3927182,19232,0
3927182,11742,0
3927182,10003,0
3927955,3830,1
3927955,26348,0
3927955,22864,0
3927955,6736,0
3927955,5070,0
3928440,24671,1
3928440,25289,0
3928440,23502,0
3928440,11285,0
3928440,2499,0
3929747,7963,1
3929747,2569,0
3929747,7539,0
3929747,13922,0
3929747,8406,0
3930819,16952,1
3930819,22134,0
3930819,23446,0
3930819,20184,0
3930819,18593,0
3930838,18156,1
3930838,18981,0
3930838,15249,0
3930838,10111,0
3930838,26719,0
3931502,13922,1
3931502,25075,0
3931502,3322,0
3931502,10324,0
3931502,5833,0
3932947,15658,1
3932947,21454,0
3932947,27766,0
3932947,10962,0
3932947,11830,0
3934356,24630,1
3934356,22855,0
3934356,15006,0
3934356,9939,0
3934356,18037,0
3934361,10782,1
3934361,5387,0
3934361,20521,0
3934361,8015,0
3934361,19588,0
3934687,5877,1
3934687,2470,0
3934687,23196,0
3934687,17303,0
3934687,3128,0
3934848,10379,1
3934848,8499,0
3934848,11601,0
3934848,13149,0
3934848,15205,0
3935764,5367,1
3935764,13081,0
3935764,12829,0
3935764,2217,0
3935764,16382,0
3936075,3846,1
3936075,7548,0
3936075,6831,0
3936075,18624,0
3936075,8962,0
3936315,18626,1
3936315,3561,0
3936315,21553,0
3936315,9521,0
3936315,20533,0
3937164,7640,1
3937164,27225,0
3937164,16991,0
3937164,27199,0
3937164,6817,0
3937504,26788,1
3937504,4589,0
3937504,18626,0
3937504,1640,0
3937504,13651,0
3938992,15501,1
3938992,1179,0
3938992,25963,0
3938992,19249,0
3938992,7892,0
3939094,18040,1
3939094,23619,0
3939094,15403,0
3939094,6721,0
3939094,7200,0
3940218,8622,1
3940218,26853,0
3940218,8248,0
3940218,12615,0
3940218,7640,0
3940293,23451,1
3940293,14715,0
3940293,15394,0
3940293,24421,0
3940293,26440,0
3941841,4355,1
3941841,5795,0
3941841,23167,0
3941841,335,0
3941841,26346,0
3943640,1877,1
3943640,25920,0
3943640,4746,0
3943640,8770,0
3943640,9740,0
3943748,1374,1
3943748,1876,0
3943748,10026,0
3943748,22167,0
3943748,5107,0
3944278,17919,1
3944278,1610,0
3944278,223,0
3944278,6721,0
3944278,21661,0
3944623,4420,1
3944623,4651,0
3944623,26968,0
3944623,26415,0
3944623,3520,0
3945269,24400,1
3945269,18178,0
3945269,20300,0
3945269,13759,0
3945269,6640,0
3946875,14984,1
3946875,24916,0
3946875,5506,0
3946875,2672,0
3946875,3232,0
3948371,13922,1
3948371,21902,0
3948371,17252,0
3948371,22785,0
3948371,26331,0
3948996,2942,1
3948996,8243,0
3948996,25067,0
3948996,13345,0
3948996,22603,0
3949931,9375,1
3949931,8942,0
3949931,1203,0
3949931,25309,0
3949931,4539,0
3950295,6975,1
3950295,1946,0
3950295,27802,0
3950295,14970,0
3950295,259,0
3950333,8060,1
3950333,8904,0
3950333,21369,0
3950333,26297,0
3950333,14461,0
3951378,2942,1
3951378,22523,0
3951378,7762,0
3951378,13578,0
3951378,27679,0
3951920,2616,1
3951920,999,0
3951920,13242,0
3951920,8995,0
3951920,3888,0
3953900,1640,1
3953900,7596,0
3953900,23681,0
3953900,8844,0
3953900,11299,0
3954525,13081,1
3954525,18544,0
3954525,7052,0
3954525,508,0
3954525,10002,0
3955044,7640,1
3955044,13933,0
3955044,19917,0
3955044,23419,0
3955044,3753,0
3955589,11397,1
3955589,16410,0
3955589,458,0
3955589,20340,0
3955589,8115,0
3956170,1542,1
3956170,579,0
3956170,4361,0
3956170,9750,0
3956170,28133,0
3957151,7969,1
3957151,20868,0
3957151,17618,0
3957151,452,0
3957151,24249,0
3958978,7963,1
3958978,20449,0
3958978,19763,0
3958978,1617,0
3958978,25295,0
3958984,18218,1
3958984,11366,0
3958984,2564,0
3958984,12049,0
3958984,1903,0
3961624,958,1
3961624,22024,0
3961624,1828,0
3961624,6827,0
3961624,18626,0
3961869,17651,1
3961869,6248,0
3961869,26148,0
3961869,12403,0
3961869,8936,0
3962024,12585,1
3962024,19238,0
3962024,4195,0
3962024,7716,0
3962024,13717,0
3962367,18953,1
3962367,6555,0
3962367,12794,0
3962367,2465,0
3962367,25901,0
3963595,20071,1
3963595,16345,0
3963595,20777,0
3963595,12895,0
3963595,25818,0
3967467,24454,1
3967467,10848,0
3967467,15307,0
3967467,25500,0
3967467,1763,0
3968617,18156,1
3968617,15904,0
3968617,12885,0
3968617,8622,0
3968617,6374,0
3969228,22060,1
3969228,17708,0
3969228,20021,0
3969228,15778,0
3969228,8925,0
3970077,8448,1
3970077,14272,0
3970077,26968,0
3970077,6782,0
3970077,23525,0
3970862,1877,1
3970862,25722,0
3970862,15127,0
3970862,22851,0
3970862,24674,0
3971514,14959,1
3971514,19911,0
3971514,7243,0
3971514,11247,0
3971514,27182,0
3971622,22342,1
3971622,18373,0
3971622,10398,0
3971622,23676,0
3971622,14545,0
3972265,11675,1
3972265,27458,0
3972265,27209,0
3972265,26969,0
3972265,4462,0
3972922,26853,1
3972922,22548,0
3972922,24430,0
3972922,5145,0
3972922,5229,0
3973026,14643,1
3973026,1790,0
3973026,20366,0
3973026,10479,0
3973026,11822,0
3973106,2883,1
3973106,5720,0
3973106,898,0
3973106,24067,0
3973106,1537,0
3973324,17089,1
3973324,22489,0
3973324,880,0
3973324,6674,0
3973324,24420,0
3973676,1877,1
3973676,572,0
3973676,12797,0
3973676,13422,0
3973676,11373,0
3973815,18981,1
3973815,1018,0
3973815,6007,0
3973815,2855,0
3973815,8622,0
3974662,10084,1
3974662,23383,0
3974662,16494,0
3974662,15369,0
3974662,6843,0
3975770,15501,1
3975770,4408,0
3975770,22017,0
3975770,22812,0
3975770,21335,0
3977121,27613,1
3977121,26291,0
3977121,1348,0
3977121,14891,0
3977121,22302,0
3979948,25568,1
3979948,19090,0
3979948,18789,0
3979948,27834,0
3979948,20136,0
3980323,28133,1
3980323,12636,0
3980323,18382,0
3980323,14963,0
3980323,17490,0
3980783,23387,1
3980783,6165,0
3980783,20029,0
3980783,22026,0
3980783,1196,0
3981770,11710,1
3981770,4082,0
3981770,20425,0
3981770,17203,0
3981770,3299,0
3982196,13310,1
3982196,1706,0
3982196,26800,0
3982196,22276,0
3982196,15589,0
3983143,7451,1
3983143,3876,0
3983143,19786,0
3983143,7149,0
3983143,26295,0
3983992,25580,1
3983992,17139,0
3983992,24664,0
3983992,2454,0
3983992,17571,0
3984133,2942,1
3984133,4713,0
3984133,15063,0
3984133,21708,0
3984133,14900,0
3984786,7996,1
3984786,14665,0
3984786,22108,0
3984786,20701,0
3984786,12071,0
3984788,17889,1
3984788,708,0
3984788,19366,0
3984788,8754,0
3984788,18138,0
3986352,7640,1
3986352,12983,0
3986352,15446,0
3986352,14432,0
3986352,18208,0
3986515,18626,1
3986515,10871,0
3986515,10465,0
3986515,15756,0
3986515,7728,0
3987057,15150,1
3987057,26340,0
3987057,25963,0
3987057,18922,0
3987057,18697,0
3987803,7963,1
3987803,8248,0
3987803,23965,0
3987803,8406,0
3987803,5932,0
3989237,16950,1
3989237,8109,0
3989237,10564,0
3989237,27432,0
3989237,2044,0
3993016,5265,1
3993016,20397,0
3993016,27380,0
3993016,5502,0
3993016,19899,0
3993055,8588,1
3993055,22931,0
3993055,2478,0
3993055,22481,0
3993055,25719,0
3994386,19890,1
3994386,18098,0
3994386,19713,0
3994386,2611,0
3994386,7013,0
3998004,26853,1
3998004,13922,0
3998004,24992,0
3998004,10193,0
3998004,8700,0
3998104,2969,1
3998104,4031,0
3998104,12477,0
3998104,8754,0
3998104,1735,0
3998998,20286,1
3998998,14032,0
3998998,9250,0
3998998,18806,0
3998998,8659,0
3999253,7640,1
3999253,12615,0
3999253,11352,0
3999253,8362,0
3999253,26884,0
4001128,21537,1
4001128,1769,0
4001128,1662,0
4001128,19266,0
4001128,18763,0
4001970,17089,1
4001970,1811,0
4001970,16765,0
4001970,13766,0
4001970,24227,0
4002408,7096,1
4002408,22017,0
4002408,11863,0
4002408,6682,0
4002408,3449,0
4002663,20566,1
4002663,11418,0
4002663,8197,0
4002663,13375,0
4002663,17911,0
4003457,7327,1
4003457,26298,0
4003457,23912,0
4003457,27077,0
4003457,20579,0
4004298,14324,1
4004298,16041,0
4004298,23492,0
4004298,23784,0
4004298,9818,0
4004595,4861,1
4004595,24321,0
4004595,3500,0
4004595,24458,0
4004595,24846,0
4004603,27416,1
4004603,24099,0
4004603,5987,0
4004603,19819,0
4004603,26585,0
4004797,6372,1
4004797,27956,0
4004797,27448,0
4004797,2791,0
4004797,9747,0
4005401,1877,1
4005401,12879,0
4005401,18778,0
4005401,26886,0
4005401,20801,0
4005415,26249,1
4005415,23288,0
4005415,26989,0
4005415,9921,0
4005415,11742,0
4005679,17089,1
4005679,114,0
4005679,1986,0
4005679,17235,0
4005679,23666,0
4005832,18156,1
4005832,19775,0
4005832,15249,0
4005832,4242,0
4005832,19393,0
4008550,10703,1
4008550,23207,0
4008550,27975,0
4008550,19700,0
4008550,7108,0
4009030,24970,1
4009030,8936,0
4009030,13410,0
4009030,11919,0
4009030,6822,0
4009510,13240,1
4009510,8180,0
4009510,19944,0
4009510,5732,0
4009510,26766,0
4009622,13269,1
4009622,15218,0
4009622,11553,0
4009622,24685,0
4009622,1984,0
4010713,15140,1
4010713,11135,0
4010713,1790,0
4010713,18609,0
4010713,25204,0
4011242,14698,1
4011242,11246,0
4011242,4436,0
4011242,17105,0
4011242,18806,0
4011302,18156,1
4011302,5243,0
4011302,26322,0
4011302,1789,0
4011302,21706,0
4011363,5775,1
4011363,19074,0
4011363,9044,0
4011363,3962,0
4011363,7085,0
4012458,2447,1
4012458,9895,0
4012458,18156,0
4012458,25012,0
4012458,2200,0
4012644,18156,1
4012644,26322,0
4012644,12885,0
4012644,19775,0
4012644,10979,0
4012950,3569,1
4012950,8905,0
4012950,26471,0
4012950,10196,0
4012950,9534,0
4013869,13516,1
4013869,26109,0
4013869,24285,0
4013869,18183,0
4013869,27333,0
4014133,20612,1
4014133,10258,0
4014133,15430,0
4014133,27679,0
4014133,4545,0
4019738,8060,1
4019738,102,0
4019738,23288,0
4019738,16853,0
4019738,483,0
4020009,1542,1
4020009,23040,0
4020009,15501,0
4020009,14353,0
4020009,25177,0
4021405,2601,1
4021405,4879,0
4021405,347,0
4021405,13358,0
4021405,7055,0
4022118,3327,1
4022118,15009,0
4022118,12079,0
4022118,13046,0
4022118,928,0
4022594,9184,1
4022594,21706,0
4022594,20307,0
4022594,28003,0
4022594,16765,0
4023923,18341,1
4023923,12751,0
4023923,16638,0
4023923,23103,0
4023923,1199,0
4030178,27225,1
4030178,13996,0
4030178,19775,0
4030178,2873,0
4030178,16205,0
4030747,26083,1
4030747,6985,0
4030747,28007,0
4030747,20030,0
4030747,20829,0
4031763,9663,1
4031763,17802,0
4031763,27283,0
4031763,7935,0
4031763,19655,0
4032462,2630,1
4032462,8745,0
4032462,9085,0
4032462,23639,0
4032462,2111,0
4033519,10084,1
4033519,4121,0
4033519,2898,0
4033519,14996,0
4033519,17553,0
4033915,12077,1
4033915,14320,0
4033915,13937,0
4033915,6315,0
4033915,26705,0
4034503,5367,1
4034503,12983,0
4034503,5972,0
4034503,21890,0
4034503,3753,0
4035444,26328,1
4035444,26367,0
4035444,18824,0
4035444,18382,0
4035444,26760,0
4035661,14826,1
4035661,18073,0
4035661,26281,0
4035661,12090,0
4035661,5716,0
4038579,8060,1
4038579,7052,0
4038579,4977,0
4038579,26853,0
4038579,18609,0
4039309,27613,1
4039309,7011,0
4039309,16765,0
4039309,2822,0
4039309,22489,0
4039751,1843,1
4039751,13094,0
4039751,6693,0
4039751,26675,0
4039751,22236,0
4039942,7327,1
4039942,21603,0
4039942,12545,0
4039942,10709,0
4039942,23850,0
4040456,19001,1
4040456,1925,0
4040456,26667,0
4040456,1662,0
4040456,24357,0
4042027,22167,1
4042027,8287,0
4042027,23606,0
4042027,15182,0
4042027,28142,0
4042442,5367,1
4042442,11082,0
4042442,5421,0
4042442,25107,0
4042442,8721,0
4042653,25158,1
4042653,10395,0
4042653,25227,0
4042653,528,0
4042653,15713,0
4043156,11399,1
4043156,13442,0
4043156,5274,0
4043156,3576,0
4043156,21982,0
4043198,5075,1
4043198,9230,0
4043198,12656,0
4043198,26950,0
4043198,19842,0
4043810,18156,1
4043810,24851,0
4043810,27199,0
4043810,19768,0
4043810,10387,0
4044154,19334,1
4044154,25965,0
4044154,2509,0
4044154,714,0
4044154,23541,0
4044284,19975,1
4044284,18416,0
4044284,21852,0
4044284,13551,0
4044284,8575,0
4044424,1640,1
4044424,11704,0
4044424,11227,0
4044424,11813,0
4044424,6640,0
4045583,17764,1
4045583,20705,0
4045583,5191,0
4045583,21465,0
4045583,25921,0
4046699,21644,1
4046699,14366,0
4046699,7522,0
4046699,15626,0
4046699,1141,0
4046883,9006,1
4046883,10379,0
4046883,10946,0
4046883,10216,0
4046883,12797,0
4047188,8060,1
4047188,21626,0
4047188,6185,0
4047188,4028,0
4047188,22966,0
4049355,7963,1
4049355,5840,0
4049355,1617,0
4049355,1644,0
4049355,18542,0
4050050,13701,1
4050050,8306,0
4050050,2143,0
4050050,17970,0
4050050,27174,0
4051518,26248,1
4051518,13075,0
4051518,24786,0
4051518,1962,0
4051518,9699,0
4051935,21630,1
4051935,7485,0
4051935,8189,0
4051935,21298,0
4051935,481,0
4052562,2616,1
4052562,21848,0
4052562,23597,0
4052562,6026,0
4052562,6642,0
4052657,8844,1
4052657,17764,0
4052657,18944,0
4052657,21208,0
4052657,17484,0
4055199,4028,1
4055199,6179,0
4055199,5614,0
4055199,23327,0
4055199,9140,0
4056372,9184,1
4056372,114,0
4056372,24420,0
4056372,17681,0
4056372,10641,0
4059082,15403,1
4059082,18292,0
4059082,445,0
4059082,20875,0
4059082,3896,0
4059307,8622,1
4059307,18832,0
4059307,6817,0
4059307,3709,0
4059307,18320,0
4061057,5135,1
4061057,3962,0
4061057,2070,0
4061057,24239,0
4061057,7924,0
4062384,15626,1
4062384,12788,0
4062384,7021,0
4062384,2022,0
4062384,26085,0
4064374,21578,1
4064374,19505,0
4064374,12732,0
4064374,26790,0
4064374,17400,0
4066293,10848,1
4066293,11916,0
4066293,9457,0
4066293,17459,0
4066293,18882,0
4067090,9562,1
4067090,27353,0
4067090,13993,0
4067090,11987,0
4067090,2060,0
4069692,18719,1
4069692,4473,0
4069692,12226,0
4069692,9240,0
4069692,15872,0
4070173,8622,1
4070173,8060,0
4070173,5972,0
4070173,23419,0
4070173,2605,0
4071275,16744,1
4071275,27560,0
4071275,22345,0
4071275,18870,0
4071275,779,0
4071682,3413,1
4071682,20525,0
4071682,14808,0
4071682,14388,0
4071682,16824,0
4071724,4167,1
4071724,22056,0
4071724,19801,0
4071724,17769,0
4071724,10095,0
4072087,4028,1
4072087,5972,0
4072087,16560,0
4072087,7968,0
4072087,8839,0
4072621,8622,1
4072621,18240,0
4072621,27823,0
4072621,21890,0
4072621,18981,0
4072654,4045,1
4072654,14545,0
4072654,196,0
4072654,7435,0
4072654,10720,0
4073371,18156,1
4073371,4516,0
4073371,10137,0
4073371,19499,0
4073371,23363,0
4074678,24051,1
4074678,6822,0
4074678,19218,0
4074678,11704,0
4074678,12616,0
4075715,4028,1
4075715,27225,0
4075715,14155,0
4075715,3322,0
4075715,2277,0
4075749,27225,1
4075749,1085,0
4075749,5972,0
4075749,390,0
4075749,12906,0
4075928,9663,1
4075928,27006,0
4075928,23767,0
4075928,3763,0
4075928,20251,0
4076100,8060,1
4076100,5840,0
4076100,4425,0
4076100,6817,0
4076100,23470,0
4076915,10182,1
4076915,23028,0
4076915,15805,0
4076915,15092,0
4076915,15749,0
4077335,12244,1
4077335,7228,0
4077335,24734,0
4077335,6942,0
4077335,3145,0
4077503,2997,1
4077503,673,0
4077503,2989,0
4077503,26269,0
4077503,3299,0
4078698,22886,1
4078698,4561,0
4078698,1350,0
4078698,15809,0
4078698,9263,0
4079648,2904,1
4079648,20078,0
4079648,7413,0
4079648,22748,0
4079648,9563,0
4080734,4806,1
4080734,3994,0
4080734,13218,0
4080734,10366,0
4080734,10835,0
4081481,27502,1
4081481,15967,0
4081481,3240,0
4081481,16802,0
4081481,774,0
4081994,1560,1
4081994,21866,0
4081994,17014,0
4081994,1650,0
4081994,2213,0
4083479,1199,1
4083479,11000,0
4083479,18679,0
4083479,16489,0
4083479,2423,0
4083851,10390,1
4083851,22349,0
4083851,18697,0
4083851,9905,0
4083851,18048,0
4084552,9184,1
4084552,7963,0
4084552,15870,0
4084552,8406,0
4084552,10291,0
4084879,7640,1
4084879,6500,0
4084879,12983,0
4084879,23393,0
4084879,27794,0
4090445,4651,1
4090445,10273,0
4090445,7483,0
4090445,21857,0
4090445,289,0
4091810,15387,1
4091810,26269,0
4091810,27495,0
4091810,1784,0
4091810,7208,0
4092350,12739,1
4092350,22879,0
4092350,21952,0
4092350,11819,0
4092350,997,0
4092391,4961,1
4092391,7227,0
4092391,18557,0
4092391,2391,0
4092391,20780,0
4092611,20393,1
4092611,19935,0
4092611,19779,0
4092611,25586,0
4092611,11081,0
4093013,26011,1
4093013,13022,0
4093013,22938,0
4093013,25307,0
4093013,6746,0
4093197,26283,1
4093197,23489,0
4093197,10628,0
4093197,21128,0
4093197,21614,0
4093534,26249,1
4093534,20290,0
4093534,6575,0
4093534,7134,0
4093534,16680,0
4093862,6850,1
4093862,1546,0
4093862,12052,0
4093862,376,0
4093862,7605,0
4094045,18156,1
4094045,27086,0
4094045,5439,0
4094045,20457,0
4094045,12906,0
4095130,26622,1
4095130,17708,0
4095130,9279,0
4095130,7097,0
4095130,9206,0
4097157,28133,1
4097157,3804,0
4097157,26363,0
4097157,11021,0
4097157,1951,0
4097951,7963,1
4097951,18542,0
4097951,16560,0
4097951,27034,0
4097951,24135,0
4099387,22623,1
4099387,1763,0
4099387,6053,0
4099387,26432,0
4099387,8754,0
4099822,7149,1
4099822,10882,0
4099822,24051,0
4099822,14207,0
4099822,2551,0
4100378,21817,1
4100378,16378,0
4100378,2749,0
4100378,13163,0
4100378,15104,0
4100735,17386,1
4100735,8365,0
4100735,25446,0
4100735,20071,0
4100735,3,0
4101286,26304,1
4101286,13623,0
4101286,12155,0
4101286,12283,0
4101286,22868,0
4101660,2593,1
4101660,17911,0
4101660,5775,0
4101660,18423,0
4101660,6353,0
4102539,14485,1
4102539,13759,0
4102539,18329,0
4102539,21470,0
4102539,15119,0
4104174,19802,1
4104174,4341,0
4104174,1297,0
4104174,6813,0
4104174,6920,0
4104176,5203,1
4104176,637,0
4104176,14366,0
4104176,10390,0
4104176,24701,0
4105098,18156,1
4105098,15249,0
4105098,6500,0
4105098,14639,0
4105098,12885,0
4106232,772,1
4106232,16262,0
4106232,20996,0
4106232,16039,0
4106232,12719,0
4106393,9706,1
4106393,24693,0
4106393,17128,0
4106393,23842,0
4106393,10990,0
4106581,17585,1
4106581,18749,0
4106581,4397,0
4106581,22273,0
4106581,24919,0
4106639,15266,1
4106639,20521,0
4106639,10546,0
4106639,15658,0
4106639,1846,0
4107338,18156,1
4107338,11357,0
4107338,26793,0
4107338,22182,0
4107338,23931,0
4107880,8511,1
4107880,9077,0
4107880,7546,0
4107880,21311,0
4107880,11067,0
4107895,4028,1
4107895,21902,0
4107895,12615,0
4107895,11990,0
4107895,25991,0
4107942,2195,1
4107942,13574,0
4107942,27043,0
4107942,11727,0
4107942,9361,0
4108397,2554,1
4108397,27706,0
4108397,11322,0
4108397,21546,0
4108397,2661,0
4108892,11384,1
4108892,25563,0
4108892,12427,0
4108892,27242,0
4108892,27784,0
4109895,8622,1
4109895,22974,0
4109895,7640,0
4109895,11352,0
4109895,27695,0
4110160,13897,1
4110160,8248,0
4110160,13922,0
4110160,11352,0
4110160,27215,0
4111097,1018,1
4111097,15202,0
4111097,11834,0
4111097,19984,0
4111097,26958,0
4111589,25522,1
4111589,24044,0
4111589,12687,0
4111589,15637,0
4111589,20646,0
4112373,908,1
4112373,26980,0
4112373,18951,0
4112373,14130,0
4112373,20751,0
4114345,23619,1
4114345,17357,0
4114345,12330,0
4114345,26836,0
4114345,12990,0
4114451,2072,1
4114451,18270,0
4114451,15264,0
4114451,694,0
4114451,27460,0
4115096,13007,1
4115096,20355,0
4115096,10222,0
4115096,9102,0
4115096,9454,0
4116187,3021,1
4116187,23895,0
4116187,2478,0
4116187,23531,0
4116187,25695,0
4118698,7327,1
4118698,8322,0
4118698,18866,0
4118698,15779,0
4118698,23522,0
4118789,12308,1
4118789,25123,0
4118789,3174,0
4118789,24357,0
4118789,3569,0
4119153,23058,1
4119153,4200,0
4119153,5071,0
4119153,17285,0
4119153,14582,0
4119211,2447,1
4119211,27996,0
4119211,5614,0
4119211,12556,0
4119211,12829,0
4120306,18040,1
4120306,5437,0
4120306,12204,0
4120306,7870,0
4120306,21581,0
4121413,22402,1
4121413,19853,0
4121413,8272,0
4121413,27039,0
4121413,25714,0
4122163,2944,1
4122163,333,0
4122163,9470,0
4122163,8320,0
4122163,7467,0
4122961,18156,1
4122961,9742,0
4122961,12906,0
4122961,4242,0
4122961,5310,0
4123144,18156,1
4123144,6081,0
4123144,2605,0
4123144,2506,0
4123144,8622,0
4123775,16688,1
4123775,9208,0
4123775,26362,0
4123775,22273,0
4123775,21243,0
4123925,18156,1
4123925,26853,0
4123925,22858,0
4123925,2506,0
4123925,13660,0
4123926,18156,1
4123926,16991,0
4123926,22797,0
4123926,21809,0
4123926,21283,0
4125544,14741,1
4125544,9044,0
4125544,22213,0
4125544,25232,0
4125544,22098,0
4125571,23597,1
4125571,10628,0
4125571,23301,0
4125571,10956,0
4125571,24737,0
4125678,24230,1
4125678,18047,0
4125678,27233,0
4125678,5639,0
4125678,6447,0
4126420,18156,1
4126420,12885,0
4126420,25855,0
4126420,16205,0
4126420,21890,0
4127517,19529,1
4127517,13665,0
4127517,5130,0
4127517,17042,0
4127517,1954,0
4127655,8060,1
4127655,5972,0
4127655,5958,0
4127655,8776,0
4127655,7788,0
4128654,28133,1
4128654,27761,0
4128654,4693,0
4128654,22292,0
4128654,2331,0
4129356,5951,1
4129356,9771,0
4129356,938,0
4129356,21353,0
4129356,10488,0
4130091,22077,1
4130091,19513,0
4130091,6259,0
4130091,15051,0
4130091,16085,0
4131134,17090,1
4131134,20512,0
4131134,15451,0
4131134,16117,0
4131134,20970,0
4131887,8349,1
4131887,20484,0
4131887,5043,0
4131887,295,0
4131887,12703,0
4132678,3735,1
4132678,17007,0
4132678,17321,0
4132678,7227,0
4132678,12483,0
4134521,16744,1
4134521,5572,0
4134521,4563,0
4134521,27251,0
4134521,11902,0
4134630,4028,1
4134630,7968,0
4134630,26331,0
4134630,27225,0
4134630,1430,0
4134844,2845,1
4134844,21479,0
4134844,2377,0
4134844,6956,0
4134844,13189,0
4137829,6403,1
4137829,28062,0
4137829,12728,0
4137829,7602,0
4137829,8917,0
4138519,27795,1
4138519,16850,0
4138519,23486,0
4138519,23561,0
4138519,18680,0
4139784,16687,1
4139784,8525,0
4139784,21243,0
4139784,12157,0
4139784,3770,0
4140074,1877,1
4140074,12845,0
4140074,26861,0
4140074,4891,0
4140074,18053,0
4140916,2845,1
4140916,6305,0
4140916,13651,0
4140916,2560,0
4140916,25108,0
4140962,27613,1
4140962,3145,0
4140962,13321,0
4140962,10641,0
4140962,4981,0
4141010,9772,1
4141010,16592,0
4141010,9371,0
4141010,23588,0
4141010,6594,0
4141754,1537,1
4141754,3873,0
4141754,25157,0
4141754,2535,0
4141754,94,0
4141792,4028,1
4141792,4618,0
4141792,12372,0
4141792,4255,0
4141792,20375,0
4142660,8060,1
4142660,2569,0
4142660,15249,0
4142660,23451,0
4142660,4243,0
4144409,23219,1
4144409,19291,0
4144409,4455,0
4144409,9918,0
4144409,25505,0
4145261,18156,1
4145261,14432,0
4145261,15446,0
4145261,20457,0
4145261,18240,0
4146021,2814,1
4146021,23088,0
4146021,3145,0
4146021,2688,0
4146021,18511,0
4146395,999,1
4146395,4473,0
4146395,9722,0
4146395,6069,0
4146395,23337,0
4147538,2845,1
4147538,24785,0
4147538,4770,0
4147538,2515,0
4147538,14491,0
4148646,1515,1
4148646,17237,0
4148646,79,0
4148646,8026,0
4148646,10264,0
4149628,1531,1
4149628,17698,0
4149628,26302,0
4149628,141,0
4149628,15563,0
4149847,3874,1
4149847,27952,0
4149847,7500,0
4149847,7910,0
4149847,20263,0
4150457,26327,1
4150457,26662,0
4150457,18697,0
4150457,3522,0
4150457,4113,0
4150590,17764,1
4150590,15018,0
4150590,1552,0
4150590,5506,0
4150590,11863,0
4153320,10344,1
4153320,10835,0
4153320,13295,0
4153320,12299,0
4153320,7796,0
4153678,7963,1
4153678,25589,0
4153678,1350,0
4153678,23147,0
4153678,23470,0
4154182,7963,1
4154182,5310,0
4154182,20847,0
4154182,7383,0
4154182,15777,0
4154271,17925,1
4154271,20724,0
4154271,27262,0
4154271,23027,0
4154271,3595,0
4154406,2447,1
4154406,23584,0
4154406,3129,0
4154406,12547,0
4154406,26653,0
4154743,9522,1
4154743,18814,0
4154743,20228,0
4154743,10519,0
4154743,18152,0
4155440,28133,1
4155440,3494,0
4155440,21831,0
4155440,27902,0
4155440,13586,0
4156347,4220,1
4156347,1244,0
4156347,15045,0
4156347,19819,0
4156347,751,0
4157529,1272,1
4157529,25086,0
4157529,25270,0
4157529,11438,0
4157529,12205,0
4159477,18695,1
4159477,11977,0
4159477,27685,0
4159477,14993,0
4159477,7792,0
4159741,18953,1
4159741,27952,0
4159741,3536,0
4159741,10514,0
4159741,1943,0
4160622,26211,1
4160622,3128,0
4160622,10882,0
4160622,142,0
4160622,11063,0
4161050,4028,1
4161050,16790,0
4161050,1161,0
4161050,10694,0
4161050,22886,0
4162371,15492,1
4162371,25693,0
4162371,19187,0
4162371,8560,0
4162371,25258,0
4163412,18156,1
4163412,7222,0
4163412,6081,0
4163412,2605,0
4163412,22963,0
4164239,3632,1
4164239,12596,0
4164239,10026,0
4164239,28115,0
4164239,25086,0
4165128,9718,1
4165128,12586,0
4165128,7412,0
4165128,21684,0
4165128,26937,0
4165213,11792,1
4165213,21551,0
4165213,17298,0
4165213,14895,0
4165213,9165,0
4165327,1148,1
4165327,2310,0
4165327,8859,0
4165327,13080,0
4165327,10599,0
4165502,5811,1
4165502,19598,0
4165502,19446,0
4165502,12263,0
4165502,1647,0
4166599,7327,1
4166599,2222,0
4166599,15991,0
4166599,21625,0
4166599,17023,0
4167248,7327,1
4167248,13242,0
4167248,7175,0
4167248,25536,0
4167248,27664,0
4167334,6210,1
4167334,21838,0
4167334,23743,0
4167334,7741,0
4167334,20234,0
4167341,4155,1
4167341,2499,0
4167341,13235,0
4167341,21355,0
4167341,21123,0
4169860,2575,1
4169860,6254,0
4169860,1655,0
4169860,5298,0
4169860,27058,0
4169997,11226,1
4169997,5275,0
4169997,25625,0
4169997,24,0
4169997,23498,0
4170218,763,1
4170218,14642,0
4170218,952,0
4170218,11247,0
4170218,4060,0
4171485,8622,1
4171485,15904,0
4171485,2015,0
4171485,14432,0
4171485,14931,0
4171502,15501,1
4171502,25586,0
4171502,5487,0
4171502,18265,0
4171502,8633,0
4171625,12988,1
4171625,9482,0
4171625,25622,0
4171625,24051,0
4171625,14517,0
4171811,8622,1
4171811,1789,0
4171811,7640,0
4171811,25855,0
4171811,15904,0
4172557,15403,1
4172557,12092,0
4172557,9838,0
4172557,23834,0
4172557,7577,0
4172569,11669,1
4172569,18256,0
4172569,17979,0
4172569,22126,0
4172569,26896,0
4173600,729,1
4173600,27216,0
4173600,11512,0
4173600,24466,0
4173600,6640,0
4174103,2850,1
4174103,22669,0
4174103,779,0
4174103,9907,0
4174103,18020,0
4177979,3233,1
4177979,5060,0
4177979,19990,0
4177979,15403,0
4177979,20063,0
4178357,21031,1
4178357,16321,0
4178357,20071,0
4178357,1218,0
4178357,19837,0
4178641,9772,1
4178641,16974,0
4178641,1098,0
4178641,17769,0
4178641,12077,0
4179903,17382,1
4179903,10293,0
4179903,17247,0
4179903,2057,0
4179903,13306,0
4180477,7018,1
4180477,15279,0
4180477,21077,0
4180477,24276,0
4180477,23407,0
4180525,3338,1
4180525,13081,0
4180525,13922,0
4180525,22704,0
4180525,5250,0
4180933,23756,1
4180933,1199,0
4180933,6164,0
4180933,7941,0
4180933,849,0
4181975,28133,1
4181975,20260,0
4181975,12423,0
4181975,17979,0
4181975,8199,0
4184466,12656,1
4184466,17939,0
4184466,13817,0
4184466,15943,0
4184466,27594,0
4184691,13922,1
4184691,15480,0
4184691,15090,0
4184691,8288,0
4184691,16821,0
4187426,18724,1
4187426,20274,0
4187426,8733,0
4187426,25656,0
4187426,18112,0
4187626,18156,1
4187626,22963,0
4187626,12615,0
4187626,4242,0
4187626,23393,0
4190048,18523,1
4190048,21283,0
4190048,16205,0
4190048,16476,0
4190048,25007,0
4190893,18156,1
4190893,19912,0
4190893,9742,0
4190893,5972,0
4190893,19393,0
4191493,1417,1
4191493,1943,0
4191493,9603,0
4191493,79,0
4191493,10040,0
4191803,26328,1
4191803,22947,0
4191803,7578,0
4191803,20187,0
4191803,5775,0
4192352,1199,1
4192352,24671,0
4192352,25227,0
4192352,25956,0
4192352,22723,0
4193185,18156,1
4193185,15506,0
4193185,13081,0
4193185,12885,0
4193185,10111,0
4194977,27613,1
4194977,22489,0
4194977,10731,0
4194977,1765,0
4194977,21164,0
4195718,257,1
4195718,8183,0
4195718,7398,0
4195718,5135,0
4195718,8163,0
4197397,15538,1
4197397,11643,0
4197397,8620,0
4197397,12565,0
4197397,4567,0
4199337,6850,1
4199337,12120,0
4199337,376,0
4199337,1618,0
4199337,20094,0
4199671,19882,1
4199671,6415,0
4199671,27435,0
4199671,244,0
4199671,2470,0
4200288,4667,1
4200288,13255,0
4200288,14726,0
4200288,24872,0
4200288,142,0
4201312,7963,1
4201312,18511,0
4201312,4243,0
4201312,28053,0
4201312,4193,0
4201639,8644,1
4201639,16635,0
4201639,18016,0
4201639,1651,0
4201639,17998,0
4202102,15140,1
4202102,6827,0
4202102,17632,0
4202102,21183,0
4202102,19912,0
4203425,4474,1
4203425,3327,0
4203425,14407,0
4203425,3051,0
4203425,12672,0
4203706,20246,1
4203706,18599,0
4203706,26425,0
4203706,9081,0
4203706,8961,0
4203986,13386,1
4203986,9482,0
4203986,6762,0
4203986,21131,0
4203986,21862,0
4204584,20599,1
4204584,14643,0
4204584,18751,0
4204584,13116,0
4204584,14648,0
4205752,23629,1
4205752,23158,0
4205752,18529,0
4205752,11780,0
4205752,6484,0
4207633,26328,1
4207633,24556,0
4207633,19502,0
4207633,3432,0
4207633,26318,0
4208077,9465,1
4208077,6762,0
4208077,13743,0
4208077,20837,0
4208077,11425,0
4208985,1373,1
4208985,1704,0
4208985,13182,0
4208985,4363,0
4208985,24769,0
4209532,18156,1
4209532,5036,0
4209532,14891,0
4209532,7963,0
4209532,11742,0
4209720,4820,1
4209720,22427,0
4209720,19852,0
4209720,18483,0
4209720,21118,0
4211117,8060,1
4211117,5958,0
4211117,25838,0
4211117,26628,0
4211117,19127,0
4211155,9772,1
4211155,10105,0
4211155,10360,0
4211155,1864,0
4211155,12077,0
4211764,18626,1
4211764,1600,0
4211764,23490,0
4211764,8684,0
4211764,20533,0
4212004,13081,1
4212004,17588,0
4212004,27695,0
4212004,1644,0
4212004,16228,0
4212528,19616,1
4212528,22209,0
4212528,2836,0
4212528,6551,0
4212528,27952,0
4212568,2447,1
4212568,9090,0
4212568,21383,0
4212568,9358,0
4212568,14827,0
4213430,24020,1
4213430,9307,0
4213430,14006,0
4213430,19409,0
4213430,3599,0
4214269,18940,1
4214269,4121,0
4214269,21726,0
4214269,26636,0
4214269,24131,0
4214349,14322,1
4214349,5425,0
4214349,6569,0
4214349,15939,0
4214349,19181,0
4215264,13674,1
4215264,21596,0
4215264,19360,0
4215264,25803,0
4215264,25286,0
4215310,25007,1
4215310,519,0
4215310,16853,0
4215310,3856,0
4215310,13922,0
4216382,13334,1
4216382,23594,0
4216382,19238,0
4216382,4173,0
4216382,17746,0
4217872,18156,1
4217872,8060,0
4217872,16205,0
4217872,22858,0
4217872,26853,0
4218349,27225,1
4218349,5243,0
4218349,16205,0
4218349,390,0
4218349,6500,0
4220657,13922,1
4220657,1598,0
4220657,26958,0
4220657,18511,0
4220657,24421,0
4221748,6786,1
4221748,8163,0
4221748,25463,0
4221748,12758,0
4221748,28126,0
4222766,2855,1
4222766,27695,0
4222766,10974,0
4222766,5310,0
4222766,14702,0
4222817,12179,1
4222817,26137,0
4222817,10433,0
4222817,9156,0
4222817,12389,0
4223609,28096,1
4223609,12080,0
4223609,2897,0
4223609,14315,0
4223609,2672,0
4225432,2499,1
4225432,5042,0
4225432,27409,0
4225432,27799,0
4225432,12136,0
4226454,18626,1
4226454,1774,0
4226454,2942,0
4226454,16016,0
4226454,8806,0
4226728,23651,1
4226728,3160,0
4226728,10396,0
4226728,24302,0
4226728,16579,0
4227597,17089,1
4227597,20309,0
4227597,10641,0
4227597,11887,0
4227597,13766,0
4227646,24422,1
4227646,25258,0
4227646,3731,0
4227646,15713,0
4227646,14021,0
4230397,23724,1
4230397,18286,0
4230397,27663,0
4230397,5110,0
4230397,25158,0
4230981,18156,1
4230981,880,0
4230981,8487,0
4230981,2447,0
4230981,5886,0
4231427,9454,1
4231427,3915,0
4231427,22847,0
4231427,3392,0
4231427,21537,0
4233960,18156,1
4233960,12176,0
4233960,15904,0
4233960,2015,0
4233960,19393,0
4233979,4028,1
4233979,5367,0
4233979,15542,0
4233979,22129,0
4233979,7640,0
4235832,4239,1
4235832,11681,0
4235832,8243,0
4235832,24945,0
4235832,4566,0
4236775,26624,1
4236775,23345,0
4236775,15009,0
4236775,16900,0
4236775,22607,0
4240253,7963,1
4240253,18511,0
4240253,508,0
4240253,25007,0
4240253,4028,0
4240366,546,1
4240366,9273,0
4240366,20302,0
4240366,12585,0
4240366,4080,0
4240824,19912,1
4240824,4401,0
4240824,13278,0
4240824,26526,0
4240824,11428,0
4241574,9184,1
4241574,7963,0
4241574,15249,0
4241574,13897,0
4241574,10291,0
4242283,7115,1
4242283,26792,0
4242283,13750,0
4242283,26237,0
4242283,3074,0
4242334,12958,1
4242334,21338,0
4242334,12849,0
4242334,18789,0
4242334,13689,0
4243731,18626,1
4243731,20192,0
4243731,10082,0
4243731,22442,0
4243731,2121,0
4244207,8750,1
4244207,19025,0
4244207,21008,0
4244207,23250,0
4244207,6776,0
4244304,9184,1
4244304,17814,0
4244304,11169,0
4244304,1986,0
4244304,6674,0
4245903,12161,1
4245903,5612,0
4245903,25591,0
4245903,12074,0
4245903,24936,0
4246104,15742,1
4246104,5220,0
4246104,3390,0
4246104,26708,0
4246104,18798,0
4247503,15356,1
4247503,18270,0
4247503,1885,0
4247503,24836,0
4247503,12817,0
4247961,18806,1
4247961,19572,0
4247961,26287,0
4247961,1917,0
4247961,8159,0
4251093,11510,1
4251093,24889,0
4251093,15897,0
4251093,7357,0
4251093,12211,0
4251184,14725,1
4251184,17585,0
4251184,1612,0
4251184,19544,0
4251184,19567,0
4251948,24361,1
4251948,23311,0
4251948,17082,0
4251948,19195,0
4251948,8373,0
4254590,469,1
4254590,24452,0
4254590,25901,0
4254590,23309,0
4254590,25772,0
4256947,26249,1
4256947,2498,0
4256947,11352,0
4256947,24480,0
4256947,6475,0
4258244,2679,1
4258244,15580,0
4258244,21626,0
4258244,16015,0
4258244,10758,0
4258390,18156,1
4258390,25714,0
4258390,21982,0
4258390,10570,0
4258390,8621,0
4259385,18156,1
4259385,10840,0
4259385,21223,0
4259385,14657,0
4259385,15235,0
4259661,26249,1
4259661,5263,0
4259661,9138,0
4259661,3836,0
4259661,23922,0
4263919,20147,1
4263919,27199,0
4263919,27747,0
4263919,6710,0
4263919,9125,0
4264825,23789,1
4264825,24932,0
4264825,10877,0
4264825,13213,0
4264825,1171,0
4264922,26507,1
4264922,18680,0
4264922,8723,0
4264922,14051,0
4264922,21524,0
4265584,7096,1
4265584,12992,0
4265584,24884,0
4265584,15310,0
4265584,12449,0
4266014,20568,1
4266014,12363,0
4266014,20950,0
4266014,25346,0
4266014,6301,0
4266288,24454,1
4266288,15338,0
4266288,6755,0
4266288,16851,0
4266288,6667,0
4268430,14896,1
4268430,14603,0
4268430,23277,0
4268430,9498,0
4268430,9330,0
4269516,5927,1
4269516,18516,0
4269516,8811,0
4269516,1390,0
4269516,18806,0
4269636,2424,1
4269636,5145,0
4269636,3258,0
4269636,21835,0
4269636,12662,0
4269851,17106,1
4269851,27208,0
4269851,10800,0
4269851,19151,0
4269851,23928,0
4269958,4028,1
4269958,17252,0
4269958,27311,0
4269958,22704,0
4269958,461,0
4270199,7963,1
4270199,19763,0
4270199,10480,0
4270199,24135,0
4270199,3388,0
4271485,2976,1
4271485,2730,0
4271485,13245,0
4271485,20721,0
4271485,14078,0
4273930,800,1
4273930,7018,0
4273930,14334,0
4273930,6571,0
4273930,11799,0
4274733,1515,1
4274733,13896,0
4274733,4663,0
4274733,21779,0
4274733,21022,0
4274988,2393,1
4274988,3735,0
4274988,7144,0
4274988,24242,0
4274988,8655,0
4275346,18156,1
4275346,19393,0
4275346,27823,0
4275346,5310,0
4275346,10111,0
4275425,7640,1
4275425,8918,0
4275425,11894,0
4275425,18832,0
4275425,15506,0
4275802,18156,1
4275802,18832,0
4275802,26719,0
4275802,25589,0
4275802,27225,0
4275827,9046,1
4275827,25152,0
4275827,8962,0
4275827,16900,0
4275827,9435,0
4276439,971,1
4276439,1796,0
4276439,3903,0
4276439,22033,0
4276439,2077,0
4276486,26249,1
4276486,27087,0
4276486,26989,0
4276486,14433,0
4276486,7972,0
4278536,27852,1
4278536,17150,0
4278536,3503,0
4278536,25508,0
4278536,6640,0
4279515,24884,1
4279515,21862,0
4279515,14830,0
4279515,18626,0
4279515,12389,0
4279680,23451,1
4279680,12369,0
4279680,18981,0
4279680,944,0
4279680,19894,0
4281710,1593,1
4281710,3341,0
4281710,25324,0
4281710,21515,0
4281710,19319,0
4282558,7963,1
4282558,3388,0
4282558,1811,0
4282558,10974,0
4282558,12815,0
4284222,9748,1
4284222,26708,0
4284222,5612,0
4284222,21951,0
4284222,14086,0
4284702,26516,1
4284702,1081,0
4284702,22502,0
4284702,10748,0
4284702,21118,0
4284731,20612,1
4284731,4795,0
4284731,19864,0
4284731,3658,0
4284731,25389,0
4287618,14630,1
4287618,12341,0
4287618,22527,0
4287618,22608,0
4287618,19553,0
4287998,19945,1
4287998,26303,0
4287998,8124,0
4287998,14662,0
4287998,27739,0
4289833,7640,1
4289833,14639,0
4289833,8060,0
4289833,21809,0
4289833,1789,0
4290789,7840,1
4290789,772,0
4290789,14604,0
4290789,27284,0
4290789,16915,0
4295430,26876,1
4295430,17408,0
4295430,25622,0
4295430,18895,0
4295430,15243,0
4296210,26328,1
4296210,18757,0
4296210,11802,0
4296210,20187,0
4296210,12782,0
4296336,6786,1
4296336,2560,0
4296336,2707,0
4296336,17023,0
4296336,13400,0
4296442,18764,1
4296442,11936,0
4296442,7152,0
4296442,24435,0
4296442,26400,0
4298257,2173,1
4298257,1603,0
4298257,22831,0
4298257,15502,0
4298257,17115,0
4298752,7963,1
4298752,3553,0
4298752,7383,0
4298752,5932,0
4298752,8060,0
4300053,27516,1
4300053,7459,0
4300053,23769,0
4300053,12164,0
4300053,12348,0
4300228,21857,1
4300228,21110,0
4300228,24681,0
4300228,918,0
4300228,12946,0
4300733,15501,1
4300733,3771,0
4300733,22861,0
4300733,25227,0
4300733,15006,0
4301631,12418,1
4301631,26214,0
4301631,26290,0
4301631,13299,0
4301631,17239,0
4303841,5550,1
4303841,5646,0
4303841,15715,0
4303841,4181,0
4303841,24065,0
4304353,13081,1
4304353,2892,0
4304353,2569,0
4304353,7640,0
4304353,5310,0
4305417,18156,1
4305417,6817,0
4305417,7042,0
4305417,390,0
4305417,18320,0
4306303,20356,1
4306303,2415,0
4306303,21939,0
4306303,9358,0
4306303,16637,0
4307001,18960,1
4307001,2897,0
4307001,14784,0
4307001,456,0
4307001,26481,0
4308094,1018,1
4308094,9879,0
4308094,12261,0
4308094,25894,0
4308094,7718,0
4309308,9146,1
4309308,10653,0
4309308,11766,0
4309308,4528,0
4309308,17918,0
4309845,18878,1
4309845,23668,0
4309845,7477,0
4309845,18180,0
4309845,24931,0
4310359,13629,1
4310359,10389,0
4310359,22806,0
4310359,263,0
4310359,15640,0
4311236,10997,1
4311236,9046,0
4311236,23632,0
4311236,20628,0
4311236,19812,0
4311382,26853,1
4311382,7705,0
4311382,16509,0
4311382,21835,0
4311382,22922,0
4311629,13922,1
4311629,4748,0
4311629,14715,0
4311629,24421,0
4311629,18981,0
4311844,2447,1
4311844,24420,0
4311844,21064,0
4311844,27186,0
4311844,17669,0
4313202,24400,1
4313202,17679,0
4313202,8059,0
4313202,15687,0
4313202,27390,0
4313272,15227,1
4313272,4195,0
4313272,23617,0
4313272,1563,0
4313272,22324,0
4313285,5367,1
4313285,11742,0
4313285,19695,0
4313285,9090,0
4313285,9140,0
4314303,20449,1
4314303,27695,0
4314303,7963,0
4314303,6817,0
4314303,5932,0
4315169,12030,1
4315169,429,0
4315169,21427,0
4315169,18913,0
4315169,17105,0
4315279,1515,1
4315279,21779,0
4315279,9657,0
4315279,23510,0
4315279,17061,0
4316644,13922,1
4316644,15140,0
4316644,21751,0
4316644,17653,0
4316644,15294,0
4317597,8622,1
4317597,15506,0
4317597,27225,0
4317597,26719,0
4317597,23419,0
4319759,4028,1
4319759,20388,0
4319759,4255,0
4319759,10276,0
4319759,2514,0
4320911,9804,1
4320911,22205,0
4320911,20479,0
4320911,4308,0
4320911,10809,0
4321809,17977,1
4321809,5299,0
4321809,8628,0
4321809,4588,0
4321809,5040,0
4322491,9046,1
4322491,19370,0
4322491,52,0
4322491,20260,0
4322491,26188,0
4323199,18626,1
4323199,6931,0
4323199,10047,0
4323199,19585,0
4323199,11192,0
4327933,9327,1
4327933,7496,0
4327933,18133,0
4327933,21057,0
4327933,8440,0
4328226,2008,1
4328226,6196,0
4328226,21661,0
4328226,21552,0
4328226,27939,0
4330578,19912,1
4330578,2015,0
4330578,14549,0
4330578,11894,0
4330578,18208,0
4330596,14504,1
4330596,5500,0
4330596,15707,0
4330596,20650,0
4330596,23000,0
4331592,4028,1
4331592,7980,0
4331592,27455,0
4331592,27225,0
4331592,27108,0
4333397,16572,1
4333397,19149,0
4333397,15210,0
4333397,11211,0
4333397,4538,0
4335141,8761,1
4335141,22889,0
4335141,27820,0
4335141,22174,0
4335141,20496,0
4335909,14448,1
4335909,27635,0
4335909,24947,0
4335909,20128,0
4335909,15587,0
4337155,19882,1
4337155,9718,0
4337155,17092,0
4337155,10400,0
4337155,234,0
4337507,9822,1
4337507,18792,0
4337507,5642,0
4337507,21893,0
4337507,15301,0
4338115,12031,1
4338115,24736,0
4338115,8976,0
4338115,27284,0
4338115,4665,0
4338497,18156,1
4338497,8251,0
4338497,5619,0
4338497,19327,0
4338497,10840,0
4338723,8060,1
4338723,16594,0
4338723,14992,0
4338723,8573,0
4338723,7091,0
4340377,13674,1
4340377,7878,0
4340377,17113,0
4340377,18452,0
4340377,13155,0
4341200,1810,1
4341200,1009,0
4341200,14216,0
4341200,9436,0
4341200,25075,0
4341346,4627,1
4341346,2986,0
4341346,17321,0
4341346,12372,0
4341346,244,0
4341422,19731,1
4341422,7872,0
4341422,19655,0
4341422,27685,0
4341422,14545,0
4341510,13994,1
4341510,14996,0
4341510,14786,0
4341510,3304,0
4341510,8234,0
4343177,2969,1
4343177,6392,0
4343177,12477,0
4343177,1836,0
4343177,3228,0
4345346,11401,1
4345346,10975,0
4345346,1769,0
4345346,5167,0
4345346,21413,0
4346034,7963,1
4346034,23013,0
4346034,508,0
4346034,27555,0
4346034,16560,0
4347214,11757,1
4347214,13200,0
4347214,16986,0
4347214,13789,0
4347214,17918,0
4348633,8060,1
4348633,3553,0
4348633,7640,0
4348633,4334,0
4348633,803,0
4348991,2942,1
4348991,24321,0
4348991,22300,0
4348991,5300,0
4348991,17832,0
4349144,18626,1
4349144,19868,0
4349144,7741,0
4349144,3066,0
4349144,4227,0
4350659,11111,1
4350659,28133,0
4350659,13358,0
4350659,18286,0
4350659,26925,0
4351226,8451,1
4351226,20393,0
4351226,17488,0
4351226,12739,0
4351226,1972,0
4351520,2672,1
4351520,14901,0
4351520,5846,0
4351520,9559,0
4351520,21397,0
4352022,12875,1
4352022,20414,0
4352022,20538,0
4352022,28131,0
4352022,231,0
4352214,3830,1
4352214,15266,0
4352214,3299,0
4352214,27392,0
4352214,13144,0
4353421,18156,1
4353421,7222,0
4353421,12176,0
4353421,25855,0
4353421,10640,0
4353721,2672,1
4353721,5661,0
4353721,15756,0
4353721,15004,0
4353721,24829,0
4357613,2794,1
4357613,18217,0
4357613,17062,0
4357613,340,0
4357613,23835,0
4360221,1992,1
4360221,2337,0
4360221,3959,0
4360221,26448,0
4360221,17954,0
4360365,16801,1
4360365,8439,0
4360365,11565,0
4360365,27495,0
4360365,23433,0
4360451,8622,1
4360451,22797,0
4360451,2605,0
4360451,19917,0
4360451,14432,0
4360792,9184,1
4360792,5655,0
4360792,11887,0
4360792,20309,0
4360792,7011,0
4361626,10379,1
4361626,16479,0
4361626,8401,0
4361626,23733,0
4361626,8624,0
4362306,22555,1
4362306,21298,0
4362306,1865,0
4362306,713,0
4362306,12748,0
4363273,16809,1
4363273,22774,0
4363273,27751,0
4363273,20380,0
4363273,17363,0
4363391,17651,1
4363391,21112,0
4363391,20846,0
4363391,9705,0
4363391,370,0
4363777,648,1
4363777,9060,0
4363777,12958,0
4363777,18258,0
4363777,14527,0
4363860,27225,1
4363860,22797,0
4363860,7640,0
4363860,15446,0
4363860,18981,0
4364470,21215,1
4364470,5507,0
4364470,25174,0
4364470,8754,0
4364470,19342,0
4368582,16527,1
4368582,5284,0
4368582,11398,0
4368582,24715,0
4368582,9609,0
4368741,10681,1
4368741,18037,0
4368741,477,0
4368741,6589,0
4368741,8064,0
4368936,17599,1
4368936,10537,0
4368936,26323,0
4368936,333,0
4368936,14184,0
4369531,19709,1
4369531,7621,0
4369531,25331,0
4369531,20451,0
4369531,4276,0
4369966,26674,1
4369966,4932,0
4369966,808,0
4369966,579,0
4369966,21022,0
4371043,21472,1
4371043,11244,0
4371043,18323,0
4371043,2470,0
4371043,12228,0
4371439,11669,1
4371439,1496,0
4371439,15124,0
4371439,11016,0
4371439,21560,0
4372404,10026,1
4372404,18846,0
4372404,23417,0
4372404,2313,0
4372404,20887,0
4372956,9184,1
4372956,3204,0
4372956,20309,0
4372956,26038,0
4372956,2688,0
4373661,16809,1
4373661,27359,0
4373661,9415,0
4373661,7144,0
4373661,14121,0
4374098,24611,1
4374098,13411,0
4374098,6592,0
4374098,15757,0
4374098,5106,0
4376271,25389,1
4376271,26953,0
4376271,6721,0
4376271,347,0
4376271,16981,0
4376671,11742,1
4376671,4918,0
4376671,5972,0
4376671,16130,0
4376671,12292,0
4376689,4028,1
4376689,5047,0
4376689,27225,0
4376689,11130,0
4376689,9140,0
4376857,20203,1
4376857,16682,0
4376857,23890,0
4376857,9012,0
4376857,8404,0
4381465,13406,1
4381465,15883,0
4381465,499,0
4381465,1823,0
4381465,18897,0
4381583,3728,1
4381583,19635,0
4381583,19545,0
4381583,6843,0
4381583,7488,0
4381971,26382,1
4381971,17147,0
4381971,8602,0
4381971,17364,0
4381971,11412,0
4382571,8060,1
4382571,789,0
4382571,7389,0
4382571,16560,0
4382571,5704,0
4384452,18156,1
4384452,3753,0
4384452,12615,0
4384452,6374,0
4384452,25589,0
4388381,11081,1
4388381,26080,0
4388381,7492,0
4388381,13928,0
4388381,9138,0
4389021,16809,1
4389021,18831,0
4389021,4236,0
4389021,1034,0
4389021,19924,0
4390276,14181,1
4390276,22947,0
4390276,28133,0
4390276,26412,0
4390276,9958,0
4390504,19583,1
4390504,5267,0
4390504,17542,0
4390504,6082,0
4390504,23196,0
4393219,25834,1
4393219,556,0
4393219,18798,0
4393219,4158,0
4393219,26916,0
4394415,15502,1
4394415,18870,0
4394415,13481,0
4394415,25492,0
4394415,20302,0
4394608,9184,1
4394608,14820,0
4394608,21595,0
4394608,5036,0
4394608,26291,0
4395114,18156,1
4395114,21809,0
4395114,20457,0
4395114,155,0
4395114,1080,0
4395380,28133,1
4395380,20126,0
4395380,22292,0
4395380,20916,0
4395380,21831,0
4395829,9184,1
4395829,6674,0
4395829,24227,0
4395829,1473,0
4395829,26291,0
4399025,26249,1
4399025,25770,0
4399025,7610,0
4399025,25007,0
4399025,7972,0
4400503,17439,1
4400503,9986,0
4400503,9020,0
4400503,14819,0
4400503,10011,0
4400531,15742,1
4400531,13622,0
4400531,6708,0
4400531,4250,0
4400531,25258,0
4400822,15403,1
4400822,445,0
4400822,18815,0
4400822,18402,0
4400822,20875,0
4401131,2616,1
4401131,4870,0
4401131,15452,0
4401131,24044,0
4401131,8576,0
4402951,2814,1
4402951,27613,0
4402951,13766,0
4402951,9568,0
4402951,26958,0
4403007,19607,1
4403007,8936,0
4403007,25971,0
4403007,22674,0
4403007,9718,0
4404982,20599,1
4404982,12361,0
4404982,17769,0
4404982,27145,0
4404982,24071,0
4405655,5367,1
4405655,4028,0
4405655,5310,0
4405655,15070,0
4405655,765,0
4405662,18102,1
4405662,3647,0
4405662,22287,0
4405662,19843,0
4405662,18636,0
4406061,18156,1
4406061,26322,0
4406061,10640,0
4406061,21890,0
4406061,27225,0
4406299,16893,1
4406299,1435,0
4406299,24955,0
4406299,15587,0
4406299,27705,0
4406411,14959,1
4406411,21401,0
4406411,5813,0
4406411,18429,0
4406411,13628,0
4407203,2447,1
4407203,25012,0
4407203,11822,0
4407203,10426,0
4407203,17196,0
4407684,7327,1
4407684,22205,0
4407684,18984,0
4407684,13888,0
4407684,1513,0
4409457,5843,1
4409457,6454,0
4409457,708,0
4409457,788,0
4409457,109,0
4410393,13988,1
4410393,3101,0
4410393,12208,0
4410393,3397,0
4410393,21695,0
4410886,25835,1
4410886,18991,0
4410886,23305,0
4410886,11115,0
4410886,27456,0
4411347,18940,1
4411347,17584,0
4411347,17911,0
4411347,27430,0
4411347,10062,0
4412769,5367,1
4412769,8918,0
4412769,2015,0
4412769,22963,0
4412769,23393,0
4414704,14558,1
4414704,23545,0
4414704,25105,0
4414704,15331,0
4414704,5209,0
4416779,17319,1
4416779,6721,0
4416779,17382,0
4416779,14388,0
4416779,23058,0
4416907,19504,1
4416907,8631,0
4416907,21344,0
4416907,2569,0
4416907,898,0
4417123,8469,1
4417123,12212,0
4417123,17542,0
4417123,21383,0
4417123,13749,0
4417485,7963,1
4417485,13922,0
4417485,10291,0
4417485,5932,0
4417485,22364,0
4422356,20398,1
4422356,6980,0
4422356,25743,0
4422356,18657,0
4422356,9049,0
4422374,7546,1
4422374,5278,0
4422374,7818,0
4422374,3342,0
4422374,556,0
4422664,10395,1
4422664,20327,0
4422664,11878,0
4422664,26301,0
4422664,22502,0
4423638,2942,1
4423638,13091,0
4423638,27549,0
4423638,18846,0
4423638,10902,0
4423846,15742,1
4423846,15740,0
4423846,10011,0
4423846,17471,0
4423846,20921,0
4424080,18953,1
4424080,9825,0
4424080,15428,0
4424080,7903,0
4424080,15178,0
4424274,15501,1
4424274,20220,0
4424274,7892,0
4424274,22457,0
4424274,23337,0
4425574,22752,1
4425574,4570,0
4425574,12074,0
4425574,6869,0
4425574,2318,0
4426082,9133,1
4426082,8287,0
4426082,26448,0
4426082,10243,0
4426082,19238,0
4427021,15598,1
4427021,9070,0
4427021,21625,0
4427021,5302,0
4427021,26228,0
4427056,7018,1
4427056,2583,0
4427056,15124,0
4427056,23863,0
4427056,8477,0
4427448,18156,1
4427448,21223,0
4427448,10431,0
4427448,21089,0
4427448,6186,0
4428192,18156,1
4428192,390,0
4428192,8248,0
4428192,9742,0
4428192,1085,0
4428522,2447,1
4428522,7146,0
4428522,18403,0
4428522,17311,0
4428522,22517,0
4429629,18695,1
4429629,6225,0
4429629,15173,0
4429629,24197,0
4429629,21737,0
4429803,8622,1
4429803,15446,0
4429803,2506,0
4429803,13660,0
4429803,6374,0
4430094,15501,1
4430094,593,0
4430094,23613,0
4430094,10047,0
4430094,9197,0
4430701,15084,1
4430701,4607,0
4430701,24372,0
4430701,15714,0
4430701,14760,0
4430886,1640,1
4430886,19460,0
4430886,18806,0
4430886,21959,0
4430886,19663,0
4431067,22752,1
4431067,3883,0
4431067,25538,0
4431067,12039,0
4431067,15806,0
4431527,18156,1
4431527,22974,0
4431527,2015,0
4431527,23393,0
4431527,25589,0
4432505,17089,1
4432505,6817,0
4432505,14813,0
4432505,16909,0
4432505,9301,0
4432827,9184,1
4432827,9301,0
4432827,6235,0
4432827,14891,0
4432827,26172,0
4433555,637,1
4433555,27482,0
4433555,17938,0
4433555,83,0
4433555,5223,0
4434228,25405,1
4434228,8876,0
4434228,65,0
4434228,8356,0
4434228,17811,0
4434789,25405,1
4434789,15905,0
4434789,65,0
4434789,4154,0
4434789,18596,0
4436687,3874,1
4436687,8766,0
4436687,7231,0
4436687,14790,0
4436687,25324,0
4436897,13622,1
4436897,11307,0
4436897,10238,0
4436897,13759,0
4436897,20929,0
4436911,7107,1
4436911,10043,0
4436911,20406,0
4436911,19551,0
4436911,21179,0
4437596,4028,1
4437596,15777,0
4437596,27225,0
4437596,8469,0
4437596,12556,0
4437815,4830,1
4437815,1829,0
4437815,26429,0
4437815,16451,0
4437815,24829,0
4438767,18156,1
4438767,27225,0
4438767,20457,0
4438767,18523,0
4438767,11352,0
4439750,8622,1
4439750,22974,0
4439750,27199,0
4439750,2873,0
4439750,8918,0
4439994,21630,1
4439994,5141,0
4439994,4281,0
4439994,18236,0
4439994,22135,0
